user_id,date,distance_km,duration_sec,avg_hr
3905196,2015-12-07,16.24,4707,134.38
3905196,2015-10-31,7.65,2079,149.182
854368,2015-11-01,20.78,6564,164.94
854368,2015-10-13,12.74,4162,152.56
854368,2015-10-06,14.57,4867,151.55
854368,2015-09-26,12.8,4207,153.334
854368,2015-09-22,15.0,5022,150.6
854368,2015-09-19,11.7,3844,155.3
854368,2015-06-05,15.12,4936,154.832
854368,2015-05-30,17.78,6080,152.252
854368,2015-05-19,9.34,3202,149.198
854368,2015-05-16,16.79,5733,151.13
854368,2015-02-28,17.73,5926,151.376
854368,2015-02-14,22.63,7549,151.096
854368,2015-02-10,10.56,3639,151.608
854368,2015-02-08,15.21,4445,166.004
4419649,2014-12-12,10.63,3286,160.528
4419649,2014-10-03,8.38,2372,165.072
4419649,2014-08-31,7.61,2402,153.202
4419649,2014-08-30,12.93,4236,160.83
4419649,2014-07-28,7.71,2486,155.358
8467445,2015-10-18,6.63,2413,136.732
8467445,2015-10-16,6.56,2358,136.52
8467445,2015-10-11,6.52,2391,138.63
8467445,2015-08-27,3.52,1590,112.18
732008,2015-04-04,21.58,10586,143.346
6361870,2014-04-13,10.34,3079,171.858
6361870,2014-04-11,10.27,3386,156.054
6361870,2014-04-01,10.18,3286,149.95
6361870,2014-03-23,10.28,3308,154.58
6361870,2014-03-16,10.16,3304,159.462
6361870,2014-02-24,10.29,2978,170.956
6361870,2014-02-09,10.16,3256,164.522
6361870,2014-02-08,9.32,3256,155.636
6361870,2014-01-05,10.18,3660,142.468
6361870,2014-01-01,10.32,3152,167.622
6361870,2013-12-31,10.23,3424,157.124
6361870,2013-12-26,10.31,3436,160.336
6361870,2013-12-22,11.84,4359,147.382
6361870,2013-12-15,10.23,3449,160.05
6361870,2013-11-30,10.26,3407,150.868
6361870,2013-11-17,10.1,3207,155.314
6361870,2013-11-09,12.14,4070,151.814
6361870,2013-10-20,10.19,3219,160.362
6361870,2013-10-16,10.26,3176,161.31
6361870,2013-10-13,21.44,6992,166.952
885462,2015-06-08,13.02,3629,153.978
885462,2015-04-20,3.05,901,145.962
885462,2015-04-20,3.85,885,162.902
885462,2015-04-14,2.52,842,146.704
885462,2015-04-14,7.63,1706,170.66
885462,2015-04-14,4.56,1271,156.964
885462,2015-04-10,4.07,1233,142.948
885462,2015-04-08,3.97,1269,139.722
885462,2015-04-07,4.3,1340,145.4
885462,2015-04-05,16.99,4234,101.924
885462,2015-04-02,10.23,2700,156.426
885462,2015-04-02,1.92,567,148.124
885462,2015-03-28,2.0,605,146.406
885462,2015-03-28,21.84,5648,157.916
885462,2015-03-27,3.84,1202,143.166
885462,2015-03-25,3.89,1209,145.11
885462,2015-03-21,2.08,612,140.542
885462,2015-03-21,18.8,5133,148.696
885462,2015-03-17,8.97,2399,154.838
885462,2015-03-17,2.28,679,140.366
885462,2015-03-13,3.64,1170,144.808
885462,2015-03-11,9.79,2705,156.044
885462,2015-03-08,2.07,605,153.866
885462,2015-03-07,22.37,5874,160.174
885462,2015-03-06,4.02,1213,153.738
885462,2015-03-05,10.24,2816,152.034
885462,2015-03-04,4.18,1188,149.222
885462,2015-03-01,2.01,607,152.004
885462,2015-02-27,3.93,1246,143.574
885462,2015-02-24,4.3,1258,150.598
885462,2015-02-24,7.75,2195,146.76
885462,2015-02-22,2.31,671,151.85
885462,2015-02-18,4.09,1207,149.17
885462,2015-02-13,4.09,1203,152.66
885462,2015-02-11,10.17,2781,155.008
885462,2015-02-11,4.58,1446,141.824
885462,2015-02-09,2.16,610,151.238
885462,2015-02-09,15.31,3916,157.874
885462,2015-02-08,10.47,2923,147.452
885462,2015-02-06,12.56,3300,157.624
885462,2015-02-06,2.07,611,140.892
885462,2015-02-04,8.99,2400,153.35
885462,2015-02-04,2.01,605,139.02
885462,2015-02-02,2.3,674,142.914
885462,2015-02-02,15.0,3607,163.488
885462,2015-02-01,10.26,2796,151.904
885462,2015-01-30,11.35,3000,154.588
885462,2015-01-30,2.05,611,139.826
885462,2015-01-29,9.91,2727,149.748
885462,2015-01-27,9.3,2400,155.17
885462,2015-01-27,2.14,609,143.526
885462,2015-01-26,2.08,634,142.894
885462,2015-01-26,9.0,2332,156.78
885462,2015-01-22,10.46,2700,159.964
885462,2015-01-22,2.29,666,143.778
885462,2015-01-22,9.26,2619,147.75
885462,2015-01-21,9.27,2408,156.986
885462,2015-01-21,2.26,649,132.914
885462,2015-01-18,2.17,603,146.038
885462,2015-01-18,10.28,2784,153.79
885462,2015-01-16,9.15,2400,160.658
885462,2015-01-15,6.36,1986,143.248
885462,2015-01-14,9.18,2400,161.748
885462,2015-01-14,2.09,603,146.412
885462,2015-01-11,9.79,2796,146.028
885462,2015-01-09,7.82,2100,157.574
885462,2015-01-09,2.04,613,133.456
885462,2015-01-06,8.79,2400,159.192
885462,2015-01-02,6.75,1800,156.138
885462,2015-01-02,2.1,603,143.274
885462,2015-01-01,7.09,1914,153.63
885462,2014-12-31,8.83,2400,156.978
885462,2014-12-29,17.67,4550,156.55
885462,2014-12-27,7.24,1805,160.562
885462,2014-12-27,2.08,601,141.456
885462,2014-12-26,3.1,902,145.8
885462,2014-12-25,7.42,1803,161.028
885462,2014-12-24,3.3,926,155.788
885462,2014-12-22,17.45,4692,147.73
885462,2014-12-21,6.96,1802,147.01
885462,2014-12-21,2.27,657,131.29
885462,2014-12-19,3.27,925,146.42
885462,2014-12-18,6.66,1842,140.126
885462,2014-12-17,2.95,902,149.608
885462,2014-12-15,16.11,4470,151.67
885462,2014-12-14,9.47,2766,145.132
885462,2014-12-12,3.06,902,151.374
885462,2014-12-10,2.93,876,148.442
885462,2014-12-10,4.62,1404,138.248
885462,2014-12-08,16.47,4593,143.938
885462,2014-12-07,4.01,1198,146.918
885462,2014-12-05,4.42,1314,145.146
885462,2014-12-04,9.77,2706,154.526
885462,2014-12-03,3.16,903,157.652
885462,2014-11-04,6.5,1803,153.276
885462,2014-10-31,7.6,2100,158.208
885462,2014-10-31,1.89,604,139.722
885462,2014-10-27,10.72,2703,160.746
13693003,2015-12-30,16.18,4676,153.648
13693003,2015-12-26,7.2,2033,149.166
13693003,2015-12-18,19.67,5706,153.306
13693003,2015-12-14,8.09,2136,164.992
13693003,2015-12-08,21.26,6018,157.15
13693003,2015-11-17,17.68,5272,149.618
13693003,2015-11-07,11.93,3395,152.962
13693003,2015-11-02,8.06,2031,164.002
13693003,2015-10-16,21.06,6268,145.888
13693003,2015-10-08,6.08,1905,179.858
13693003,2015-10-04,7.94,2068,162.124
13693003,2015-09-26,9.08,2541,159.618
13693003,2015-09-17,18.55,5597,140.1
13693003,2015-09-07,11.73,3436,141.8
13693003,2015-08-16,20.46,5840,154.154
13693003,2015-08-13,8.44,2376,149.64
13693003,2015-08-06,21.94,6376,150.476
13693003,2015-07-23,14.63,4075,147.974
13693003,2015-07-09,23.49,6876,144.72
13693003,2015-07-03,16.15,5017,140.976
13693003,2015-06-19,22.61,6737,140.488
13693003,2015-06-13,23.36,7214,147.544
13693003,2015-06-04,21.1,6106,158.684
13693003,2015-05-29,12.05,3351,150.248
5325166,2015-06-11,43.61,6263,129.796
5325166,2014-05-20,7.4,3296,152.44
5325166,2014-05-06,5.09,2333,137.214
5325166,2014-04-15,7.27,3140,146.044
5325166,2014-04-05,8.57,4074,138.14
5325166,2014-04-01,7.54,3664,144.918
5325166,2014-03-25,6.47,3376,139.956
5325166,2013-10-28,5.12,2318,141.328
5325166,2013-10-16,7.74,3018,155.506
5325166,2013-09-03,5.07,2207,140.646
5325166,2013-05-04,6.51,2709,138.302
5325166,2013-04-21,10.76,3523,172.134
5325166,2013-03-21,9.25,3751,139.404
5325166,2013-03-17,7.13,3127,135.782
5325166,2013-03-11,15.32,6290,141.726
5325166,2013-02-25,10.24,3269,168.554
5325166,2013-02-18,18.41,6319,163.576
5325166,2013-02-14,7.13,2657,145.184
5325166,2013-01-16,10.42,4052,143.272
5325166,2013-01-14,15.28,6168,143.59
5325166,2012-12-31,8.79,2883,168.226
5325166,2012-12-27,10.27,3361,173.374
5325166,2012-11-28,8.33,3253,151.906
5325166,2012-11-19,9.89,3271,169.022
5325166,2012-10-01,15.28,5170,170.058
5325166,2012-08-27,8.23,3274,139.026
5325166,2012-07-29,10.24,3819,145.22
5325166,2012-07-16,9.34,3819,156.198
10057948,2015-07-16,6.37,2585,134.702
10057948,2015-04-15,5.15,2203,146.48
3060590,2015-12-30,17.95,5207,144.384
3060590,2015-12-29,18.05,5044,146.952
3060590,2015-12-27,27.86,7720,153.914
3060590,2015-12-26,18.0,5365,152.034
3060590,2015-12-25,17.9,4899,149.582
3060590,2015-12-24,17.92,5196,143.198
3060590,2015-12-23,17.91,5300,146.852
3060590,2015-12-20,25.96,6921,156.088
3060590,2015-12-19,18.01,5319,143.844
3060590,2015-12-17,17.88,5208,147.624
3060590,2015-12-15,18.0,5312,151.48
3060590,2015-12-13,20.92,5702,155.862
3060590,2015-12-12,17.99,5238,144.776
3060590,2015-12-10,18.15,5176,147.11
3060590,2015-12-09,17.9,5298,145.58
3060590,2015-12-08,17.56,5445,144.878
3060590,2015-12-06,25.89,7420,152.4
3060590,2015-12-06,18.06,5412,142.332
3060590,2015-11-29,7.95,2392,153.672
3060590,2015-11-29,1.98,632,155.598
3060590,2015-11-29,20.96,5502,164.634
3060590,2015-11-22,2.99,968,149.556
3060590,2015-11-22,20.82,5547,160.124
3060590,2015-11-20,15.88,4613,152.11
3060590,2015-11-18,15.93,4977,155.312
3060590,2015-11-17,15.91,4714,147.604
3060590,2015-11-15,20.99,5711,160.412
3060590,2015-11-11,15.93,4787,153.534
3060590,2015-11-07,11.95,3682,140.056
3060590,2015-11-04,15.85,4681,148.786
3060590,2015-10-30,15.91,4578,154.126
3060590,2015-10-29,17.16,5271,150.648
3060590,2015-10-28,16.48,4993,148.352
3060590,2015-10-27,12.3,3949,143.04
3060590,2015-10-25,21.04,5506,169.676
3060590,2015-10-23,15.86,4729,154.324
3060590,2015-10-22,15.93,4582,155.802
3060590,2015-10-21,15.94,4743,152.75
3060590,2015-10-18,20.96,5629,163.632
3060590,2015-10-17,12.13,3869,147.246
3060590,2015-10-16,15.94,4803,156.372
3060590,2015-10-12,5.94,1923,140.042
3060590,2015-10-10,15.88,4572,157.596
3060590,2015-10-08,15.93,4661,151.392
3060590,2015-10-07,16.03,4600,155.424
3060590,2015-09-26,16.03,4660,159.568
3060590,2015-09-23,15.9,4803,151.408
3060590,2015-09-19,15.95,4485,161.002
3060590,2015-09-18,11.92,3570,151.53
3060590,2015-09-16,15.82,4585,156.93
3060590,2015-09-13,21.08,6030,158.898
3060590,2015-04-12,9.69,2472,160.544
3060590,2015-04-09,12.0,3539,144.584
3060590,2015-03-21,16.06,4683,154.506
14066832,2015-04-15,5.21,3615,95.362
6539051,2015-05-28,10.29,4219,140.984
6539051,2015-05-25,8.97,3849,140.912
2104631,2015-12-31,7.91,2873,140.468
2104631,2015-12-30,12.62,4516,147.098
2104631,2015-12-28,12.6,4664,144.78
2104631,2015-12-27,10.24,3597,144.896
2104631,2015-12-26,5.63,2102,141.824
2104631,2015-12-25,10.41,3450,153.23
2104631,2015-12-21,5.61,2093,135.876
2104631,2015-12-18,10.43,3610,146.952
2104631,2015-12-16,10.25,3600,146.38
2104631,2015-12-15,5.55,2079,149.004
2104631,2015-12-14,10.3,3716,145.768
2104631,2015-12-13,10.3,3640,147.826
2104631,2015-12-09,10.21,3509,147.89
2104631,2015-12-06,10.46,3607,150.498
2104631,2015-12-02,10.34,3531,153.178
2104631,2015-11-28,10.36,3535,152.316
2104631,2015-11-24,10.24,3619,148.62
2104631,2015-11-22,10.04,3574,147.794
2104631,2015-11-20,10.24,3688,150.336
2104631,2015-11-19,8.01,2735,155.632
2104631,2015-11-17,7.99,2894,148.982
2104631,2015-10-29,7.99,3106,145.962
2104631,2015-09-10,12.35,4834,143.552
2104631,2015-09-06,21.14,7800,147.36
2104631,2015-08-12,10.39,4177,141.29
2104631,2015-08-10,15.28,6095,142.024
2104631,2015-08-08,7.82,3129,136.358
2104631,2015-08-06,12.32,4955,146.734
2104631,2015-07-22,7.31,2789,147.614
2104631,2015-06-09,10.34,3874,138.954
2104631,2015-06-04,11.27,4149,150.482
2104631,2015-05-24,16.01,5968,145.494
2104631,2015-05-22,11.29,4244,142.062
2104631,2015-05-11,15.21,5822,140.63
2104631,2015-05-03,15.29,5828,141.868
2104631,2015-04-29,12.42,4781,143.44
2104631,2015-04-22,11.35,4372,141.914
2104631,2015-04-20,8.9,3257,145.462
2104631,2015-04-07,8.88,3362,141.286
2104631,2015-03-31,10.24,3837,140.704
2104631,2015-03-25,10.0,3624,148.896
2104631,2015-03-15,10.32,3478,149.474
2104631,2015-03-14,10.85,3972,144.044
2104631,2015-03-12,10.4,3911,145.274
2104631,2015-03-08,15.15,5323,150.95
2104631,2015-03-04,9.87,3862,142.152
2104631,2015-03-01,15.09,5397,149.412
2104631,2015-02-22,16.01,5689,147.76
2104631,2015-02-20,9.08,3263,146.504
2104631,2015-02-16,10.89,4040,141.374
2104631,2015-02-15,15.56,5645,152.418
2104631,2015-02-12,10.87,4097,155.708
2104631,2015-02-11,12.05,4504,143.154
2104631,2015-02-08,10.88,4107,145.278
2104631,2015-02-05,12.29,4289,149.03
2104631,2015-01-12,8.73,3506,131.842
2104631,2015-01-11,10.55,4059,142.324
2104631,2014-11-29,13.34,5149,141.746
2104631,2014-10-29,8.98,3448,133.752
2104631,2014-10-24,7.71,3047,140.804
2104631,2014-09-30,6.21,2611,142.16
2104631,2014-08-29,8.62,3445,148.116
2104631,2014-08-15,10.0,3969,138.276
2104631,2014-07-08,7.74,3160,138.896
2104631,2014-07-04,11.68,4267,152.388
2104631,2014-07-02,8.84,3396,151.97
2104631,2014-06-29,11.0,4420,138.87
2104631,2014-06-27,10.03,3996,147.69
2104631,2014-06-21,10.98,4513,141.572
2104631,2014-05-19,9.98,4183,139.876
2104631,2014-05-16,10.0,4256,137.07
2104631,2014-04-26,10.01,4205,142.602
2104631,2014-04-23,10.01,4234,143.74
2104631,2014-04-07,10.11,4292,139.276
2104631,2014-03-31,9.99,4296,139.282
2104631,2014-03-20,10.08,4318,144.284
2104631,2013-12-06,9.9,4622,134.206
2104631,2013-12-03,15.34,7123,139.046
2104631,2013-11-23,9.72,4515,135.156
982359,2015-10-20,11.53,4455,149.068
982359,2015-08-13,10.44,3859,149.114
982359,2015-03-01,7.66,2666,156.332
982359,2014-07-03,2.92,988,157.904
982359,2014-06-17,4.72,1615,147.982
982359,2014-04-23,5.25,1832,152.632
982359,2013-08-09,3.14,1157,157.448
982359,2013-08-04,6.17,2117,164.554
982359,2013-07-31,5.83,1936,163.788
1543833,2015-09-24,12.66,4941,162.316
1543833,2015-09-20,11.83,4672,157.35
1543833,2015-09-06,18.89,7702,154.664
1543833,2015-08-30,14.39,5676,162.85
1543833,2015-08-23,12.59,5080,158.992
1543833,2015-08-16,11.34,4499,155.146
1543833,2015-01-02,10.67,4203,160.824
1543833,2014-12-02,12.07,4613,154.426
1543833,2014-11-20,10.44,4113,155.334
1543833,2014-08-28,11.0,4362,152.982
1543833,2014-08-24,10.01,3851,156.518
1543833,2014-05-20,15.66,5988,147.65
1543833,2014-05-06,15.22,5829,147.276
1543833,2014-05-02,13.02,5272,157.934
1543833,2014-04-23,15.98,5908,157.26
1543833,2014-04-16,10.19,3735,158.444
1543833,2014-04-15,10.12,3762,162.876
1543833,2014-03-27,10.55,3878,156.216
1543833,2014-03-24,16.07,6085,162.116
1543833,2014-03-18,12.54,4676,153.802
1543833,2014-03-07,10.54,3930,158.834
1543833,2014-02-28,10.53,3786,158.85
1543833,2014-02-13,12.51,4577,156.63
1543833,2014-02-11,10.57,3713,156.802
1543833,2014-02-07,10.46,3812,159.77
1543833,2014-02-04,12.7,4651,161.14
1543833,2014-01-26,20.77,7490,161.168
1543833,2014-01-20,10.5,4001,155.77
1543833,2014-01-14,10.47,3929,157.468
1543833,2011-12-07,8.26,2857,162.75
1543833,2011-12-06,8.53,2856,164.154
1543833,2011-12-02,10.15,3453,158.898
1543833,2011-11-30,8.54,2847,168.886
1543833,2011-11-18,8.52,2862,167.36
1543833,2011-11-14,8.55,2890,162.518
1543833,2011-11-09,8.55,2967,165.096
1543833,2011-10-19,8.51,2831,160.768
1543833,2011-10-13,10.13,3596,162.056
1543833,2011-10-09,8.51,2843,159.974
1543833,2011-10-07,10.1,3524,157.946
1543833,2011-10-05,10.5,3596,155.802
1543833,2011-10-03,8.53,2981,155.822
1543833,2011-10-02,13.1,4720,154.376
1543833,2011-09-23,10.65,3591,163.408
1543833,2011-09-14,8.5,2968,168.76
1655221,2015-12-13,9.88,2764,184.356
1655221,2015-12-10,11.12,3960,144.346
1655221,2015-11-10,8.96,3018,142.02
1655221,2015-10-30,8.11,2982,139.872
1655221,2015-10-28,8.01,2920,141.586
1655221,2015-10-22,6.04,2093,139.86
1655221,2015-10-16,6.01,2137,138.928
1655221,2015-10-08,9.85,3526,139.302
1655221,2015-10-05,14.78,5243,139.756
1655221,2015-10-01,12.01,4400,136.274
1655221,2015-09-28,13.56,4847,136.654
1655221,2015-09-24,9.64,3630,140.774
1655221,2015-09-09,6.03,2382,132.002
1655221,2015-08-07,6.2,2215,135.734
1655221,2015-08-03,4.0,1128,172.65
1655221,2015-08-01,12.18,4351,139.054
1655221,2015-07-30,7.14,2708,133.182
1655221,2015-07-18,23.43,8780,130.94
1655221,2015-07-18,3.88,1425,143.456
1655221,2015-07-16,5.98,2189,142.974
1655221,2015-07-15,10.18,3416,144.42
1655221,2015-07-09,8.22,2922,135.896
1655221,2015-07-07,8.98,3825,127.322
1655221,2015-06-25,9.6,3601,132.418
1655221,2015-06-17,15.33,5494,135.224
1655221,2015-06-15,13.0,4863,137.974
1655221,2015-06-09,5.85,2137,136.844
1655221,2015-06-03,7.99,2921,134.866
1655221,2015-05-31,5.51,1550,177.942
1655221,2015-05-11,18.03,6973,133.646
1655221,2015-05-07,8.08,2861,136.332
1655221,2015-05-04,5.03,1453,164.376
1655221,2015-05-03,14.58,4894,142.258
1655221,2015-04-30,8.31,3182,137.078
1655221,2015-04-25,13.84,4831,144.558
1655221,2015-04-19,42.33,14106,160.606
1655221,2015-04-15,14.08,5263,133.148
1655221,2015-04-13,5.02,1526,164.516
1655221,2015-04-11,35.31,13647,134.356
1655221,2015-04-08,12.07,4147,139.22
1655221,2015-04-03,8.06,2876,139.124
1655221,2015-03-30,25.02,9449,132.582
1655221,2015-03-30,7.34,3030,119.968
1655221,2015-03-29,8.73,3168,134.844
1655221,2015-03-27,12.09,4044,140.232
1655221,2015-03-25,9.25,3337,138.182
1655221,2015-03-24,6.02,2212,135.704
1655221,2015-03-22,21.07,5998,182.25
1655221,2015-03-20,8.14,2874,137.776
1655221,2015-03-19,6.05,2239,147.598
1655221,2015-03-06,6.06,2228,139.916
1655221,2015-03-03,8.03,3108,136.292
1655221,2014-11-26,5.29,1944,139.684
1655221,2014-11-23,14.24,5357,129.586
1655221,2014-11-21,6.2,2430,127.046
1655221,2014-10-31,5.23,1850,137.27
1655221,2014-10-29,11.32,4004,139.168
1655221,2014-10-24,10.36,3757,135.458
1655221,2014-10-12,15.94,6239,129.68
196571,2015-12-28,9.22,2951,162.784
196571,2015-12-22,10.32,4001,149.132
196571,2015-12-20,8.22,3063,149.196
196571,2015-11-01,11.82,4450,142.496
196571,2015-10-27,8.56,2715,152.586
196571,2015-07-22,6.87,2515,138.39
196571,2015-07-15,8.5,3010,136.578
196571,2015-05-31,10.45,4149,141.05
196571,2015-05-15,9.45,3393,137.452
196571,2015-05-10,10.43,3575,144.468
196571,2015-03-18,10.31,3569,144.178
196571,2015-02-08,11.64,4271,138.326
196571,2015-02-02,10.33,3894,137.282
196571,2015-01-13,8.52,2954,147.166
196571,2014-12-28,9.24,2862,160.23
196571,2014-12-06,9.46,3651,149.064
196571,2014-11-29,10.28,3862,142.264
196571,2014-10-26,8.69,3312,147.772
196571,2014-09-08,9.63,3607,134.55
196571,2014-08-17,8.44,3251,139.452
196571,2014-08-17,8.49,3116,136.204
196571,2014-08-12,8.07,2871,159.944
196571,2014-07-22,10.74,3885,146.378
196571,2014-06-16,10.41,3997,137.222
196571,2014-05-11,9.12,3426,142.738
196571,2014-04-23,8.44,3122,142.584
6194859,2015-12-06,10.41,3252,126.364
6194859,2015-02-12,19.06,5761,122.488
4752000,2015-12-06,15.12,5723,138.086
4752000,2015-12-03,9.88,3501,149.754
4752000,2015-11-25,9.91,3603,146.88
4752000,2015-11-24,9.9,3631,149.988
4752000,2015-10-31,21.31,8430,160.124
4752000,2015-10-09,9.97,3581,149.28
4752000,2015-10-07,10.01,3732,140.102
4752000,2015-10-04,21.2,7873,142.274
4752000,2015-09-20,43.3,15753,151.506
4752000,2015-09-12,21.17,7501,153.096
4752000,2015-09-10,9.86,3578,150.834
4752000,2015-09-02,13.74,5412,129.35
4752000,2015-08-29,10.09,3405,151.042
4752000,2015-08-25,9.86,3480,154.23
4752000,2015-08-22,21.32,7513,156.288
12726303,2015-11-14,22.59,6607,158.318
12726303,2015-11-08,9.92,2497,180.758
12726303,2015-08-30,9.95,2609,174.27
12726303,2015-08-13,14.94,4054,156.418
12726303,2015-08-11,23.24,6555,164.134
12726303,2015-08-06,15.18,4312,167.884
12726303,2015-08-03,21.16,6103,153.642
12726303,2015-07-23,17.96,5046,159.922
12726303,2015-07-18,13.98,4086,149.552
12726303,2015-07-16,9.99,2725,167.232
12726303,2015-06-02,14.98,4175,158.96
12726303,2015-05-21,13.05,3549,151.846
12726303,2015-05-19,26.23,7248,151.898
12726303,2015-04-28,18.05,4894,162.136
12726303,2015-04-26,10.01,2944,156.606
12726303,2015-04-16,10.09,2916,160.132
12726303,2015-04-02,10.01,2846,153.782
12726303,2015-03-19,9.98,2867,158.354
12726303,2015-03-17,17.01,4832,162.988
12726303,2015-03-10,15.25,4244,160.298
12726303,2015-03-06,9.97,2930,156.86
12726303,2015-03-04,14.98,4103,169.58
12726303,2015-02-21,9.97,2845,160.546
12726303,2015-02-12,17.05,5089,153.286
12726303,2015-02-10,10.01,3081,149.934
12726303,2015-02-01,9.98,2864,156.512
12726303,2015-01-21,10.65,3188,154.77
7470676,2015-12-19,9.99,3567,129.026
7470676,2015-12-07,22.13,7815,137.244
7470676,2015-11-16,22.33,7982,141.116
7470676,2015-11-09,17.04,6195,132.424
7470676,2015-11-04,9.01,3296,138.602
7470676,2015-10-12,10.14,3361,135.81
7470676,2015-10-11,16.3,5674,129.586
7470676,2015-10-04,30.34,10672,127.004
7470676,2015-09-26,26.05,8756,140.634
7470676,2015-09-25,22.3,7866,130.252
7470676,2015-09-17,28.07,9221,137.004
7470676,2015-09-15,19.06,6255,136.272
7470676,2015-09-07,15.05,5177,127.676
7470676,2015-09-04,10.09,3234,141.866
56291,2015-12-06,10.11,2963,158.784
56291,2015-11-20,11.45,3703,142.638
56291,2015-11-18,2.74,936,135.362
56291,2015-11-18,6.3,1922,144.986
56291,2015-11-11,2.71,932,144.884
56291,2015-11-11,3.04,1009,125.89
56291,2015-11-04,3.02,981,135.344
56291,2015-10-11,21.35,5742,157.59
56291,2015-10-07,3.01,992,135.984
56291,2015-10-04,13.27,3565,161.534
56291,2015-09-19,10.13,2677,156.848
56291,2015-09-13,21.51,6069,154.844
56291,2015-09-09,2.16,763,131.042
56291,2015-09-06,10.53,3752,132.716
56291,2015-08-28,5.2,1435,158.428
56291,2015-08-28,5.19,1680,132.432
56291,2015-08-26,2.33,758,139.672
56291,2015-08-12,2.06,741,139.546
56291,2015-08-11,2.01,607,145.48
56291,2015-08-06,2.02,632,153.886
56291,2015-08-04,1.64,512,134.318
56291,2015-07-24,4.04,1320,147.194
56291,2015-03-27,5.64,1801,136.658
56291,2015-03-22,1.51,522,138.798
56291,2015-03-04,3.02,998,139.426
56291,2015-03-04,4.43,1446,145.184
56291,2015-02-28,2.56,902,136.092
56291,2015-02-28,2.15,601,156.488
56291,2015-02-27,3.04,1039,135.18
56291,2015-02-27,3.08,1120,127.86
56291,2015-02-25,3.08,1111,132.646
56291,2015-02-19,5.36,1733,145.278
56291,2015-01-28,4.66,1467,146.08
56291,2015-01-28,3.22,1159,132.25
56291,2015-01-21,3.06,1016,147.672
56291,2015-01-14,3.01,898,152.24
56291,2015-01-14,3.05,1074,123.618
56291,2015-01-11,1.36,511,138.768
56291,2014-12-14,1.58,595,115.34
56291,2014-12-07,15.1,4334,162.814
56291,2014-11-08,2.27,772,131.512
56291,2014-11-08,2.4,865,151.812
56291,2014-11-01,2.0,728,132.564
56291,2014-10-15,10.86,3384,146.092
56291,2014-10-10,10.7,3372,136.228
407769,2015-07-23,6.96,2646,159.0
407769,2015-07-13,6.99,2561,152.904
407769,2015-06-03,7.48,2950,165.958
3559941,2015-12-09,11.41,3768,137.558
3559941,2015-11-15,4.93,1384,155.124
3559941,2015-11-02,21.21,5947,160.276
3559941,2015-11-02,1.78,556,149.096
3559941,2015-10-31,4.95,1330,153.138
3559941,2015-10-27,16.63,5155,148.138
3559941,2015-10-20,16.21,5161,144.702
3559941,2015-10-09,5.13,1701,155.536
3559941,2015-10-07,13.95,4684,139.16
3559941,2015-09-22,11.23,3531,142.298
3559941,2015-09-15,12.24,4103,137.164
3559941,2015-09-08,4.99,1261,157.478
3559941,2015-09-04,4.99,1299,155.604
3559941,2015-09-01,11.38,3535,142.684
3559941,2015-08-30,5.14,1530,150.022
3559941,2015-08-27,5.04,1302,169.39
3559941,2015-07-28,17.49,5797,132.292
3559941,2015-07-22,17.3,5547,136.972
3559941,2015-07-15,7.22,2397,132.784
3559941,2015-07-01,14.23,4185,141.352
3559941,2015-06-05,5.01,1473,145.91
3559941,2015-06-04,4.01,978,164.508
3559941,2015-05-31,10.0,3085,137.89
3559941,2015-05-26,22.6,7596,137.626
3559941,2015-05-18,11.13,3848,128.468
3559941,2015-05-16,21.62,6653,141.498
3559941,2015-05-11,2.61,869,132.066
3559941,2015-05-10,9.98,2807,158.76
3559941,2015-05-09,4.95,1344,150.864
3559941,2015-05-03,14.99,4836,142.188
3559941,2015-04-26,18.96,6275,135.81
3559941,2015-04-19,29.94,9396,144.41
3559941,2015-04-17,4.99,1451,139.638
3559941,2015-04-14,9.91,2561,157.83
3559941,2015-04-13,11.76,3857,137.368
3559941,2015-04-10,10.16,2744,151.866
3559941,2015-04-03,16.28,5138,142.926
3559941,2015-03-29,21.28,6690,135.218
3559941,2015-03-25,11.48,3874,130.098
3559941,2015-03-23,21.22,5795,156.544
3559941,2015-03-22,2.8,816,141.428
3559941,2015-03-11,5.92,1606,155.818
3559941,2015-03-06,16.22,5391,141.602
3559941,2015-03-04,18.84,6607,134.966
3559941,2015-02-21,5.01,1269,158.78
3559941,2015-02-19,5.08,1333,153.088
3559941,2015-02-11,20.16,6348,136.166
3559941,2015-02-10,8.81,2751,143.17
3559941,2015-01-30,11.7,4173,129.08
3559941,2015-01-28,21.36,6956,142.066
3559941,2015-01-23,10.98,3509,140.914
3559941,2014-12-21,10.0,3198,145.24
3559941,2014-12-14,8.62,2900,141.96
3559941,2014-12-07,11.3,3305,153.92
3559941,2014-11-24,10.17,3148,161.916
3559941,2014-10-05,1.79,552,135.682
11258873,2014-02-20,20.52,6261,145.776
11258873,2014-02-16,21.02,6483,145.336
11258873,2014-02-14,15.81,5034,139.68
11258873,2014-02-11,20.84,6350,146.824
11258873,2014-02-10,23.41,7007,147.38
11258873,2014-02-08,14.4,4197,150.698
11258873,2014-02-06,16.54,5728,133.512
11258873,2014-02-05,15.22,4583,145.0
11258873,2014-02-04,15.52,4904,145.166
11258873,2014-02-02,10.21,2470,171.2
11258873,2014-02-01,11.53,3549,143.978
11258873,2014-01-31,15.28,4466,153.008
11258873,2014-01-29,15.5,5409,136.39
11258873,2014-01-28,15.36,4617,150.95
11258873,2014-01-18,15.58,4744,149.082
11258873,2014-01-17,20.35,5778,157.888
11258873,2014-01-15,11.27,2922,161.566
11258873,2014-01-09,20.35,6190,144.686
11258873,2014-01-08,15.31,4867,144.476
11258873,2014-01-04,15.44,4608,152.638
11258873,2013-12-29,20.41,6111,150.444
11258873,2013-12-28,10.34,2678,167.676
11258873,2013-12-24,17.95,5415,153.328
11258873,2013-12-19,16.02,5307,143.572
11258873,2013-12-17,11.19,2934,164.336
11258873,2013-12-16,20.24,6323,148.89
90592,2015-12-31,15.37,4564,150.236
90592,2015-12-27,20.85,7862,128.456
90592,2015-12-24,10.26,3741,129.824
90592,2015-12-17,24.71,8590,132.852
90592,2015-12-15,11.33,3921,133.576
90592,2015-12-12,30.57,11294,132.344
90592,2015-09-26,23.37,8337,127.926
90592,2015-08-29,13.02,4062,139.254
90592,2015-08-17,25.56,7968,137.216
90592,2015-07-15,12.68,4699,128.412
90592,2015-07-05,29.55,10262,134.326
90592,2015-06-21,23.24,8165,123.916
90592,2015-06-20,31.39,10237,131.546
90592,2015-05-31,29.94,10165,126.924
90592,2015-05-17,42.74,12729,146.174
90592,2015-05-01,42.45,12559,142.288
90592,2015-04-27,16.37,4767,141.974
90592,2015-04-16,15.09,4807,134.026
90592,2015-04-05,20.37,6353,139.856
90592,2015-03-24,16.5,4995,145.96
90592,2015-02-22,33.64,11393,136.33
90592,2015-02-20,15.72,5016,135.248
90592,2015-02-16,31.25,10447,128.978
90592,2015-02-09,21.63,7575,127.266
90592,2015-01-25,33.02,11233,133.61
90592,2015-01-22,15.26,4609,143.702
5255745,2015-06-25,11.99,3295,156.096
5255745,2014-11-17,8.0,2030,162.448
13165320,2015-12-09,16.47,4896,129.272
13165320,2015-12-06,14.9,4372,136.094
13165320,2015-12-05,15.66,4329,148.628
13165320,2015-11-27,16.45,4464,143.942
13165320,2015-11-26,10.14,2895,137.29
13165320,2015-11-24,13.68,3637,151.65
13165320,2015-11-23,27.06,8086,136.284
13165320,2015-11-18,10.62,2809,141.034
13165320,2015-11-10,15.07,4025,147.764
13165320,2015-11-03,10.76,2880,143.412
13165320,2015-10-31,12.97,3635,140.98
13165320,2015-10-25,20.95,4901,164.492
13165320,2015-10-20,16.02,4381,142.712
13165320,2015-10-18,10.08,2127,167.894
13165320,2015-10-11,17.77,4405,147.53
13165320,2015-10-07,14.49,4084,137.486
13165320,2015-10-06,16.1,4157,150.24
13165320,2015-10-05,16.39,4426,137.074
13165320,2015-09-30,14.71,4019,141.046
13165320,2015-09-27,31.29,9201,132.952
13165320,2015-09-23,15.84,4573,138.214
13165320,2015-09-20,21.09,5160,165.688
13165320,2015-09-11,10.71,3058,136.988
13165320,2015-09-09,13.43,3531,149.748
13165320,2015-09-07,12.13,3306,133.81
13165320,2015-08-30,9.99,2219,166.954
13165320,2015-08-24,23.12,6759,133.91
13165320,2015-07-30,9.87,2208,123.242
13165320,2015-07-29,14.5,4098,141.764
13165320,2015-07-09,12.1,3632,134.844
13165320,2015-07-07,11.99,3942,142.842
13165320,2015-07-02,12.19,3249,148.314
13165320,2015-07-01,10.3,3073,130.508
13165320,2015-06-29,12.07,3277,142.036
13165320,2015-06-21,19.02,5390,133.846
13165320,2015-06-18,11.88,3188,142.746
13165320,2015-06-02,10.32,3038,142.986
13165320,2015-05-18,22.92,6530,135.178
13165320,2015-05-17,12.47,3104,155.062
13165320,2015-05-15,19.7,5749,132.626
13165320,2015-05-09,12.36,3226,152.04
13165320,2015-05-07,10.54,2673,149.818
13165320,2015-05-04,14.48,4097,137.558
13165320,2015-04-29,14.58,4223,138.12
13165320,2015-04-26,9.88,2227,172.936
13165320,2015-04-13,16.7,5050,138.268
13165320,2015-04-07,16.01,4500,137.006
13165320,2015-03-23,11.5,3281,133.032
13165320,2015-03-22,15.43,4156,142.946
13165320,2015-03-19,12.36,3534,127.652
13165320,2015-03-09,28.6,7850,133.512
13165320,2015-03-07,10.97,3192,132.342
13165320,2015-03-06,11.27,2949,149.428
13165320,2015-03-04,15.04,4079,141.552
13165320,2015-03-01,12.8,3522,142.802
13165320,2015-02-20,16.85,4240,124.078
13165320,2015-02-19,16.84,4112,128.66
13165320,2015-02-15,26.65,7460,141.476
13165320,2015-02-06,13.25,3672,136.912
13165320,2015-02-05,14.82,4351,129.582
13165320,2015-01-28,15.02,4294,131.238
13165320,2015-01-19,23.68,6894,126.152
13165320,2015-01-16,14.98,4521,132.496
13165320,2015-01-15,15.06,4310,138.782
13165320,2015-01-05,22.24,6067,144.852
13165320,2015-01-03,16.79,4606,142.682
13165320,2014-12-26,13.4,3794,138.194
13165320,2014-12-11,19.06,5386,138.634
13165320,2014-12-08,14.7,4263,138.066
13165320,2014-12-05,15.56,4376,139.74
13165320,2014-11-27,15.86,4437,140.904
13165320,2014-11-13,14.72,3932,141.744
13165320,2014-10-30,20.76,6658,142.026
13165320,2014-10-19,10.09,2130,167.334
13165320,2014-10-13,11.44,3203,135.548
13165320,2014-10-10,14.99,4120,136.858
13165320,2014-10-06,11.99,3027,154.056
13165320,2014-09-27,14.64,3964,139.782
13165320,2014-09-25,11.76,3191,138.186
13165320,2014-09-21,21.33,4967,167.226
13165320,2014-09-05,27.75,4741,108.052
13165320,2014-09-04,11.95,3334,142.144
13165320,2014-08-23,11.62,2942,149.062
13165320,2014-08-21,9.79,2718,142.478
13165320,2014-08-19,15.1,4009,147.38
13165320,2014-08-18,14.38,4083,139.864
13165320,2014-08-12,14.68,3974,147.624
13165320,2014-08-08,28.74,5478,128.08
13165320,2014-07-23,20.55,14286,79.264
2232554,2012-04-22,10.11,3163,188.618
2232554,2011-11-09,9.02,2612,177.556
2232554,2011-10-19,9.21,3122,156.84
2232554,2011-09-28,12.16,4238,163.762
2232554,2011-09-18,11.99,3347,179.57
2232554,2011-08-07,9.37,2647,186.154
2232554,2011-06-20,25.36,8544,175.058
2232554,2011-06-06,18.1,6398,161.326
1066105,2015-03-08,33.41,11532,148.974
1066105,2014-07-06,14.57,5832,145.84
1066105,2014-06-15,13.77,4769,151.092
1066105,2014-03-16,17.93,5908,144.594
1066105,2014-03-15,14.79,3896,162.028
1066105,2014-03-08,14.13,4322,158.008
1066105,2014-02-26,12.91,3699,162.108
1066105,2014-02-14,9.28,2585,163.138
1066105,2014-02-08,10.15,2761,162.954
1066105,2014-02-07,10.14,2806,164.462
1066105,2013-09-20,12.07,3529,161.008
1066105,2013-07-19,11.73,3315,158.596
1066105,2013-06-23,11.44,3318,160.286
6828710,2015-12-27,14.35,4688,140.14
6828710,2015-12-24,13.76,3979,146.596
6828710,2015-12-20,20.89,5468,160.894
6828710,2015-12-16,13.07,3731,143.694
6828710,2015-12-16,12.67,3789,145.544
6828710,2015-12-13,9.9,2736,164.196
6828710,2015-12-10,12.91,3743,148.92
6828710,2015-12-08,18.07,6222,138.338
6828710,2015-11-21,13.09,3605,151.276
6828710,2015-11-15,19.26,5894,147.174
6828710,2015-11-14,13.81,3905,150.27
6828710,2015-11-13,11.98,3669,157.938
6828710,2015-11-06,12.37,4001,148.012
6828710,2015-10-27,8.86,2710,149.448
6828710,2015-10-25,16.38,5142,146.788
6828710,2015-05-31,9.76,2426,171.11
6828710,2015-05-31,1.71,682,123.948
6828710,2015-05-17,4.77,1146,167.882
6828710,2015-03-15,40.4,12730,157.252
6828710,2015-02-15,21.39,5362,163.024
6828710,2015-02-08,10.11,2372,167.122
229190,2015-08-18,12.32,3601,148.59
229190,2015-08-13,11.23,3529,155.0
229190,2015-08-06,12.19,3603,146.252
229190,2015-05-07,12.07,3376,160.608
14244423,2015-06-25,12.91,3815,133.514
14244423,2015-06-22,12.97,3754,137.684
14244423,2015-03-17,13.64,3678,143.322
14244423,2015-02-05,12.12,3236,161.072
14244423,2015-02-01,12.44,3238,166.434
14244423,2014-07-30,18.43,5025,138.354
14244423,2014-07-23,10.58,3180,126.274
14244423,2014-07-11,11.4,3596,137.202
14244423,2014-07-09,12.01,3643,132.71
14244423,2014-07-02,16.02,4482,140.132
14244423,2014-06-18,10.09,2884,142.094
14244423,2014-05-06,10.73,2399,162.796
14244423,2014-03-29,12.8,3617,135.648
14244423,2014-03-19,11.45,2852,169.008
14244423,2014-03-09,19.56,6299,128.684
14244423,2014-03-01,12.96,3133,167.138
14244423,2014-02-19,10.91,2881,163.438
14244423,2014-02-05,12.24,3513,144.248
14244423,2014-02-04,7.68,2320,147.126
14244423,2014-01-21,11.11,2982,141.16
14244423,2014-01-09,10.14,2420,166.55
4433918,2014-07-17,1.86,1026,123.148
4433918,2014-04-22,4.82,2165,143.79
6873187,2015-12-31,7.97,2284,163.992
6873187,2015-12-24,7.99,2449,152.752
6873187,2015-12-10,8.04,2479,152.854
6873187,2015-11-22,20.87,6268,166.776
6873187,2015-10-28,9.01,3142,141.818
6873187,2015-10-15,9.99,3219,153.61
6873187,2015-10-08,10.99,3495,158.884
6873187,2015-10-06,10.12,3560,152.148
6873187,2015-09-28,24.45,8041,151.488
6873187,2015-09-22,7.39,2706,138.182
6873187,2015-08-01,19.07,7370,138.668
6873187,2015-05-26,7.99,3196,141.73
6873187,2015-04-19,25.93,11760,140.266
6873187,2015-04-18,17.83,7562,143.528
6873187,2015-04-15,8.0,3139,142.874
6873187,2015-04-08,8.01,3275,142.684
6873187,2015-04-03,7.5,2969,142.266
6873187,2015-04-02,10.05,4163,142.402
6873187,2015-03-18,12.01,4630,141.426
6873187,2015-03-16,6.99,2655,142.808
6873187,2015-03-13,10.0,4040,141.408
6873187,2015-03-05,7.99,3053,142.782
6873187,2015-03-04,10.01,3859,142.832
6873187,2015-02-19,8.01,3220,143.05
6873187,2015-02-06,12.23,4481,147.504
6873187,2015-01-25,25.78,9686,147.468
6873187,2015-01-21,6.04,2721,115.016
6873187,2015-01-09,11.26,4107,151.148
6873187,2015-01-01,12.24,4288,150.964
6873187,2014-12-28,35.72,13864,146.826
6873187,2014-12-24,6.55,2619,143.326
6873187,2014-12-11,7.06,2932,139.774
6873187,2014-12-07,21.1,7991,156.196
6873187,2014-12-04,8.13,3255,142.742
6873187,2014-11-29,31.14,11715,159.89
6873187,2014-10-27,8.01,3194,139.492
6873187,2014-10-21,8.03,3316,141.37
260784,2015-12-29,11.77,3643,146.718
260784,2015-12-25,11.49,3823,147.0
260784,2015-11-24,10.8,3343,149.0
260784,2015-11-13,12.41,3674,149.302
260784,2015-11-06,9.58,2878,148.044
260784,2015-10-13,10.07,3011,156.592
260784,2015-10-10,11.79,3619,157.376
260784,2015-10-03,10.11,3007,144.968
260784,2015-09-30,13.29,3781,156.472
260784,2015-08-24,9.18,2821,155.254
260784,2015-07-29,10.38,3148,148.976
260784,2015-06-21,20.54,6123,155.564
260784,2015-06-06,10.78,3278,157.116
260784,2015-05-31,9.92,2691,160.502
260784,2015-05-23,10.0,2744,153.222
260784,2015-05-17,11.0,3325,146.884
260784,2015-04-14,9.75,2845,141.508
260784,2015-04-10,10.97,3763,140.998
260784,2015-04-07,16.13,4853,142.602
260784,2015-03-21,10.0,2491,168.482
260784,2015-03-17,13.44,3985,142.784
260784,2015-03-14,15.95,4685,153.158
260784,2015-02-28,12.44,3468,163.546
260784,2015-02-21,13.85,3944,154.674
260784,2015-02-10,15.32,4556,148.038
260784,2015-02-07,12.24,3513,155.954
260784,2015-01-31,12.5,3573,156.83
260784,2015-01-16,11.24,3859,142.686
260784,2014-12-27,11.16,3415,152.45
3288898,2015-08-25,9.95,3224,137.464
3288898,2015-08-22,9.82,3043,140.012
3288898,2015-08-19,9.85,3031,144.326
3288898,2015-08-18,9.53,2920,146.876
3288898,2015-08-08,9.81,3236,142.818
3288898,2015-08-07,9.77,3139,142.288
3288898,2015-08-05,9.81,3264,144.782
3288898,2015-08-03,9.65,3106,144.176
3288898,2015-08-01,9.4,2892,148.884
3288898,2015-07-29,9.73,3080,142.232
3288898,2015-07-27,9.5,2888,141.744
3288898,2015-07-21,9.65,2977,147.734
3288898,2015-07-18,9.55,2952,145.896
3288898,2015-07-14,9.47,2830,148.696
3288898,2015-07-08,9.66,2877,148.11
3288898,2015-07-02,9.83,3127,152.19
3288898,2015-06-30,9.87,3086,153.57
3288898,2015-06-27,9.7,2950,150.33
3288898,2015-06-21,9.68,2853,150.606
3288898,2015-06-16,9.45,2963,147.428
3288898,2015-06-13,9.73,2864,149.066
3288898,2015-06-10,9.73,2877,145.678
3288898,2015-06-04,9.97,2951,145.12
3288898,2015-06-01,9.68,2835,144.736
3288898,2015-05-28,9.77,2945,143.342
3288898,2015-05-26,9.68,2857,143.158
3288898,2015-05-24,9.78,2942,147.476
3288898,2015-05-22,9.6,2838,145.352
3288898,2015-05-19,9.99,2932,147.376
3288898,2015-05-17,9.5,2826,145.042
3288898,2015-05-01,9.61,2916,141.718
3288898,2015-04-28,9.82,2887,146.502
3288898,2015-04-23,9.68,2937,145.482
3288898,2015-04-22,9.74,2956,146.132
3288898,2015-04-17,9.76,3071,144.958
3288898,2015-04-12,9.91,3021,143.228
3288898,2015-04-03,9.79,2931,151.342
3288898,2015-03-29,9.86,2908,143.368
3288898,2015-03-27,9.61,2992,144.838
3288898,2015-03-20,9.77,2952,151.382
3288898,2015-03-10,9.6,2902,145.788
3288898,2015-03-03,9.59,3090,144.504
3288898,2015-02-28,8.67,2726,146.22
3288898,2015-02-21,9.56,2999,140.798
3288898,2014-10-14,9.73,3286,141.756
3288898,2014-07-03,9.84,3073,151.14
3288898,2014-05-30,9.7,2844,151.364
3288898,2014-05-26,9.84,3049,145.026
3288898,2014-05-06,9.89,2976,152.93
3288898,2014-05-01,9.67,5364,79.998
3288898,2014-04-16,9.83,3045,144.638
3288898,2014-04-09,9.77,3134,140.058
3288898,2014-04-04,9.87,3087,141.57
3288898,2014-03-31,9.75,3023,149.366
3288898,2014-03-26,10.01,3119,148.78
3288898,2014-03-25,9.85,3201,145.66
3288898,2014-03-21,9.75,3152,150.58
3288898,2014-03-13,9.77,3261,141.118
3288898,2014-03-04,9.76,3137,145.346
3288898,2013-12-12,9.82,5803,83.97
3288898,2013-12-10,9.74,5928,93.034
3288898,2013-11-28,9.79,5595,100.654
3288898,2013-11-27,9.64,5474,100.236
3288898,2013-11-20,9.86,5677,85.2
3288898,2013-11-08,9.72,5486,106.13
2487889,2015-12-28,8.49,3131,145.652
2487889,2015-09-13,10.03,3522,162.29
2487889,2015-08-27,9.71,3334,150.498
2487889,2015-08-23,12.92,4559,145.408
2487889,2015-08-20,8.13,2787,152.746
2487889,2015-08-09,10.02,3282,156.572
2487889,2015-07-04,10.63,3750,143.414
2487889,2015-05-25,9.08,3298,141.604
2487889,2014-12-14,11.08,4094,152.148
2487889,2014-11-15,7.8,2608,147.194
2487889,2014-10-21,8.19,2745,152.306
2487889,2014-10-08,5.6,1846,132.144
5964610,2015-10-13,8.16,3004,155.904
5964610,2015-08-16,20.04,7062,163.274
5964610,2015-07-14,6.1,2417,149.762
5964610,2015-07-12,11.55,3823,177.344
5964610,2015-06-21,10.88,3755,167.134
5964610,2015-03-03,5.19,1727,148.352
5964610,2015-02-13,9.94,3294,161.102
5964610,2015-01-25,42.33,14606,159.728
5964610,2015-01-14,4.97,1684,143.604
5964610,2014-12-27,10.1,4357,130.548
5964610,2014-12-21,41.96,14183,162.936
5964610,2014-12-14,22.04,6809,164.926
5964610,2014-11-29,9.24,3661,141.668
5964610,2014-11-24,12.09,4088,153.716
5964610,2014-11-22,22.14,8631,148.262
5964610,2014-10-23,10.06,3114,172.752
5964610,2014-10-22,9.96,3290,151.324
5964610,2014-10-22,6.03,2031,146.546
5964610,2014-10-20,1.52,518,153.064
5964610,2014-10-20,3.78,1277,144.268
5964610,2014-10-12,7.13,2651,140.976
5964610,2014-09-19,5.06,1679,147.06
2868369,2015-11-22,5.0,1485,164.79
2868369,2015-11-22,2.35,913,147.602
5386323,2015-12-30,27.97,9741,122.918
5386323,2015-12-23,25.05,7768,125.464
5386323,2015-12-16,8.18,2579,127.37
5386323,2015-12-03,15.8,5464,123.636
5386323,2015-11-17,29.13,9409,127.08
5386323,2015-10-28,12.68,3791,134.648
5386323,2015-09-24,15.58,5602,124.384
5386323,2015-05-21,8.47,2283,146.8
5386323,2015-04-28,10.35,3424,128.576
5386323,2015-04-23,13.15,4559,129.7
5386323,2015-04-23,7.86,2630,123.936
9985340,2015-06-27,8.29,4279,152.826
9985340,2015-05-19,5.85,5771,127.506
9985340,2015-04-23,16.65,6079,150.466
9985340,2015-02-19,10.53,3865,144.508
9985340,2015-01-18,12.54,4601,146.84
9985340,2014-04-27,11.45,2399,137.52
1069797,2015-11-30,21.2,6745,163.002
1069797,2015-10-24,20.83,6267,168.494
1069797,2015-09-21,10.04,3028,147.042
1069797,2015-08-11,13.44,3994,148.39
1069797,2015-03-19,13.64,4060,153.61
1069797,2015-02-21,26.6,9652,139.028
1069797,2015-02-19,8.06,2683,140.902
9275291,2015-12-22,15.23,5699,151.882
9275291,2015-12-13,10.29,3667,149.822
9275291,2015-11-22,20.85,6693,172.198
9275291,2015-11-03,16.42,5994,157.334
9275291,2015-10-25,23.09,8429,151.396
9275291,2015-10-22,10.51,4014,158.452
9275291,2015-10-20,13.49,4743,157.118
9275291,2015-10-12,14.12,5072,152.844
9275291,2015-10-06,12.55,4714,146.512
9275291,2015-10-02,10.13,3853,156.756
7231044,2015-11-16,12.04,3950,155.954
804068,2015-12-31,10.33,3363,146.808
804068,2015-12-28,12.15,3993,156.01
804068,2015-12-11,10.09,3292,148.788
804068,2015-11-26,4.36,1443,136.2
804068,2015-11-18,9.12,3027,138.64
804068,2015-11-03,7.18,2532,139.882
804068,2015-10-27,4.35,1568,139.796
804068,2015-06-13,2.56,855,136.216
804068,2015-06-09,5.69,2095,132.868
804068,2015-06-02,7.7,2408,167.102
804068,2015-04-14,1.99,715,139.506
804068,2015-03-25,5.15,1766,132.87
804068,2015-03-18,5.18,1693,145.528
804068,2015-02-28,7.54,2547,140.1
804068,2015-02-19,10.13,3468,140.884
804068,2015-02-17,8.07,2711,141.568
804068,2015-02-14,10.1,3354,145.334
804068,2015-01-29,2.17,746,135.596
804068,2015-01-26,6.06,2023,160.948
804068,2015-01-06,5.66,1912,138.724
804068,2014-11-29,5.16,1702,149.934
804068,2014-11-01,4.45,1506,158.872
804068,2014-11-01,4.46,1454,154.054
804068,2014-10-07,7.65,2218,156.96
13469928,2015-12-24,12.77,3937,146.63
13469928,2015-12-17,11.23,3591,142.262
13469928,2015-11-04,12.82,3997,143.068
13469928,2015-10-02,12.78,3930,147.136
13469928,2015-09-12,8.52,2819,143.226
13469928,2015-08-25,17.18,5507,141.464
13469928,2015-08-19,8.52,2676,139.254
13469928,2015-08-11,8.67,2840,140.314
13469928,2015-08-08,8.69,2838,139.308
13469928,2015-07-28,8.56,2852,144.64
13469928,2015-06-10,12.99,4194,142.62
13469928,2015-05-20,8.58,2949,143.054
13469928,2015-04-10,8.55,2907,145.512
13469928,2015-01-24,11.23,3538,144.77
13469928,2014-11-03,15.08,4260,154.262
13469928,2014-10-27,11.32,3553,139.768
13469928,2014-09-24,8.62,2495,139.18
1377236,2015-11-30,9.84,2552,171.798
1377236,2015-11-15,10.24,3091,144.72
1377236,2015-09-24,12.17,3505,161.674
1377236,2015-09-22,8.55,2670,142.988
1377236,2015-09-13,13.22,3551,166.566
1377236,2015-09-08,9.57,2701,160.384
1377236,2015-08-25,9.77,2700,179.464
1377236,2015-08-17,9.86,2723,172.888
1377236,2015-08-04,10.27,2965,160.708
1377236,2015-07-20,9.2,2803,154.766
1377236,2015-06-14,10.06,2432,176.27
1377236,2015-06-02,10.47,2996,158.56
1377236,2015-04-26,43.27,11659,172.48
1377236,2015-04-24,5.72,2100,138.906
1377236,2015-04-19,17.36,5546,145.406
1377236,2015-04-12,18.13,5355,155.734
1377236,2015-04-05,29.28,8109,165.416
1377236,2015-03-27,22.04,6047,158.064
1377236,2015-03-22,10.08,2375,181.886
1377236,2015-03-08,21.56,5337,183.002
1377236,2015-03-02,17.17,4800,164.718
1377236,2015-02-19,16.71,4997,158.88
1377236,2015-02-08,10.32,2382,186.98
1377236,2015-02-04,14.96,4214,164.872
1377236,2015-02-02,13.73,3682,171.344
1377236,2015-01-07,13.13,3610,166.756
1377236,2015-01-05,10.71,3142,157.116
1377236,2014-12-26,10.52,3067,159.274
1377236,2014-12-21,12.05,3467,160.152
1377236,2014-12-16,8.39,2696,151.686
1377236,2014-12-12,9.47,2702,156.254
1377236,2014-12-06,12.14,3853,156.344
1377236,2014-12-04,9.98,2687,171.97
1377236,2014-12-02,11.24,3385,158.064
1377236,2014-11-30,10.79,3002,169.836
1377236,2014-11-27,10.9,3072,160.856
1377236,2014-11-16,11.44,3737,134.576
1377236,2014-11-06,9.89,3057,145.648
1377236,2014-10-29,9.98,2712,170.134
1377236,2014-10-19,21.54,5800,184.292
1377236,2014-10-11,12.75,3328,167.406
1377236,2014-10-10,10.43,2999,151.36
1377236,2014-10-07,12.95,3599,158.982
1377236,2014-09-30,8.64,2758,138.12
1377236,2014-09-27,10.02,2368,188.158
1377236,2014-09-19,9.13,2762,145.866
1377236,2014-09-17,10.52,3020,155.116
1377236,2014-09-09,13.13,3599,159.02
1377236,2014-09-06,10.63,3013,157.408
1377236,2014-08-31,11.98,3609,162.526
1377236,2014-08-29,10.03,2699,167.212
1377236,2014-08-26,11.05,3199,168.942
1377236,2014-08-23,10.98,3000,166.294
1377236,2014-08-20,9.83,2740,169.092
1377236,2014-08-14,9.25,2919,158.694
1377236,2014-08-12,8.61,2716,147.232
1377236,2014-08-09,8.15,2614,161.294
1377236,2014-08-05,9.08,2673,170.106
1377236,2014-07-26,8.21,2847,139.684
1377236,2014-05-20,12.78,3890,159.0
1377236,2014-04-18,14.17,3974,162.864
1377236,2014-04-17,17.21,4501,173.188
1377236,2014-04-13,12.36,3492,179.94
1377236,2014-04-06,21.94,5452,176.28
1377236,2014-04-01,24.56,7233,155.016
1377236,2014-03-29,12.47,3424,170.426
1377236,2014-03-23,10.15,2397,181.218
1377236,2014-03-19,12.48,3468,162.93
1377236,2014-03-18,11.31,3528,148.766
1377236,2014-03-15,12.15,3323,165.91
1377236,2014-03-07,12.45,3487,163.794
1377236,2014-03-04,26.55,7898,148.058
1377236,2014-02-28,16.13,4329,172.28
1377236,2014-02-26,11.21,3394,153.492
1377236,2014-02-18,10.75,3339,148.8
1377236,2014-02-04,12.48,3702,161.53
1377236,2014-01-22,8.3,2565,152.052
1377236,2014-01-21,12.88,4244,150.15
1377236,2013-12-26,14.2,4062,174.194
1377236,2013-12-11,17.13,5143,156.976
1377236,2013-05-05,6.85,2297,145.98
1377236,2013-05-04,9.91,2963,170.204
1377236,2013-02-01,10.35,2914,163.526
1377236,2012-12-27,8.69,2289,174.45
1377236,2012-12-13,9.58,2627,164.992
1377236,2012-11-25,10.21,2652,184.954
1377236,2012-10-28,10.38,2690,172.434
1377236,2012-04-01,21.61,5990,187.39
1377236,2012-02-26,10.1,2555,185.104
1377236,2012-02-01,18.28,5455,155.662
1377236,2012-01-09,9.12,2544,172.81
3545637,2012-09-23,9.24,3162,154.392
3545637,2012-08-12,12.2,4360,174.672
1812737,2015-08-16,21.4,5930,161.972
1812737,2015-07-15,8.15,2267,161.384
1812737,2015-03-22,21.87,5678,167.776
1812737,2015-03-08,21.49,6223,155.592
1812737,2015-03-02,21.23,6295,158.604
1812737,2015-02-27,8.62,2614,152.162
1812737,2015-02-08,21.86,5665,169.542
1812737,2014-10-03,9.29,2724,151.386
1812737,2014-10-01,9.08,2623,152.252
1812737,2014-09-02,9.24,2663,147.084
1812737,2014-03-04,9.34,2746,151.436
1812737,2014-03-01,9.43,2718,150.762
1812737,2014-02-22,9.22,2778,159.798
1812737,2014-01-19,24.47,7245,153.09
1812737,2014-01-19,9.25,2783,149.22
1812737,2014-01-11,9.48,2788,153.448
1812737,2014-01-08,8.85,2746,151.97
1812737,2014-01-06,17.6,5436,156.192
1812737,2013-09-07,10.78,2940,149.896
1812737,2013-09-05,9.51,2720,148.442
1812737,2013-08-31,9.34,2699,148.364
1812737,2013-08-26,9.27,2700,147.82
1812737,2013-08-25,24.35,7282,151.928
1812737,2013-08-25,9.44,2703,148.248
1812737,2013-03-29,9.8,2713,146.354
1812737,2013-03-23,13.33,3671,151.346
1812737,2013-03-12,9.37,2711,149.094
1812737,2013-03-05,9.18,2768,152.568
1812737,2013-02-27,9.37,2643,147.238
1812737,2013-02-26,9.21,2769,147.346
1812737,2013-02-20,9.28,2881,147.924
1812737,2013-01-10,8.78,2702,147.174
854633,2015-08-08,4.98,1266,169.12
854633,2015-07-05,8.8,2739,158.422
854633,2015-06-12,4.57,1492,148.462
854633,2015-06-06,1.76,640,130.166
4203888,2015-10-06,12.16,3688,155.176
4203888,2015-08-04,14.42,5060,160.494
4203888,2015-07-27,13.93,4117,155.562
4203888,2015-06-21,21.02,6130,164.058
4203888,2015-05-20,14.06,4366,161.144
4203888,2015-05-18,8.0,2350,156.004
4203888,2015-05-09,10.75,3126,156.988
4203888,2015-04-15,10.95,4206,132.188
4203888,2015-04-01,9.8,2968,152.414
4203888,2014-12-08,10.01,3133,158.19
4203888,2014-11-22,10.42,3492,142.742
4203888,2014-10-15,10.3,3860,139.082
4203888,2014-10-12,9.69,3003,152.442
331586,2015-11-07,1.81,684,138.456
331586,2015-11-07,5.02,1183,172.39
331586,2015-10-23,7.4,2357,146.028
331586,2015-10-19,5.34,1669,148.834
331586,2015-10-15,5.77,1837,149.322
331586,2015-10-13,5.39,1663,147.722
331586,2015-10-12,2.48,732,155.562
331586,2015-10-10,4.78,1151,181.002
331586,2015-10-07,13.31,3871,162.944
331586,2015-10-03,13.38,4435,147.516
331586,2015-10-02,16.78,5874,123.046
331586,2015-09-27,4.58,1578,144.016
331586,2015-09-27,5.09,1173,175.494
331586,2015-09-26,15.85,5316,141.782
331586,2015-09-17,13.02,3596,160.078
331586,2015-09-13,21.23,4993,174.936
331586,2015-09-11,10.02,2771,154.578
331586,2015-09-08,6.17,1780,144.07
331586,2015-09-06,10.0,2219,175.576
331586,2015-09-01,14.41,3799,160.266
331586,2015-08-27,12.89,4300,150.204
331586,2015-08-27,5.85,1814,147.43
331586,2015-08-23,12.14,3409,146.982
331586,2015-08-21,10.75,3055,144.206
331586,2015-08-20,11.06,3179,149.508
331586,2015-08-19,6.16,1798,148.83
331586,2015-08-18,10.18,3044,153.78
331586,2015-08-14,8.47,2496,146.224
331586,2015-08-13,8.42,2440,146.098
331586,2015-08-11,14.98,4391,152.844
331586,2015-08-07,13.07,3642,158.316
331586,2015-07-29,11.64,3202,157.296
331586,2015-07-26,17.32,5834,138.684
331586,2015-07-24,11.76,3390,154.798
331586,2015-07-22,17.6,4867,154.15
331586,2015-06-24,12.01,3383,152.918
331586,2015-06-19,21.32,5339,160.03
331586,2015-06-11,13.44,3777,150.964
331586,2015-06-08,12.99,3900,140.062
331586,2015-06-03,11.55,3502,146.98
331586,2015-05-30,21.24,5971,151.172
331586,2015-05-29,10.78,3221,148.27
331586,2015-05-28,10.3,3106,141.744
331586,2015-05-27,10.93,3564,142.356
331586,2015-05-25,8.97,2650,144.53
331586,2015-05-22,12.53,3496,153.424
331586,2015-05-19,11.11,3194,147.828
331586,2015-05-11,10.01,3283,141.498
331586,2015-05-01,10.08,3224,157.626
331586,2015-05-01,11.82,3927,144.008
331586,2015-04-01,18.51,6766,135.388
331586,2015-03-27,10.09,2918,149.028
331586,2015-03-26,9.05,2504,158.212
331586,2015-03-22,12.08,3841,146.18
331586,2015-03-20,10.99,3223,153.53
331586,2015-03-18,11.73,3646,153.09
331586,2015-03-15,20.27,5689,151.14
331586,2015-03-04,12.9,3611,154.152
331586,2015-02-21,8.9,2388,162.66
331586,2015-02-16,10.04,3006,147.46
331586,2015-02-04,8.5,2538,150.896
331586,2015-01-31,17.11,5291,148.508
331586,2015-01-27,11.33,3631,133.53
331586,2015-01-25,10.63,4294,118.74
331586,2015-01-25,8.15,2400,150.406
331586,2015-01-08,9.91,3404,145.786
331586,2015-01-05,11.04,3571,141.488
331586,2015-01-01,21.05,5824,172.944
331586,2014-12-19,11.25,3697,146.1
331586,2014-12-18,7.63,2098,158.46
331586,2014-12-08,8.61,2554,144.794
331586,2014-12-07,8.75,3158,129.678
331586,2014-12-06,4.68,1524,146.356
331586,2014-11-29,4.34,1427,145.47
331586,2014-11-29,4.95,1146,173.856
331586,2014-11-29,4.12,1270,145.236
331586,2014-11-27,8.75,2208,158.098
331586,2014-11-23,6.65,1956,150.992
331586,2014-11-23,10.56,2945,153.444
331586,2014-11-15,3.26,1116,141.732
331586,2014-11-14,8.79,2451,155.308
331586,2014-11-09,18.65,6941,126.758
331586,2014-11-04,9.0,2514,153.86
331586,2014-11-01,4.28,1220,154.368
331586,2014-10-31,8.9,2824,140.85
331586,2014-10-30,13.86,3709,156.734
331586,2014-10-28,8.2,2147,158.066
331586,2014-10-26,4.54,1266,159.874
331586,2014-10-25,8.53,2402,159.328
331586,2014-10-23,10.83,3105,153.812
331586,2014-10-15,8.36,2404,159.788
331586,2014-10-12,8.21,3255,133.768
331586,2014-10-10,8.14,2165,156.422
331586,2014-10-05,21.08,5057,173.924
331586,2014-10-05,6.15,1788,146.262
331586,2014-10-01,17.47,4776,157.964
331586,2014-09-28,4.96,1402,148.116
331586,2014-09-27,12.27,3671,145.464
331586,2014-09-27,9.99,3160,144.868
331586,2014-09-25,8.28,2419,143.046
331586,2014-09-19,8.23,3532,120.376
331586,2014-09-18,13.74,3704,158.332
331586,2014-09-16,10.99,3489,138.008
331586,2014-09-15,9.82,2356,174.4
331586,2014-09-11,23.56,6072,161.252
331586,2014-09-05,18.41,4762,159.022
331586,2014-09-03,18.19,5021,154.946
331586,2014-08-31,27.79,7992,143.176
331586,2014-08-30,6.07,1757,145.808
331586,2014-08-29,14.07,3562,159.952
331586,2014-08-23,21.87,5830,156.356
331586,2014-08-20,16.56,4811,154.496
331586,2014-08-13,16.09,5521,151.232
331586,2014-08-08,19.58,6270,143.1
331586,2014-08-07,17.28,5865,149.068
331586,2014-08-06,11.29,3501,144.46
331586,2014-07-25,7.87,2665,143.09
331586,2014-07-21,13.49,3557,153.968
331586,2014-07-18,11.74,3983,134.996
331586,2014-07-12,13.44,3818,141.092
331586,2014-07-04,13.36,3695,146.154
331586,2014-06-23,10.1,2641,162.294
331586,2014-06-04,7.72,2115,151.038
331586,2014-06-01,8.89,2526,148.99
331586,2014-05-31,7.7,2345,136.486
331586,2014-05-23,18.2,5369,143.902
331586,2014-05-15,15.6,4169,152.782
331586,2014-05-14,6.22,1718,143.162
331586,2014-05-12,11.67,3657,131.508
331586,2014-05-05,8.66,2356,157.698
331586,2014-05-01,11.73,4186,173.996
331586,2014-05-01,10.37,2940,147.922
331586,2014-04-19,8.53,2349,149.262
331586,2014-04-10,17.15,4830,154.99
331586,2014-04-06,9.79,2719,165.782
331586,2014-04-03,12.59,3329,153.948
331586,2014-03-20,12.6,3721,150.482
331586,2014-03-11,8.07,2689,149.314
331586,2014-01-31,10.41,3191,167.076
331586,2014-01-02,20.98,6544,157.908
331586,2013-12-03,12.32,3568,149.8
331586,2013-11-18,11.12,3085,157.496
331586,2013-11-14,13.57,3875,151.204
331586,2013-11-07,12.23,3755,152.066
331586,2013-10-31,11.24,3485,143.524
331586,2013-10-24,9.89,3005,155.582
331586,2013-10-20,10.65,2623,172.482
331586,2013-10-08,10.14,3003,148.16
331586,2013-10-04,7.5,2469,168.28
331586,2013-09-11,12.09,3687,147.396
331586,2013-09-02,9.69,2408,165.65
331586,2013-08-15,6.32,2224,146.39
331586,2013-07-19,6.92,1871,155.478
331586,2013-07-14,19.93,7335,146.826
331586,2013-05-06,10.49,3602,136.098
9356728,2015-11-04,6.13,1919,132.514
3824420,2013-02-04,10.11,3895,176.404
3824420,2013-01-27,10.19,4137,178.002
3824420,2012-04-03,5.83,2700,149.486
3824420,2012-03-30,5.51,2264,150.204
3824420,2012-03-26,6.3,3026,152.662
3824420,2012-03-22,7.8,3489,170.974
993718,2015-12-30,6.64,1920,144.016
993718,2015-12-23,6.09,1824,137.294
993718,2015-12-14,6.36,1845,143.028
993718,2015-12-10,6.18,1818,142.316
993718,2015-12-09,11.57,3435,147.118
993718,2015-12-07,17.16,5679,145.534
993718,2015-12-04,6.06,1803,144.732
993718,2015-12-01,17.09,5006,141.49
993718,2015-11-27,6.58,1804,147.654
993718,2015-11-26,9.17,2403,150.568
993718,2015-11-23,14.17,4129,139.852
993718,2015-11-17,8.44,2409,139.94
993718,2015-11-14,12.47,3806,138.014
993718,2015-10-31,13.11,4095,137.102
993718,2015-10-29,8.34,2208,150.962
993718,2015-10-27,9.12,2565,148.964
993718,2015-09-27,42.42,11337,149.774
993718,2015-09-22,5.87,1501,151.308
993718,2015-09-19,10.85,2658,148.134
993718,2015-09-09,10.85,2705,149.838
993718,2015-08-31,20.97,4806,164.734
993718,2015-08-29,2.02,524,138.404
993718,2015-08-24,6.97,1891,138.662
993718,2015-08-22,9.09,2170,156.866
993718,2015-08-19,10.46,2429,156.562
993718,2015-08-15,19.61,4924,150.954
993718,2015-08-14,7.78,2031,153.76
993718,2015-08-11,1.99,602,136.188
993718,2015-08-08,22.33,5564,146.642
993718,2015-08-05,7.25,1676,161.118
993718,2015-08-01,9.96,2191,162.96
993718,2015-07-23,17.12,4524,137.576
993718,2015-07-21,7.78,1802,161.132
993718,2015-07-20,7.74,1802,156.092
993718,2015-07-17,9.08,2452,141.292
993718,2015-07-14,10.23,2530,151.908
993718,2015-06-30,8.99,2293,148.832
993718,2015-06-19,17.69,4474,148.3
993718,2015-06-13,12.8,3800,133.922
993718,2015-06-07,20.9,4806,158.268
993718,2015-05-29,14.85,3684,151.35
993718,2015-05-22,10.44,2291,165.73
993718,2015-05-21,20.0,6641,143.736
993718,2015-05-14,21.03,4773,159.524
993718,2015-05-12,7.18,2270,129.918
993718,2015-05-09,22.65,5733,151.636
993718,2015-05-07,15.05,4189,138.47
993718,2015-04-29,10.36,2575,150.824
993718,2015-04-26,7.7,1847,151.4
993718,2015-04-26,10.07,2729,138.618
993718,2015-04-19,7.47,1802,149.768
993718,2015-04-18,22.44,5812,147.76
993718,2015-04-16,14.52,3870,146.682
993718,2015-04-12,10.27,2258,165.034
993718,2015-04-05,5.18,1086,174.73
993718,2015-03-27,19.37,5387,139.474
993718,2015-03-25,11.07,2862,150.014
993718,2015-03-23,7.02,1771,148.04
993718,2015-03-20,12.07,3007,156.232
993718,2015-03-17,11.22,2823,151.708
993718,2015-03-16,10.75,2926,138.806
993718,2015-03-14,12.02,2978,149.208
993718,2015-03-11,10.58,2734,154.86
993718,2015-02-28,11.91,3280,145.602
993718,2015-02-20,10.0,2790,144.152
993718,2015-02-15,18.42,4935,150.964
993718,2015-02-06,9.52,2710,139.128
993718,2015-02-01,13.49,3605,146.124
993718,2014-12-10,4.78,1726,134.616
324779,2014-07-11,10.99,4876,148.072
324779,2014-06-04,10.63,4214,162.708
324779,2014-04-02,10.49,4200,157.086
324779,2014-03-21,42.99,16573,163.556
324779,2014-03-07,9.11,2965,164.334
324779,2014-02-25,9.11,3606,148.98
324779,2014-02-06,9.84,3540,165.976
324779,2014-01-31,9.22,3428,155.026
324779,2014-01-27,20.55,7049,158.198
324779,2014-01-08,16.65,6021,159.022
324779,2014-01-07,8.44,2949,156.382
324779,2014-01-06,14.38,5068,161.024
324779,2014-01-03,23.44,8259,154.766
324779,2013-12-20,26.69,9880,158.538
324779,2013-12-10,10.15,3846,150.03
324779,2013-11-29,8.45,3395,148.812
324779,2013-10-19,20.34,7606,156.49
324779,2013-10-11,8.59,3292,151.64
324779,2013-10-09,9.94,3793,144.578
324779,2013-10-04,9.23,3217,158.642
324779,2013-09-30,8.68,3535,145.054
324779,2013-09-11,7.18,2365,145.348
324779,2013-08-21,8.27,2916,161.898
324779,2013-08-15,8.72,3387,159.406
324779,2013-07-26,19.9,8899,149.06
324779,2013-07-15,10.59,3627,164.02
324779,2013-06-14,8.36,3100,157.906
324779,2013-05-06,9.96,3951,153.536
324779,2013-02-08,18.89,7471,166.482
324779,2013-02-02,20.42,7728,158.24
324779,2013-01-02,8.67,2908,165.39
324779,2012-12-12,9.23,3120,154.836
324779,2012-12-07,21.41,6360,150.608
324779,2012-12-05,15.22,5506,146.972
324779,2012-11-29,10.42,3553,149.516
324779,2012-11-27,9.24,3411,148.928
324779,2012-11-24,30.36,10159,154.524
324779,2012-11-17,15.1,4539,173.956
324779,2012-11-09,9.13,3102,158.428
324779,2012-11-03,30.43,11648,157.59
324779,2012-11-01,10.12,3727,157.548
324779,2012-10-31,8.06,2938,161.534
324779,2012-10-25,14.39,5159,163.362
324779,2012-10-24,10.86,3924,163.73
324779,2012-10-23,7.57,2912,160.83
324779,2012-10-11,8.18,3451,141.228
324779,2012-09-22,23.25,8612,150.378
324779,2012-09-12,14.13,4959,151.038
324779,2012-09-08,19.53,7086,163.322
324779,2012-09-05,10.52,3739,155.326
324779,2012-09-03,8.62,3304,155.176
324779,2012-08-25,6.94,3117,156.858
324779,2012-08-13,9.45,3936,150.356
324779,2012-08-11,16.49,5832,162.384
12615249,2015-11-18,9.96,2954,163.446
775277,2015-12-25,5.02,2095,132.69
775277,2015-10-31,3.28,1042,153.43
775277,2015-10-27,12.17,3929,156.818
775277,2015-09-23,11.26,3888,141.244
775277,2015-09-01,10.28,3498,149.752
775277,2015-08-31,11.48,3943,151.574
775277,2015-08-18,8.04,2461,151.856
775277,2015-08-16,14.08,4661,146.796
775277,2015-07-27,12.59,4076,148.084
775277,2015-07-26,5.07,1805,137.84
775277,2015-07-17,6.24,2129,139.05
775277,2015-07-13,10.53,3539,141.198
775277,2015-07-12,10.15,3403,145.288
775277,2015-07-05,10.51,3616,143.664
775277,2015-06-30,10.08,3411,143.434
775277,2015-06-29,10.06,3530,141.148
775277,2015-06-23,10.02,3324,144.68
775277,2015-06-22,12.13,4160,139.98
775277,2015-06-12,6.11,1974,152.132
775277,2015-05-31,17.67,5987,151.426
775277,2015-05-31,3.95,1854,117.404
775277,2015-05-28,2.16,1057,117.6
775277,2015-05-24,14.05,4676,145.942
775277,2015-05-13,21.48,7138,148.608
775277,2015-04-26,10.09,3286,153.988
775277,2015-04-26,5.37,2256,122.702
775277,2015-04-11,11.11,3731,148.516
775277,2015-04-06,10.04,3133,153.402
775277,2015-04-05,1.43,602,116.328
775277,2015-04-01,15.09,5074,142.874
775277,2015-03-24,14.32,5029,143.234
775277,2015-03-24,2.01,779,121.848
775277,2015-03-15,12.96,4148,153.712
775277,2015-03-15,2.02,714,121.788
775277,2015-03-14,4.98,1552,153.28
775277,2015-03-14,5.16,1844,135.812
775277,2015-03-09,1.79,693,121.27
775277,2015-02-26,1.58,602,123.508
775277,2015-02-20,5.45,2284,134.726
775277,2015-02-15,7.77,2515,157.168
775277,2015-02-14,11.59,3918,154.782
775277,2015-02-07,8.15,3079,140.388
775277,2014-12-25,9.95,3363,150.64
775277,2014-11-16,10.37,3731,146.164
775277,2014-10-23,10.43,4195,139.068
775277,2014-10-14,15.06,5816,146.638
2699896,2013-09-05,30.88,5885,136.036
2699896,2013-09-01,36.79,5069,136.208
2699896,2013-08-22,36.03,4324,141.906
2699896,2013-08-17,43.03,5353,137.318
3700284,2015-12-20,42.48,17780,138.868
3700284,2015-12-16,21.5,8520,146.604
3700284,2015-12-12,10.47,4019,145.714
3700284,2015-12-09,10.09,3868,142.092
3700284,2015-11-28,21.66,9036,141.052
3700284,2015-10-24,9.46,3718,141.862
3700284,2015-09-26,10.38,3936,149.724
3700284,2015-09-05,10.08,3748,157.4
3700284,2015-07-11,10.18,4094,139.446
3700284,2015-06-20,10.09,3488,159.17
3700284,2015-05-23,10.17,3925,146.254
3700284,2015-05-06,10.18,3944,156.458
3700284,2014-12-04,5.96,2615,130.248
3700284,2014-12-02,5.98,2730,135.772
3700284,2014-11-01,6.04,2611,146.192
5407179,2015-12-30,5.42,2275,140.026
5407179,2015-12-24,5.83,2469,136.756
5407179,2015-11-25,6.34,2681,136.592
5407179,2015-11-22,4.77,1946,136.24
5407179,2015-11-09,12.95,5555,141.548
2675116,2014-02-05,12.3,3343,154.72
2675116,2014-01-16,8.24,2467,147.906
2675116,2013-11-30,9.25,2694,146.998
2675116,2013-09-23,4.73,1667,156.978
2675116,2013-09-20,43.0,5026,141.636
2675116,2013-09-08,39.75,4332,147.83
2675116,2013-08-10,21.92,2596,156.648
2675116,2013-07-21,9.45,2931,148.138
2675116,2013-06-10,6.71,1927,159.114
2675116,2013-06-07,24.2,3226,155.084
3691161,2015-04-18,21.33,5484,147.096
3691161,2015-04-18,12.69,3325,151.308
3691161,2015-04-11,18.63,4937,164.138
3691161,2015-04-10,21.47,5786,153.458
3691161,2015-04-08,14.6,3817,147.832
3691161,2015-04-04,14.53,3789,147.058
3691161,2015-02-09,14.03,3667,151.15
3691161,2015-01-28,14.73,4035,133.23
3691161,2015-01-17,21.45,5780,152.308
3691161,2015-01-04,19.93,5326,152.588
3691161,2015-01-03,20.7,5433,156.91
3691161,2014-12-27,21.58,5618,158.202
3691161,2014-12-23,12.19,3197,148.12
3691161,2014-10-18,15.68,4310,137.238
3691161,2014-10-12,22.99,6159,146.758
3691161,2014-10-10,13.15,3404,145.078
3691161,2014-10-07,13.25,3264,157.99
3691161,2014-09-14,21.34,4468,176.514
3691161,2014-05-10,12.82,3375,138.908
3691161,2014-05-01,10.45,2548,147.608
3691161,2014-04-19,11.6,2681,158.844
3691161,2014-04-17,20.03,5107,152.742
3691161,2014-04-02,10.54,2644,150.792
3691161,2014-03-31,11.84,3193,142.97
3691161,2014-03-11,15.17,3844,150.664
3691161,2014-02-03,17.96,4512,158.678
3691161,2014-01-25,21.09,5338,149.256
3691161,2014-01-24,17.2,4403,146.004
3691161,2014-01-15,14.64,4154,135.242
3691161,2013-12-28,16.95,4374,144.858
3691161,2013-12-26,29.24,7533,151.282
68009,2015-12-01,9.25,3625,126.176
68009,2015-11-20,2.02,594,155.954
68009,2015-11-15,4.89,1122,176.284
68009,2015-11-15,4.99,1513,147.786
68009,2015-11-13,1.8,591,155.254
68009,2015-11-06,4.0,1646,131.736
68009,2015-11-06,1.5,504,155.104
68009,2015-10-25,9.25,3320,140.176
68009,2015-10-20,10.78,3542,140.866
68009,2015-10-19,2.07,1105,121.584
68009,2015-10-16,13.28,4229,137.0
68009,2015-10-13,2.41,664,127.678
68009,2015-10-01,9.01,2331,151.856
68009,2015-09-27,11.66,3395,144.302
68009,2015-09-23,10.08,2437,159.648
68009,2015-09-10,13.38,3741,143.956
68009,2015-09-08,7.62,3309,114.12
68009,2015-09-06,21.46,5406,162.214
68009,2015-09-05,4.91,1088,168.756
68009,2015-09-03,21.59,6469,138.888
68009,2015-08-30,23.35,6405,155.246
68009,2015-08-27,13.48,3530,151.086
68009,2015-08-22,20.27,5791,152.582
68009,2015-08-14,8.72,3343,127.222
68009,2015-08-05,9.64,2812,140.246
68009,2015-08-01,1.91,612,141.166
68009,2015-08-01,4.05,1177,102.0
68009,2015-07-27,20.28,5767,139.788
68009,2015-07-24,10.52,3373,143.918
68009,2015-07-23,8.99,2875,121.828
68009,2015-07-22,11.79,3316,145.896
68009,2015-07-12,17.62,5151,141.33
68009,2015-06-30,1.66,595,120.504
68009,2015-06-30,1.7,592,117.804
68009,2015-05-29,4.86,1375,141.066
68009,2015-04-26,22.85,6206,146.332
68009,2015-04-24,11.79,3322,140.938
68009,2015-04-22,14.06,4088,135.528
68009,2015-04-21,13.19,3657,147.836
68009,2015-04-21,1.71,537,136.034
68009,2015-04-18,13.44,4099,131.108
68009,2015-04-15,13.26,3994,142.27
68009,2015-04-14,7.71,1957,157.318
68009,2015-04-07,13.26,4104,134.418
68009,2015-04-06,9.85,3211,138.982
68009,2015-04-01,13.24,4009,140.944
68009,2015-04-01,13.56,4037,133.794
68009,2015-03-31,1.77,568,123.882
68009,2015-03-31,1.72,586,122.972
68009,2015-03-28,17.72,4691,146.826
68009,2015-03-24,4.34,1317,135.53
68009,2015-03-23,3.47,987,126.49
68009,2015-03-11,1.82,549,146.94
68009,2015-03-11,7.02,1700,154.006
68009,2015-03-08,5.21,1328,153.738
68009,2015-03-07,14.15,4395,142.408
68009,2015-03-07,9.77,2817,131.926
68009,2015-03-04,18.23,5675,132.75
68009,2015-03-03,13.75,4131,135.694
68009,2015-02-22,19.28,5566,148.826
68009,2015-02-14,14.61,4776,138.568
68009,2015-01-21,13.29,3406,150.162
68009,2015-01-20,12.52,4410,124.214
68009,2015-01-15,13.1,3477,146.986
68009,2015-01-10,14.47,4391,143.844
68009,2015-01-05,15.86,3907,160.892
68009,2014-12-31,4.95,1101,190.064
68009,2014-12-31,4.86,1312,157.758
68009,2014-12-31,1.84,637,156.684
68009,2014-12-18,12.79,3953,131.722
68009,2014-12-03,6.06,1443,160.516
68009,2014-11-26,7.88,2300,137.422
68009,2014-11-14,1.66,579,124.366
68009,2014-11-09,5.0,1091,184.818
68009,2014-11-04,18.92,7165,124.114
68009,2014-11-02,9.01,2816,136.792
68009,2014-11-01,8.79,2918,131.186
68009,2014-10-28,1.9,685,118.446
68009,2014-10-24,3.22,1357,153.532
68009,2014-10-23,13.45,3411,152.538
68009,2014-10-19,5.36,1614,148.246
68009,2014-10-07,1.66,544,121.238
68009,2014-10-05,7.04,1641,148.91
68009,2014-09-27,21.11,6984,136.67
68009,2014-09-27,8.79,2744,139.758
68009,2014-09-14,21.28,5134,174.826
68009,2014-09-07,9.98,2398,169.522
68009,2014-09-07,2.21,664,132.018
68009,2014-09-01,9.52,2344,157.36
68009,2014-08-27,13.24,3500,149.544
68009,2014-08-26,13.23,3754,142.796
68009,2014-08-24,14.33,3562,154.964
68009,2014-08-23,5.01,1118,167.862
68009,2014-08-19,1.66,538,124.918
68009,2014-08-18,2.01,601,141.838
68009,2014-08-18,4.99,1135,170.598
68009,2014-08-12,1.71,573,116.858
68009,2014-08-10,5.77,2312,105.54
68009,2014-08-09,15.48,4196,144.566
68009,2014-08-08,7.54,2118,135.584
68009,2014-08-07,8.85,2543,133.038
68009,2014-08-04,9.08,2612,134.102
68009,2014-08-01,14.98,3904,154.476
68009,2014-07-28,9.32,2801,138.568
68009,2014-07-17,11.73,3551,153.03
68009,2014-07-15,1.58,511,129.132
68009,2014-07-15,1.64,527,142.388
68009,2014-07-14,9.23,2332,155.34
68009,2014-07-10,3.17,987,144.378
68009,2014-07-10,3.07,721,172.898
68009,2014-07-10,2.29,719,132.578
68009,2014-07-09,5.2,1894,140.118
68009,2014-07-08,1.7,568,131.91
68009,2014-07-08,1.76,567,128.04
68009,2014-07-04,2.98,1033,124.254
68009,2014-07-01,1.66,554,128.074
68009,2014-07-01,1.74,584,122.02
68009,2014-06-28,15.49,3980,154.662
68009,2014-06-23,3.08,712,148.706
68009,2014-06-20,2.38,724,143.706
68009,2014-06-20,5.04,1763,146.41
68009,2014-06-17,1.61,535,132.196
68009,2014-06-17,1.71,587,130.548
68009,2014-06-15,2.42,764,139.304
68009,2014-06-13,5.96,2322,127.712
68009,2014-06-13,1.43,673,105.528
68009,2014-06-03,5.12,2349,143.754
68009,2014-05-31,13.61,3799,147.794
1034368,2015-07-14,11.91,3524,177.73
1034368,2015-03-08,20.69,7321,146.518
1034368,2015-02-08,20.5,6555,158.676
1034368,2014-10-17,12.34,4030,135.36
1034368,2014-09-21,42.77,12907,153.74
1034368,2014-09-17,12.74,3655,157.438
1034368,2014-08-16,11.4,3147,156.636
1034368,2014-08-13,14.51,4244,154.708
1034368,2014-07-30,13.1,4162,142.556
1034368,2014-07-08,12.34,3812,153.288
1034368,2014-04-20,11.43,3040,165.432
1034368,2014-04-16,12.2,3414,162.046
1034368,2014-03-30,21.24,5693,168.966
11258520,2014-11-24,11.66,4212,136.596
11258520,2014-11-15,13.16,4194,141.946
11258520,2014-11-12,13.24,4421,143.59
11258520,2014-11-07,13.74,5136,142.39
11258520,2014-11-03,12.45,4177,140.154
11258520,2014-10-10,13.22,4287,79.174
11258520,2014-10-03,13.18,4242,95.368
11258520,2014-09-27,12.35,4062,146.776
11330346,2015-09-27,42.56,11633,169.574
11330346,2015-09-20,12.15,3714,145.964
11330346,2015-09-06,20.91,5548,172.388
3445572,2014-05-02,9.86,3643,145.298
10099726,2013-05-23,15.55,3276,157.328
1023513,2015-12-26,4.82,1803,156.568
1023513,2015-12-21,8.62,3619,158.392
1023513,2015-11-26,12.98,5529,152.582
1023513,2015-10-25,19.78,7765,163.246
1023513,2015-10-23,4.51,1803,145.488
1023513,2015-10-22,10.97,4327,159.25
1023513,2015-10-15,4.01,1321,173.338
1023513,2015-09-27,20.97,8402,163.972
1023513,2015-09-24,9.41,3675,160.128
1023513,2015-09-22,4.54,1805,151.236
1023513,2015-09-12,3.43,1373,158.91
1023513,2015-09-12,5.55,2426,150.382
1023513,2015-09-04,4.49,1806,151.734
1023513,2015-08-28,7.51,3016,157.318
1023513,2015-08-08,5.1,2104,158.916
1023513,2015-08-06,2.07,722,178.568
1023513,2015-08-04,4.22,1802,159.254
1023513,2015-07-22,4.49,1803,153.676
1023513,2015-07-15,5.02,1864,164.022
1023513,2015-07-11,6.13,2463,157.102
1023513,2015-06-13,6.11,2402,160.376
1023513,2015-06-04,4.51,1805,153.888
1023513,2015-05-26,2.01,830,150.054
1023513,2015-01-20,2.11,718,149.928
1023513,2014-12-29,9.07,3671,155.104
1023513,2014-06-26,8.89,3601,159.648
1023513,2014-04-13,10.64,3723,166.044
1023513,2014-04-06,21.63,8543,170.374
1023513,2014-03-29,11.29,4324,163.498
3655927,2015-09-15,6.04,2008,156.37
3655927,2015-09-04,5.28,1662,154.78
3655927,2015-08-21,10.57,3576,154.348
3655927,2015-06-18,11.74,3859,153.914
3655927,2015-05-06,11.28,3574,163.81
3655927,2015-04-25,9.47,3291,153.42
3655927,2015-04-16,6.77,2278,130.844
3655927,2015-04-10,8.27,2603,144.19
3655927,2015-03-18,10.54,3669,160.058
3655927,2015-03-06,12.49,4624,122.112
3655927,2015-01-11,7.64,2714,133.518
3655927,2014-12-26,8.35,2681,133.17
3655927,2014-11-24,7.98,2598,135.566
3655927,2014-09-05,11.3,3931,120.004
3655927,2014-08-26,14.54,4484,118.342
3655927,2014-08-08,12.66,4566,133.25
3655927,2014-08-06,7.1,2071,115.974
3655927,2014-07-23,10.63,3630,149.508
3655927,2014-06-04,12.41,4308,140.08
3655927,2014-04-18,8.34,2727,148.652
3655927,2014-04-15,13.6,4507,140.262
3655927,2014-04-06,11.03,3450,130.166
3655927,2014-01-22,7.78,2906,143.93
3655927,2014-01-17,10.95,3629,153.07
3655927,2013-08-22,17.87,6414,127.694
3655927,2013-08-19,13.36,4349,147.06
3655927,2013-08-15,12.33,4211,148.03
3655927,2013-08-13,12.88,4341,151.67
3655927,2013-08-03,10.38,3748,142.554
3655927,2013-07-16,10.31,3612,142.346
3655927,2013-05-05,10.34,3376,144.43
3655927,2013-03-26,6.3,1964,128.416
3655927,2013-03-23,13.52,5235,149.716
3655927,2013-03-21,11.52,3662,161.312
3655927,2013-02-19,10.53,3823,157.016
3655927,2012-10-21,8.29,2873,158.252
3655927,2012-08-03,7.36,2705,164.302
3655927,2012-07-20,8.29,2864,145.63
3655927,2012-03-13,7.4,2941,145.992
3655927,2012-03-09,8.49,3378,141.374
11825035,2014-08-16,7.99,2761,143.72
11825035,2014-08-13,16.28,5267,157.626
11825035,2014-08-06,9.98,3215,145.87
11825035,2014-08-04,15.0,5303,141.468
11825035,2014-07-24,8.02,2563,143.522
11825035,2014-06-08,8.0,2565,149.068
221371,2015-12-01,7.99,2013,151.564
221371,2015-10-22,8.47,2531,132.366
221371,2015-09-09,16.09,4984,134.056
221371,2015-09-04,9.98,2652,145.462
221371,2015-08-20,8.19,2299,137.09
8276277,2015-12-07,12.15,3969,154.066
8276277,2015-07-24,6.8,2172,148.704
8276277,2015-07-20,8.36,2536,157.558
8276277,2015-07-13,10.02,3387,143.384
8276277,2015-05-24,11.79,3415,155.074
8276277,2015-05-20,6.92,2029,154.978
8276277,2015-05-16,15.43,5019,138.29
8276277,2015-05-07,15.46,4426,152.878
8276277,2015-05-06,5.67,2476,117.862
8276277,2015-04-21,15.51,4623,146.51
8276277,2015-04-15,12.31,3618,150.534
8276277,2015-03-13,9.98,3005,147.682
8276277,2015-02-26,12.77,3772,156.056
8276277,2015-02-23,15.24,4598,153.612
8276277,2015-02-22,6.74,2068,146.97
9655659,2015-05-23,20.07,6587,162.576
9655659,2015-05-22,15.09,4950,164.166
9655659,2015-04-17,5.57,1975,138.106
9655659,2015-04-14,7.05,2399,142.986
9655659,2015-04-04,30.26,10284,159.274
9655659,2015-03-31,10.01,3276,158.5
9655659,2015-03-28,20.35,6866,156.164
9655659,2015-03-26,16.01,5073,157.864
9655659,2015-03-21,25.04,8369,155.886
9655659,2015-03-14,5.26,1882,147.472
9655659,2015-03-01,21.31,6626,165.258
9655659,2015-02-21,9.94,3404,166.042
9655659,2014-12-23,6.68,2243,152.708
9655659,2014-12-14,20.03,6577,158.936
9655659,2014-11-29,16.13,5204,155.19
9655659,2014-08-19,6.99,2190,149.76
9655659,2014-07-13,3.14,1208,156.26
9655659,2014-07-12,9.15,3239,158.654
9655659,2014-07-10,9.26,3176,166.372
9655659,2014-04-06,15.46,4826,168.408
9655659,2014-04-01,6.96,2472,160.316
1820027,2015-01-08,10.52,3224,159.368
1820027,2014-12-21,10.41,3061,165.974
1820027,2014-12-17,10.02,3185,154.83
1820027,2014-12-14,12.28,3787,165.324
6946869,2015-12-25,12.08,3606,141.754
6946869,2015-12-16,13.73,4414,148.376
6946869,2015-12-15,12.06,3645,140.002
6946869,2015-12-09,12.61,3847,141.188
6946869,2015-12-06,22.12,6063,158.046
6946869,2015-11-29,20.0,5499,159.562
6946869,2015-11-28,16.47,4600,159.63
6946869,2015-11-27,13.02,3746,158.608
6946869,2015-11-25,16.18,4680,157.426
6946869,2015-11-24,10.44,3154,143.996
6946869,2015-11-21,15.08,4324,157.506
6946869,2015-11-17,14.45,4193,151.758
6946869,2015-11-09,18.27,5044,158.86
6946869,2015-10-01,12.13,3765,145.862
6946869,2015-05-12,13.07,3842,138.176
6946869,2014-11-21,11.12,2884,169.156
6946869,2014-10-31,10.0,2911,152.398
6946869,2014-10-28,10.04,2968,142.512
6946869,2014-10-26,21.08,5765,161.95
6946869,2014-10-24,16.99,4559,162.81
6946869,2014-10-21,9.98,2976,144.616
6946869,2014-10-12,21.17,5754,159.644
6946869,2014-10-11,11.77,3263,162.518
6946869,2014-10-09,13.15,3611,166.69
6946869,2014-08-25,12.46,3539,107.458
6946869,2014-08-02,13.02,3600,155.288
6946869,2014-07-31,14.13,3906,158.1
6946869,2014-07-06,16.08,4870,145.204
6946869,2014-06-28,11.99,3578,156.72
6946869,2014-06-13,11.64,3331,142.89
6946869,2014-06-09,13.37,3592,146.246
6946869,2014-06-06,12.03,3418,144.566
6946869,2014-05-26,18.28,4863,156.226
6946869,2014-05-20,12.26,3561,147.86
6946869,2014-05-17,12.23,3515,144.102
6946869,2014-05-08,12.04,3432,147.816
6946869,2014-05-07,8.96,2497,159.954
6946869,2014-04-20,20.13,5701,153.122
6946869,2014-04-18,11.89,3281,153.478
6946869,2014-04-14,18.95,5385,142.098
6946869,2014-04-04,11.03,3273,138.386
6946869,2014-03-30,18.19,5055,157.542
6946869,2014-03-30,12.1,3465,144.41
6946869,2014-03-28,11.13,2929,158.148
6946869,2014-03-27,14.12,4005,143.708
6946869,2014-03-26,12.08,3569,139.826
6946869,2014-03-20,10.82,3117,158.822
6946869,2014-03-18,9.87,2925,139.094
6946869,2014-03-16,22.27,6086,159.654
6946869,2014-03-13,13.05,3904,156.424
6946869,2014-03-11,12.62,3662,139.27
6946869,2014-03-01,9.99,2871,153.456
6946869,2014-02-25,13.15,3605,156.236
6946869,2014-02-21,12.04,3628,143.532
6946869,2014-02-16,12.28,3549,146.504
6946869,2014-02-15,11.38,3622,150.718
6946869,2014-02-11,11.98,3481,145.872
6946869,2014-02-09,19.95,5711,156.108
6946869,2014-02-08,10.69,2825,157.964
6946869,2014-02-07,11.98,3501,147.032
6946869,2014-02-03,16.06,4499,161.26
6946869,2014-01-27,11.59,3416,162.18
6946869,2014-01-16,11.04,3258,148.816
2849785,2015-07-17,10.11,3277,149.502
2849785,2015-07-12,10.35,3993,164.414
2849785,2015-06-21,10.17,3200,162.304
2849785,2015-06-15,10.16,3259,159.198
2849785,2015-06-04,6.48,2370,148.56
2849785,2015-05-08,9.17,2771,165.76
2849785,2015-05-01,9.06,2986,161.656
2849785,2015-03-16,16.17,5915,153.516
2849785,2015-03-15,6.62,2403,149.034
2849785,2015-02-28,8.35,2773,160.934
2849785,2015-02-21,8.6,2730,157.186
2849785,2015-02-12,12.98,4318,163.238
2849785,2015-02-09,15.31,5038,163.598
2849785,2015-01-10,8.12,2690,159.962
2849785,2014-11-22,10.15,3133,152.378
2849785,2014-11-11,8.18,2595,152.464
2849785,2014-09-08,8.98,2848,164.122
2849785,2014-08-29,8.25,2679,156.86
2849785,2014-07-21,10.07,3706,158.3
2849785,2014-07-16,8.12,2515,161.93
2849785,2014-06-05,8.09,2472,158.012
2849785,2013-08-14,7.86,2455,155.434
2849785,2013-07-28,10.59,3007,159.812
2849785,2013-07-26,9.0,2700,158.206
2849785,2013-07-12,8.99,2828,159.724
2849785,2013-06-24,10.12,2954,158.304
2849785,2013-06-08,9.09,2705,167.592
2849785,2013-05-20,13.45,4328,162.532
2849785,2013-04-28,10.12,3240,168.526
2849785,2013-04-05,10.06,3268,171.164
2849785,2013-03-04,10.04,3122,163.786
2849785,2013-01-24,8.16,2613,170.968
2849785,2013-01-22,8.41,2643,165.748
2849785,2012-12-25,10.97,3673,164.236
2849785,2012-12-17,12.59,4135,163.606
2849785,2012-11-18,10.11,3756,160.386
2849785,2012-10-18,7.85,2606,169.082
2849785,2012-10-15,13.76,5018,167.808
2849785,2012-10-07,10.13,3322,173.346
2849785,2012-10-01,12.24,4045,167.136
2849785,2012-09-14,12.24,4177,166.182
2849785,2012-09-06,10.21,3000,170.248
2849785,2012-08-23,10.17,3084,169.318
2849785,2012-07-17,12.21,3941,164.712
2849785,2012-05-05,8.42,2987,161.686
2849785,2012-04-14,10.32,3521,158.788
2849785,2011-11-13,10.04,3238,172.778
2849785,2011-09-28,8.39,2899,161.902
5269471,2014-12-14,24.02,8283,155.564
5269471,2014-12-02,10.56,3085,167.672
5269471,2014-01-25,16.25,4903,160.58
5269471,2014-01-12,15.85,5157,170.434
5269471,2013-12-10,11.65,3662,163.962
5269471,2013-10-13,10.66,3215,182.004
1052460,2013-06-17,20.72,5862,173.318
1052460,2013-05-15,10.22,2325,188.834
3556695,2015-12-27,11.21,5518,141.788
3556695,2015-11-11,22.69,10529,149.092
3556695,2015-10-17,8.59,3768,144.842
3556695,2015-10-11,11.54,4871,146.578
3556695,2015-09-14,10.89,4387,149.262
3556695,2015-08-12,10.79,4534,136.358
3556695,2015-08-02,13.08,5775,147.778
3556695,2015-06-18,10.13,4128,144.556
3556695,2015-06-16,13.76,5945,140.47
3556695,2015-04-26,13.34,6032,146.31
3556695,2015-04-24,17.03,8998,140.68
3556695,2015-04-18,12.54,5309,143.682
3556695,2015-04-16,10.21,4601,145.04
10815918,2015-08-16,15.33,5141,122.802
10815918,2015-06-03,9.5,3351,148.454
10815918,2015-04-20,10.67,3351,142.572
10815918,2015-04-13,17.33,5058,141.022
10815918,2015-01-26,10.01,3161,155.29
10815918,2015-01-22,12.47,3936,146.242
10815918,2015-01-21,10.68,3810,151.192
10815918,2015-01-20,6.49,2159,132.754
10815918,2015-01-16,9.04,2867,153.796
10815918,2014-12-31,10.34,3627,145.768
10815918,2014-12-28,10.67,3393,157.85
10815918,2014-12-26,9.96,3234,129.918
10815918,2014-12-11,6.98,2219,151.038
10815918,2014-12-07,8.07,2589,146.44
10815918,2014-10-20,15.37,4390,150.168
10815918,2014-10-17,8.09,2429,142.058
10815918,2014-10-08,8.75,2626,150.06
10815918,2014-10-05,19.17,5683,134.646
10815918,2014-09-29,9.71,3015,94.072
10815918,2014-09-15,21.22,6767,142.93
10815918,2014-09-03,8.39,3022,141.358
10815918,2014-08-13,6.45,3271,109.324
10815918,2014-08-07,9.91,3153,148.794
10815918,2014-07-09,7.69,2297,157.012
10815918,2014-07-05,10.48,2940,160.486
10815918,2014-06-18,9.94,3706,129.872
10815918,2014-06-09,11.72,3632,162.346
10815918,2014-05-07,10.28,3992,137.722
10815918,2014-04-20,19.15,6910,143.372
10815918,2014-03-14,15.58,5333,143.63
8785331,2015-11-04,6.56,2553,167.368
8785331,2015-10-12,4.95,1990,158.692
8785331,2015-09-21,21.25,10202,159.362
8785331,2015-09-16,6.73,2849,158.5
8785331,2015-04-11,4.84,2013,159.214
8785331,2015-04-03,5.29,2017,165.238
8785331,2015-03-19,6.68,2659,162.518
8785331,2015-02-22,1.76,669,124.892
8785331,2015-02-01,13.88,5446,164.034
3091798,2015-12-13,21.46,5762,168.64
3091798,2015-10-20,8.7,2650,152.086
3091798,2015-10-02,7.15,2385,138.082
3091798,2015-09-27,21.49,6420,166.172
3091798,2015-09-26,6.07,2023,128.66
3091798,2015-09-24,7.09,2500,125.264
3091798,2015-09-06,10.54,3073,155.778
3091798,2015-08-26,20.45,6325,144.438
3091798,2015-08-02,6.78,2133,152.196
3091798,2015-07-31,13.01,5476,155.388
3091798,2015-07-20,12.22,3961,137.136
3091798,2015-07-15,8.15,2752,136.168
3091798,2015-06-28,9.97,2680,174.466
3091798,2015-06-25,10.71,3928,128.508
3091798,2015-06-23,10.15,3583,143.642
3091798,2015-06-16,10.07,3451,134.638
3091798,2015-06-10,10.71,3652,132.468
3091798,2015-06-08,10.07,2812,162.192
3091798,2015-06-06,10.16,2954,155.562
3091798,2015-06-02,10.67,4020,129.64
3091798,2015-05-29,10.24,2910,158.982
3091798,2015-02-12,18.49,5975,146.47
3091798,2015-01-27,11.01,3427,147.218
1616449,2015-05-05,5.57,1757,119.32
1616449,2015-04-07,7.72,2137,125.058
1616449,2015-03-28,8.83,2537,142.088
1616449,2015-03-10,10.82,3302,118.648
1616449,2015-01-13,10.44,3720,122.712
1616449,2014-10-03,8.76,2411,145.7
3324472,2015-12-25,31.34,8613,138.222
3324472,2015-12-24,11.18,2622,152.566
3324472,2015-12-21,10.62,2532,153.414
3324472,2015-12-17,10.57,2495,155.596
3324472,2015-12-13,21.29,4548,161.606
3324472,2015-12-12,6.64,1878,137.664
3324472,2015-12-09,11.99,2495,163.848
3324472,2015-12-05,11.08,2509,152.222
3324472,2015-12-03,10.57,2580,147.922
3324472,2015-11-23,10.25,3800,125.506
3324472,2015-11-22,13.09,3180,153.428
3324472,2015-11-21,11.08,2608,155.0
3324472,2015-11-18,11.13,2539,154.564
3324472,2015-11-16,10.64,2536,149.748
3324472,2015-11-14,11.12,2564,154.31
3324472,2015-11-12,10.63,2510,152.59
3324472,2015-11-08,16.27,3771,153.044
3324472,2015-11-07,11.12,2613,154.312
3324472,2015-11-05,11.05,2684,149.352
3324472,2015-10-31,11.03,2652,151.652
3324472,2015-10-29,10.6,2605,146.988
3324472,2015-10-23,11.16,2548,154.804
3324472,2015-10-22,11.21,2648,150.026
3324472,2015-10-18,16.26,3790,150.044
3324472,2015-10-15,11.07,2664,145.258
3324472,2015-10-12,13.21,3099,151.414
3324472,2015-10-10,10.96,2584,155.674
3324472,2015-10-04,11.16,2546,151.408
3324472,2015-10-02,11.18,2565,152.95
3324472,2015-09-30,10.61,2544,152.168
3324472,2015-09-24,10.92,2680,145.294
3324472,2015-09-21,10.9,2576,153.902
3324472,2015-09-19,9.84,2337,153.374
3324472,2015-09-14,11.17,2737,154.42
3324472,2015-09-11,11.14,2635,157.37
3324472,2015-09-09,11.18,2718,153.822
3324472,2015-09-03,9.81,2458,148.908
3324472,2015-08-31,9.82,2590,157.08
3324472,2015-08-29,9.79,2567,160.008
3324472,2015-08-24,8.44,2118,157.344
3324472,2015-08-04,8.56,2098,154.922
3324472,2015-07-29,8.5,2137,155.862
3324472,2015-07-28,8.63,2157,147.856
3324472,2015-07-10,10.72,2564,152.864
3324472,2015-07-03,11.38,2619,154.65
3324472,2015-07-02,10.54,2531,151.424
3324472,2015-06-28,15.83,3826,157.23
3324472,2015-06-26,11.81,2816,157.57
3324472,2015-06-22,10.75,2640,153.114
3324472,2015-06-17,11.27,2651,153.194
3324472,2015-06-11,9.94,2351,147.464
3324472,2015-06-03,10.76,2662,147.782
3324472,2015-05-28,11.33,2679,157.074
3324472,2015-05-22,11.33,2639,156.578
3324472,2015-05-21,11.85,2722,153.562
3324472,2015-05-17,14.21,3432,155.36
3324472,2015-05-16,11.81,2712,155.38
3324472,2015-05-14,10.89,2574,158.788
3324472,2015-05-10,10.71,2263,162.978
3324472,2015-05-06,11.39,2603,159.434
3324472,2015-05-04,10.93,2594,159.916
3324472,2015-04-25,11.95,2764,150.858
3324472,2015-04-21,18.33,6679,141.542
3324472,2015-04-10,11.37,2752,150.184
3324472,2015-04-09,9.94,2265,154.37
3324472,2015-04-04,11.84,2706,154.376
3324472,2015-04-01,10.69,2563,147.284
3324472,2015-03-27,11.38,2577,156.946
3324472,2015-03-25,11.43,2720,153.116
3324472,2015-03-20,11.45,2657,153.898
3324472,2015-03-14,9.91,2243,152.488
3324472,2015-03-06,11.29,2614,155.942
3324472,2015-02-23,15.54,3640,157.138
3324472,2015-02-21,9.84,2340,154.56
3324472,2015-02-16,11.37,2661,156.56
3324472,2015-02-14,11.32,2835,151.98
3324472,2015-02-12,11.34,2774,153.726
3324472,2015-02-10,9.66,2372,157.11
3324472,2015-02-02,10.74,2528,153.74
3324472,2015-01-15,9.83,2342,149.14
3324472,2015-01-12,7.96,1952,151.988
3324472,2015-01-12,7.72,1884,153.528
3324472,2015-01-10,11.84,2819,152.146
6342136,2015-10-22,8.2,2333,173.17
6342136,2015-10-09,7.09,2132,151.296
6342136,2015-09-27,43.55,11121,172.974
6342136,2015-08-14,18.85,6255,157.666
6342136,2015-08-06,10.08,3115,153.946
6342136,2015-08-01,23.09,7100,155.03
6342136,2015-07-25,29.7,9106,153.976
6342136,2015-07-24,16.67,5070,156.184
6342136,2015-07-16,13.01,4138,150.206
6342136,2015-07-10,14.28,4086,163.912
6342136,2015-07-03,19.0,5911,164.01
6342136,2015-06-29,7.14,2339,146.434
6342136,2015-06-23,13.77,4066,165.256
6342136,2015-06-06,16.51,5080,166.146
6342136,2015-05-24,43.59,12329,170.022
6342136,2015-05-19,7.74,2554,162.174
6342136,2015-05-05,12.69,3771,159.378
6342136,2015-04-16,9.72,2962,163.13
6342136,2015-04-01,11.49,3298,166.186
6342136,2015-03-27,12.5,4097,155.916
6342136,2015-03-21,21.85,6768,157.636
6342136,2015-03-02,7.79,2367,153.216
6342136,2015-01-08,7.98,2430,155.236
6342136,2015-01-01,7.26,2186,156.562
6342136,2014-12-29,17.77,5347,152.432
6342136,2014-11-29,12.95,3980,164.522
6342136,2014-10-26,15.39,4785,166.91
7822006,2015-12-29,11.21,3956,154.64
7822006,2015-12-27,14.76,5573,147.5
7822006,2015-12-26,10.0,3845,152.456
7822006,2015-12-24,10.93,3656,158.11
7822006,2015-12-23,11.64,3894,149.202
7822006,2015-12-18,12.91,4664,155.662
7822006,2015-12-11,10.43,3690,155.04
7822006,2015-12-04,10.38,3761,156.446
7822006,2015-12-02,11.28,3974,157.376
7822006,2015-11-25,6.4,2889,134.558
7822006,2015-11-20,10.95,3973,145.838
7822006,2015-11-19,7.46,2712,147.664
7822006,2015-11-18,10.14,3621,150.714
7822006,2015-11-16,16.55,5733,157.904
7822006,2015-11-11,11.08,4009,162.21
7822006,2015-11-06,10.71,3604,161.43
7822006,2015-10-29,10.21,3907,148.568
7822006,2015-10-26,9.21,3633,155.882
7822006,2015-10-25,11.51,4019,154.006
7822006,2015-10-23,10.48,3603,152.888
7822006,2015-10-21,10.45,3658,155.294
7822006,2015-10-18,15.44,5417,155.258
7822006,2015-10-17,10.18,3652,150.384
7822006,2015-10-16,11.62,4113,150.312
7822006,2015-10-10,7.21,2750,148.804
7822006,2015-09-27,11.01,3603,155.368
7822006,2015-09-25,13.65,4527,156.698
7822006,2015-09-23,10.67,3605,157.478
7822006,2015-09-13,22.47,8669,149.184
7822006,2015-09-11,15.65,5406,157.254
7822006,2015-09-10,7.89,3234,131.74
7822006,2015-09-09,10.96,3736,152.348
7822006,2015-09-06,10.6,3763,153.334
7822006,2015-09-05,8.08,2745,154.488
7822006,2015-09-03,9.76,3644,149.808
7822006,2015-08-29,13.79,4503,156.868
7822006,2015-08-23,28.65,10478,150.408
7822006,2015-08-21,13.36,4544,156.004
7822006,2015-08-19,12.59,4512,155.792
7822006,2015-08-17,12.16,4380,158.284
7822006,2015-08-12,10.6,3733,155.8
7822006,2015-08-08,8.06,2729,150.022
7822006,2015-08-07,11.99,4130,156.928
7822006,2015-08-05,10.22,3729,147.542
7822006,2015-07-28,11.33,3709,152.49
7822006,2015-07-21,11.19,3782,157.96
7822006,2015-07-18,11.65,3918,158.832
7822006,2015-07-12,16.41,6135,147.982
7822006,2015-07-09,11.16,4023,155.758
7822006,2015-07-08,7.44,2700,149.848
7822006,2015-07-05,22.46,9004,149.612
7822006,2015-07-04,10.63,3640,155.862
7822006,2015-06-28,21.08,7903,146.728
7822006,2015-06-07,16.94,6132,152.704
7822006,2015-06-06,10.95,3650,157.92
7822006,2015-06-03,10.39,3769,155.516
7822006,2015-05-30,9.85,3329,156.732
7822006,2015-05-28,12.92,4966,148.762
7822006,2015-05-23,10.9,3820,154.214
7822006,2015-05-19,12.25,4747,148.818
7822006,2015-05-18,10.38,3633,158.83
7822006,2015-05-14,7.77,2908,146.128
7822006,2015-05-13,12.11,4229,157.088
7822006,2015-05-10,15.35,5592,150.048
7822006,2015-05-08,11.63,4339,163.354
7822006,2015-05-04,10.63,3630,159.542
7822006,2015-05-01,12.05,4520,152.674
7822006,2015-04-25,10.66,3725,158.218
7822006,2015-04-24,15.05,5621,153.126
7822006,2015-04-19,10.23,3541,153.054
7822006,2015-04-09,8.74,3697,133.292
7822006,2015-04-05,43.11,14334,162.346
7822006,2015-04-03,8.59,3182,146.99
7822006,2015-03-29,14.11,4721,158.024
7822006,2015-03-27,11.93,4535,140.81
7822006,2015-03-22,15.98,5549,158.69
7822006,2015-03-21,13.13,4581,153.588
7822006,2015-03-18,11.17,3611,156.996
7822006,2015-03-06,13.14,4575,149.172
7822006,2015-03-04,14.03,4796,153.874
7822006,2015-03-02,28.89,10602,155.984
7822006,2015-03-01,11.24,3745,158.858
7822006,2015-02-26,8.45,3055,142.422
7822006,2015-02-25,14.0,4517,156.502
7822006,2015-02-22,16.84,5740,157.666
7822006,2015-02-20,13.69,4808,149.496
7822006,2015-02-18,10.84,3634,151.008
7822006,2015-02-15,11.32,3772,156.416
7822006,2015-02-13,12.93,4391,148.878
7822006,2015-02-11,13.22,4200,158.662
7822006,2015-02-09,23.68,8427,149.426
7822006,2015-02-07,11.32,3853,152.666
7822006,2015-02-06,13.47,4802,153.272
7822006,2015-02-05,7.73,2634,153.188
7822006,2015-02-04,12.02,4285,161.806
7822006,2015-02-01,13.27,4540,151.626
7822006,2015-01-30,14.46,4797,156.064
7822006,2015-01-28,11.39,3704,155.976
7822006,2015-01-24,15.26,4812,148.396
7822006,2015-01-22,11.65,3875,162.15
7822006,2015-01-18,22.26,8486,150.66
7822006,2015-01-15,8.2,2770,145.954
7822006,2015-01-13,11.7,3938,154.782
7822006,2015-01-11,9.57,2996,155.01
7822006,2015-01-09,10.91,3637,152.118
7822006,2015-01-08,10.5,3662,154.354
7822006,2015-01-03,11.71,3732,156.472
7822006,2014-12-31,7.57,2739,141.392
7822006,2014-12-30,10.93,3704,152.962
7822006,2014-12-26,10.81,3629,154.92
7822006,2014-12-24,7.65,2820,142.182
7822006,2014-12-24,11.22,3627,156.17
7822006,2014-12-18,12.57,4298,154.792
7822006,2014-12-16,11.34,3741,157.708
7822006,2014-12-14,16.98,5848,152.106
7822006,2014-12-13,11.46,3942,149.098
7822006,2014-12-12,11.42,3841,156.55
7822006,2014-12-10,9.07,3165,153.148
7822006,2014-11-09,43.06,15687,160.018
7822006,2014-11-01,10.76,3600,155.13
7822006,2014-10-31,15.17,4992,154.364
7822006,2014-10-27,16.0,5400,154.52
7822006,2014-10-24,14.45,4663,161.204
7822006,2014-10-22,12.25,4075,155.19
7822006,2014-10-19,21.65,6538,167.596
7822006,2014-10-17,10.67,4003,137.784
7822006,2014-10-15,7.98,2932,152.812
7822006,2014-10-11,8.34,2755,155.612
7822006,2014-10-10,16.56,5640,154.34
7822006,2014-10-06,28.92,10387,149.954
7822006,2014-09-26,14.37,4718,153.964
7822006,2014-09-24,13.56,4437,152.266
7822006,2014-09-20,14.81,4558,156.738
7822006,2014-09-17,11.35,3754,154.994
7822006,2014-09-13,8.71,3095,149.848
7822006,2014-09-12,13.73,4448,153.4
7822006,2014-09-07,29.44,10182,147.686
7822006,2014-09-06,14.18,4501,156.978
7822006,2014-09-03,14.18,5037,144.47
7822006,2014-08-31,25.51,9452,144.97
7822006,2014-08-30,14.26,4742,154.172
7822006,2014-08-27,11.29,3650,157.866
7822006,2014-08-23,10.89,3642,152.574
7822006,2014-08-19,10.83,3604,153.38
7822006,2014-08-17,17.37,6713,142.336
7822006,2014-08-16,8.12,2738,151.852
7822006,2014-08-14,11.12,3920,156.674
7822006,2014-08-11,20.38,8043,148.086
7822006,2014-08-09,10.21,3798,148.644
7822006,2014-08-06,7.35,2719,139.262
7822006,2014-08-05,11.18,3770,152.256
7822006,2014-08-02,10.51,3642,156.282
7822006,2014-07-31,7.76,2912,141.156
7822006,2014-07-30,11.41,3792,154.628
7822006,2014-07-28,20.43,8071,153.316
7822006,2014-07-26,10.82,3806,159.716
7822006,2014-07-24,13.12,4550,155.282
7822006,2014-07-22,10.39,3759,153.146
7822006,2014-07-13,16.19,7079,136.918
7822006,2014-07-12,10.79,3687,152.996
7822006,2014-07-11,12.41,4209,162.986
7822006,2014-07-09,12.39,4397,161.142
7822006,2014-07-06,18.38,6393,153.988
7822006,2014-07-05,13.49,4778,157.524
7822006,2014-07-02,12.97,4548,158.148
7822006,2014-06-29,12.36,4581,153.784
7822006,2014-06-28,20.62,7624,154.62
7822006,2014-06-25,13.14,4748,156.206
7822006,2014-06-19,10.16,3900,147.986
7822006,2014-06-18,16.66,6038,159.308
7822006,2014-06-12,10.33,3608,155.314
7822006,2014-06-08,21.57,6933,161.972
7822006,2014-05-28,10.44,3639,154.498
7822006,2014-05-25,20.56,7406,162.42
7822006,2014-05-23,11.69,4545,147.58
7822006,2014-05-16,10.33,3918,155.544
7822006,2014-05-09,10.11,3588,165.072
7822006,2014-05-08,10.62,3958,158.426
7822006,2014-05-01,10.26,3760,161.196
7822006,2014-04-30,10.86,3856,159.014
7822006,2014-04-18,12.13,4588,145.834
7822006,2014-04-16,10.34,3523,157.062
3297710,2015-12-30,9.95,2751,146.686
3297710,2015-12-24,10.11,2705,139.404
3297710,2015-12-20,21.08,5033,160.614
3297710,2015-12-17,10.34,2722,138.056
3297710,2015-12-15,6.17,1689,139.626
3297710,2015-12-13,21.17,5028,153.53
3297710,2015-12-11,5.1,1144,154.654
3297710,2015-12-10,6.11,1570,150.65
3297710,2015-12-09,6.31,1481,159.854
3297710,2015-12-05,11.15,2786,151.928
3297710,2015-12-04,6.33,2705,139.476
3297710,2015-12-04,5.34,1226,155.536
3297710,2015-12-03,6.55,1640,158.01
3297710,2015-12-02,14.79,4398,151.54
3297710,2015-11-30,11.31,2852,152.488
3297710,2015-11-27,11.11,2747,153.628
3297710,2015-11-24,9.95,2435,160.48
3297710,2015-11-24,3.07,816,142.2
3297710,2015-11-23,12.01,3463,154.476
3297710,2015-11-20,10.2,2304,162.844
3297710,2015-11-20,4.37,980,153.718
3297710,2015-11-17,9.93,2475,161.126
3297710,2015-11-16,10.16,2705,143.012
3297710,2015-11-15,22.3,5395,158.84
3297710,2015-11-13,2.84,715,152.946
3297710,2015-11-13,3.98,1160,130.758
3297710,2015-11-12,8.02,2071,156.468
3297710,2015-11-11,12.0,3209,158.288
3297710,2015-11-10,11.47,2766,158.476
3297710,2015-11-05,11.04,3174,139.454
3297710,2015-11-02,11.04,2930,148.176
3297710,2015-10-30,10.56,2415,164.31
3297710,2015-10-26,10.09,2577,157.32
3297710,2015-10-23,2.63,642,161.848
3297710,2015-10-15,5.38,1204,161.426
3297710,2015-10-13,10.6,2503,152.708
3297710,2015-10-09,6.35,1430,156.512
3297710,2015-10-07,12.66,3655,153.624
3297710,2015-10-02,6.19,1567,151.838
3297710,2015-10-01,11.11,2999,150.224
3297710,2015-09-29,10.19,2282,169.82
3297710,2015-09-27,16.12,4674,159.076
3297710,2015-09-25,10.35,2380,161.838
3297710,2015-09-23,6.22,1448,159.832
3297710,2015-09-23,11.39,2667,164.432
3297710,2015-09-18,10.07,2860,134.922
3297710,2015-09-16,5.29,1527,159.876
3297710,2015-09-16,13.95,3275,162.796
3297710,2015-09-14,6.97,1803,155.36
3297710,2015-09-11,6.31,1481,155.2
3297710,2015-09-10,10.19,2894,154.714
3297710,2015-09-09,17.96,5389,154.094
3297710,2015-09-06,15.18,4027,149.952
3297710,2015-09-04,7.55,1898,153.724
3297710,2015-09-02,12.46,3077,154.188
3297710,2015-08-31,9.98,2949,147.006
3297710,2015-08-28,6.23,1614,154.442
3297710,2015-08-27,5.0,1074,175.01
3297710,2015-08-25,10.58,3074,144.786
3297710,2015-08-20,10.46,2415,160.21
3297710,2015-08-14,6.36,1680,152.3
3297710,2015-08-12,14.81,3991,144.612
3297710,2015-08-09,13.56,3514,154.738
3297710,2015-08-07,15.51,3846,159.522
3297710,2015-08-05,13.29,3337,154.086
3297710,2015-08-03,10.06,2259,155.03
3297710,2015-07-31,10.21,2639,150.05
3297710,2015-07-24,10.24,2331,158.0
3297710,2015-07-19,21.25,5483,154.57
3297710,2015-07-17,15.45,3680,155.762
3297710,2015-07-13,10.82,2939,152.22
3297710,2015-07-09,10.33,2540,146.396
3297710,2015-07-08,10.6,2528,160.404
3297710,2015-07-06,10.1,2514,150.81
3297710,2015-07-05,10.96,2678,163.846
3297710,2015-06-28,13.95,3804,159.852
3297710,2015-06-26,10.25,2329,158.26
3297710,2015-06-24,10.16,2448,151.772
3297710,2015-06-14,21.31,5400,162.48
3297710,2015-06-12,9.76,2297,178.492
3297710,2015-06-10,7.33,1818,152.422
3297710,2015-06-08,10.32,2368,159.796
3297710,2015-06-06,14.36,3939,154.624
3297710,2015-06-04,7.03,1856,159.202
3297710,2015-06-03,10.56,2923,153.058
3297710,2015-05-31,19.96,5462,164.064
3297710,2015-05-29,13.09,2984,168.724
3297710,2015-05-26,14.52,3411,160.082
3297710,2015-05-23,24.65,7064,163.854
3297710,2015-05-21,9.1,2712,167.55
3297710,2015-05-19,11.68,3545,153.77
3297710,2015-05-14,11.05,2866,151.18
3297710,2015-05-10,12.54,3453,153.35
3297710,2015-05-06,10.41,3021,149.926
3297710,2015-05-03,15.66,4248,161.332
3297710,2015-04-30,10.13,2838,145.096
3297710,2015-04-26,42.46,9931,164.492
3297710,2015-04-24,5.49,1523,160.15
3297710,2015-04-20,11.3,2634,152.126
3297710,2015-04-16,11.66,2985,154.814
3297710,2015-04-14,15.42,3610,158.708
3297710,2015-04-11,21.54,5175,157.716
3297710,2015-04-10,6.74,1742,155.006
3297710,2015-04-09,10.41,2860,145.75
3297710,2015-04-06,25.1,6596,158.838
3297710,2015-04-04,10.67,2795,150.628
3297710,2015-04-02,10.55,2457,160.86
3297710,2015-04-01,15.14,4067,158.712
3297710,2015-03-29,11.24,3082,156.844
3297710,2015-03-28,10.13,2581,157.858
3297710,2015-03-27,10.7,2928,152.652
3297710,2015-03-23,21.18,4682,168.716
3297710,2015-03-21,8.11,2225,155.47
3297710,2015-03-19,10.21,2413,159.458
3297710,2015-03-15,25.43,7598,154.476
3297710,2015-03-10,10.92,2473,166.194
3297710,2015-03-06,10.15,2580,146.384
3297710,2015-03-04,8.43,2202,142.79
3297710,2015-02-26,6.15,1857,152.39
3297710,2015-02-24,15.47,4248,141.664
3297710,2015-02-22,13.15,3541,158.634
3297710,2015-02-20,10.15,3039,137.318
3297710,2015-02-18,9.88,2503,153.196
3297710,2015-02-16,10.35,3211,152.442
3297710,2015-02-14,10.85,2312,161.364
3297710,2015-02-10,14.32,3882,157.756
3297710,2015-02-08,21.56,5979,152.278
3297710,2015-02-06,10.57,3209,148.834
3297710,2015-02-05,11.0,2557,156.75
3297710,2015-01-31,10.18,3208,156.02
3297710,2015-01-30,10.53,2398,160.258
3297710,2015-01-29,12.12,3510,158.532
3297710,2015-01-20,10.87,2580,162.25
3297710,2014-12-31,21.73,4917,169.418
3297710,2014-12-22,22.21,5167,164.09
3297710,2014-12-14,18.89,4946,154.858
3297710,2014-12-13,13.98,3294,165.65
3297710,2014-11-30,24.7,7682,153.208
3297710,2014-10-13,13.77,3618,149.894
3297710,2014-10-10,21.55,5093,166.51
3297710,2014-10-06,17.32,4020,162.32
3297710,2014-09-21,15.84,3604,171.764
3297710,2014-09-07,42.98,10189,167.192
3297710,2014-08-14,13.43,3152,154.914
3297710,2014-08-11,21.82,5638,155.168
3297710,2014-08-08,10.35,3059,147.27
3297710,2014-08-06,14.92,3626,160.642
3297710,2014-08-01,11.33,2499,157.436
3297710,2014-07-28,14.13,4050,153.302
3297710,2014-07-27,12.93,3151,162.174
3297710,2014-07-24,10.58,2588,158.938
3297710,2014-07-22,10.53,3248,155.366
3297710,2014-07-21,11.21,2716,169.476
3297710,2014-07-02,21.93,4974,159.008
3297710,2014-06-14,21.52,5007,172.474
3297710,2014-06-12,13.41,3033,170.162
3297710,2014-06-09,13.82,3727,158.624
3297710,2014-06-07,10.43,2291,163.704
3297710,2014-06-01,22.48,5259,157.53
3297710,2014-06-01,12.98,3261,157.29
3297710,2014-05-29,14.33,3632,158.954
3297710,2014-05-26,13.84,3320,153.446
3297710,2014-05-21,10.69,2436,159.85
3297710,2014-05-18,10.37,2443,161.578
3297710,2014-05-04,45.86,9991,161.764
3297710,2014-04-20,21.32,5398,169.876
3297710,2014-03-22,10.46,2821,159.398
3297710,2014-03-20,11.71,3160,160.482
3297710,2014-02-09,16.98,4651,158.588
3297710,2014-01-10,13.37,3107,170.308
3297710,2014-01-06,23.37,5380,161.408
3297710,2013-12-24,15.71,4081,159.162
3297710,2013-12-09,13.67,3206,164.796
3297710,2013-10-20,43.18,10055,166.564
3297710,2013-09-30,17.57,3986,159.924
3297710,2013-09-19,10.28,2240,165.874
3297710,2013-09-17,11.28,2561,162.068
3297710,2013-09-14,11.25,2566,164.158
3297710,2013-09-11,12.27,2875,158.834
3297710,2013-09-08,21.4,4709,170.966
3297710,2013-09-05,10.18,2373,155.62
3297710,2013-09-02,22.21,5060,158.498
3297710,2013-08-30,10.72,2307,159.062
3297710,2013-08-27,10.24,2667,153.874
3297710,2013-08-26,16.08,3485,160.522
3297710,2013-08-22,8.31,1891,163.304
3297710,2013-08-21,10.65,2485,160.038
3297710,2013-08-16,11.33,2521,159.174
3297710,2013-08-13,8.42,1919,165.6
3297710,2013-08-12,13.51,3068,156.97
3297710,2013-08-09,10.4,2267,162.6
3297710,2013-08-07,10.46,2810,159.124
3297710,2013-08-01,10.47,2397,160.064
3297710,2013-07-30,14.29,3260,164.206
3297710,2013-07-29,15.62,3600,158.468
3297710,2013-07-27,12.27,2746,165.702
3297710,2013-07-25,11.39,2652,159.854
3297710,2013-07-21,17.5,4160,156.78
3297710,2013-07-19,10.56,2752,156.43
3297710,2013-07-17,22.83,5427,160.594
3297710,2013-07-14,12.49,2794,162.556
3297710,2013-07-12,10.53,2459,161.392
3297710,2013-07-11,14.12,3343,164.296
6113340,2016-01-01,15.67,5295,139.528
6113340,2015-12-25,16.92,5789,164.898
6113340,2015-12-23,13.74,4255,147.544
6113340,2015-12-17,10.23,3033,150.978
6113340,2015-12-13,10.68,3262,145.034
6113340,2015-12-03,12.15,3961,147.948
6113340,2015-11-25,15.99,5039,138.318
6113340,2015-11-23,13.12,4355,142.702
6113340,2015-11-22,13.33,4133,155.288
6113340,2015-11-12,10.05,3224,162.964
6113340,2015-11-11,10.08,3433,140.854
6113340,2015-11-10,10.16,3197,144.544
6113340,2015-10-25,12.95,3880,145.4
6113340,2015-10-23,15.32,4572,156.904
6113340,2015-10-10,13.05,4141,149.264
6113340,2015-10-03,13.0,4090,145.7
6113340,2015-09-30,12.26,3562,151.74
6113340,2015-09-27,13.09,4003,150.452
6113340,2015-09-19,16.94,5106,147.084
6113340,2015-09-12,13.15,3950,162.788
6113340,2015-09-11,10.11,3026,160.618
6113340,2015-09-03,12.59,3742,147.434
6113340,2015-08-30,12.93,3615,150.378
6113340,2015-08-27,17.55,5297,170.208
6113340,2015-08-23,10.47,3228,140.128
6113340,2015-08-22,15.43,4726,139.474
6113340,2015-08-16,21.16,6776,142.234
6113340,2015-08-13,11.62,3296,150.252
6113340,2015-08-09,10.27,3188,142.046
6113340,2015-08-02,12.88,3831,152.4
6113340,2015-07-31,15.95,5070,134.102
6113340,2015-07-30,13.4,4014,141.614
6113340,2015-07-27,16.34,4838,143.93
6113340,2015-07-24,12.29,3861,146.578
6113340,2015-07-18,11.45,3735,166.432
6113340,2015-07-18,13.49,4099,151.402
6113340,2015-07-15,16.91,5120,139.766
6113340,2015-07-10,13.77,4202,145.072
6113340,2015-06-30,13.71,4045,142.148
6113340,2015-06-20,12.57,3693,145.204
6113340,2015-06-18,11.57,3552,140.626
6113340,2015-05-15,17.99,5395,144.816
6113340,2015-05-11,17.94,5412,145.8
6113340,2015-05-08,12.9,3844,142.082
6113340,2015-05-03,11.96,3432,169.056
6113340,2015-05-01,13.64,4213,148.88
6113340,2015-04-26,11.3,3177,149.93
6113340,2015-04-24,10.55,3104,151.154
6113340,2015-04-23,12.93,3899,155.75
6113340,2015-04-18,8.22,2385,154.076
6113340,2015-04-11,12.83,3787,144.088
6113340,2015-03-30,10.19,3217,141.866
6113340,2015-03-15,10.18,2410,176.486
4836713,2015-08-12,13.78,6336,151.698
13564468,2015-07-05,11.44,4591,140.568
13564468,2015-05-05,5.13,1888,149.062
13564468,2015-04-06,5.17,1950,138.806
13564468,2015-04-02,5.32,1919,142.866
13564468,2015-03-24,5.12,1740,150.888
13564468,2015-02-17,5.07,1870,139.712
13564468,2015-02-14,10.46,4148,139.756
13564468,2015-02-10,5.14,2035,143.858
13564468,2015-02-03,5.09,1946,144.166
13564468,2015-01-15,5.14,2144,141.108
2282039,2015-12-23,16.61,4422,147.258
2282039,2015-12-16,8.07,2058,153.38
2282039,2015-12-14,8.53,2377,143.752
2282039,2015-12-05,11.65,3292,158.426
2282039,2015-11-24,8.04,2182,143.576
2282039,2015-11-20,12.24,3448,143.806
2282039,2015-11-09,8.74,2300,138.006
2282039,2015-10-21,8.57,2442,146.332
2282039,2015-10-09,10.49,3241,133.086
2282039,2015-09-04,7.05,1659,164.548
2282039,2015-09-03,10.25,2623,153.43
2282039,2015-08-05,6.18,1464,171.06
2282039,2015-07-31,11.21,3159,140.402
2282039,2015-07-24,7.33,1998,145.642
2282039,2015-07-22,6.58,1573,170.734
2282039,2015-07-20,27.79,7635,138.044
2282039,2015-07-03,7.66,2320,135.076
2282039,2015-06-23,8.56,2204,139.064
2282039,2015-06-07,27.61,7329,143.918
2282039,2015-06-05,16.03,3989,151.08
2282039,2015-05-29,8.55,2375,132.024
2282039,2015-05-26,10.38,2909,133.218
2282039,2015-05-24,28.07,8374,127.964
2282039,2015-05-22,15.78,4200,149.224
2282039,2015-05-11,23.21,6027,150.208
2282039,2015-05-08,5.91,2370,145.878
2282039,2015-05-07,6.44,2625,157.63
2282039,2015-05-05,6.97,3003,153.57
2282039,2015-04-12,16.77,4561,144.676
2282039,2015-04-11,15.97,3881,156.704
2282039,2015-04-04,8.86,2132,151.326
2282039,2015-03-30,22.2,6159,137.384
2282039,2015-03-29,8.52,2091,150.196
2282039,2015-03-20,12.49,3101,152.782
2282039,2015-03-15,15.58,3933,158.566
2282039,2015-03-14,12.41,3275,138.908
2282039,2015-03-07,12.51,3664,132.662
2282039,2015-02-27,8.96,2462,143.542
2282039,2015-02-26,9.64,2512,145.012
2282039,2015-02-20,6.8,1754,161.83
2282039,2015-01-28,8.4,2507,136.396
2282039,2015-01-26,24.68,6873,140.05
2282039,2015-01-07,10.33,2644,161.282
2282039,2014-12-25,7.94,2260,144.114
2282039,2014-12-20,6.11,1850,128.366
2282039,2014-11-17,16.13,4573,159.202
2282039,2014-11-08,15.11,4248,161.314
2282039,2014-11-05,7.04,1907,158.858
2941284,2015-12-22,12.13,3935,160.054
2941284,2015-12-17,13.37,4997,146.456
2941284,2015-12-05,15.19,4640,164.28
2941284,2015-11-18,15.0,4854,164.506
2941284,2015-11-12,9.89,3486,154.296
2941284,2015-10-10,10.46,3212,161.734
2941284,2015-09-08,11.29,3886,141.37
2941284,2015-08-23,15.12,4756,154.768
2941284,2015-07-22,10.24,3454,145.572
2941284,2015-04-26,14.61,5470,163.79
2941284,2015-03-26,7.95,2586,147.868
2941284,2015-03-25,10.16,3016,156.552
2941284,2015-03-11,20.72,7711,147.136
2941284,2015-03-07,16.67,6127,149.152
2941284,2015-02-27,5.13,1521,158.736
2941284,2015-02-21,9.93,3680,145.064
2941284,2015-02-19,15.27,4915,156.622
2941284,2015-02-12,12.2,4460,150.254
2941284,2015-02-06,15.58,5789,158.85
2941284,2015-02-01,22.35,7543,159.2
2941284,2015-01-24,15.77,5354,147.408
2941284,2015-01-23,6.84,2654,145.578
2941284,2015-01-21,4.84,1308,167.758
2941284,2015-01-01,6.9,2160,167.52
2941284,2014-12-31,13.62,4184,164.478
2941284,2014-12-05,5.46,1775,148.858
2941284,2014-12-04,7.11,2282,156.746
2941284,2014-12-02,7.84,2469,156.746
2941284,2014-11-21,7.19,2534,153.268
2941284,2014-11-19,8.84,3581,142.876
2941284,2014-11-18,10.24,3550,153.106
2941284,2014-11-16,11.16,3764,154.152
2941284,2014-11-03,5.04,1422,174.932
2941284,2014-10-30,6.92,2211,162.216
2941284,2014-10-28,10.12,3600,165.894
2941284,2014-10-19,10.08,2858,175.364
2941284,2014-10-15,10.21,3192,161.812
2941284,2014-09-26,5.46,1667,155.764
2941284,2014-09-18,5.06,1538,163.836
2941284,2014-09-10,13.73,6207,134.062
2941284,2014-09-02,6.03,2157,150.836
2941284,2014-08-20,13.29,5687,138.704
2941284,2014-08-19,4.41,1190,165.378
2941284,2014-08-15,8.26,2627,163.848
2941284,2014-08-07,7.6,2521,155.16
8621055,2015-12-13,11.54,4412,142.636
8621055,2015-11-24,10.73,4055,140.352
8621055,2015-11-21,10.71,4142,136.086
8621055,2015-11-03,10.86,4151,136.382
8621055,2015-10-26,6.3,2343,135.164
8621055,2015-10-18,10.89,4100,139.312
8621055,2015-10-11,10.38,3924,137.256
8621055,2015-09-21,10.83,4412,148.9
8621055,2015-05-27,10.87,4055,139.586
8621055,2015-05-13,10.93,4089,132.034
8621055,2015-04-05,10.99,4066,138.03
8621055,2015-03-28,21.82,8023,123.126
8621055,2015-03-22,11.28,4349,129.148
8621055,2015-03-20,11.08,4238,126.97
8621055,2015-02-16,12.57,4809,137.976
8621055,2015-02-11,11.3,4143,142.638
8621055,2015-01-31,10.98,4074,119.994
8621055,2015-01-13,15.59,6051,133.072
8621055,2015-01-02,11.11,4469,136.008
8621055,2014-12-26,10.95,4409,140.212
8621055,2014-12-24,10.92,4437,129.06
8621055,2014-12-16,8.27,3194,155.71
8621055,2014-11-06,6.43,2391,146.264
8621055,2014-08-20,10.59,3998,147.544
8621055,2014-06-24,10.49,4054,136.532
8621055,2014-03-22,6.46,2462,150.822
8621055,2014-03-16,6.45,2375,151.254
8621055,2014-03-06,6.4,2426,142.652
8621055,2014-01-21,15.61,5852,145.698
8621055,2013-12-29,15.68,5816,151.426
8621055,2013-11-23,15.99,5894,143.024
8621055,2013-10-08,15.9,5765,145.586
8621055,2013-10-06,10.69,3932,139.556
8621055,2013-08-20,16.37,6253,142.164
8621055,2013-07-16,18.48,7771,142.206
12635957,2015-12-03,3.7,1802,146.664
12635957,2015-12-01,3.47,1680,151.738
12635957,2015-11-29,3.75,1845,144.714
12635957,2015-11-27,1.87,874,147.304
12635957,2015-11-11,3.43,1822,139.676
12635957,2015-11-08,3.43,1801,149.1
12635957,2015-11-05,3.46,1803,139.114
12635957,2015-05-14,3.14,1560,139.686
12635957,2015-05-12,3.18,1596,145.636
12635957,2014-11-07,5.0,2139,146.392
12635957,2014-10-29,5.05,2113,149.68
12635957,2014-10-24,4.99,2062,150.37
12635957,2014-10-19,5.26,2146,152.128
12635957,2014-10-14,4.97,2147,147.252
7404960,2015-11-20,10.2,3295,151.614
7404960,2015-09-13,15.13,4339,150.878
7404960,2015-08-14,17.25,5081,140.624
7404960,2015-08-09,25.08,7614,148.87
7404960,2015-06-21,24.61,7362,151.302
7404960,2015-05-17,21.4,5282,176.904
7404960,2015-03-26,24.64,7332,160.624
7404960,2015-02-13,16.52,5141,145.964
7404960,2015-02-11,14.21,4340,148.202
7404960,2015-02-08,21.53,7318,140.642
7404960,2015-02-07,18.28,5285,159.056
7404960,2015-02-06,12.2,3649,151.812
7404960,2015-02-01,21.34,5779,167.838
7404960,2015-01-28,16.65,5073,147.856
7404960,2015-01-24,12.27,3794,149.322
7404960,2015-01-08,10.05,3345,151.848
7404960,2014-12-27,16.16,5699,142.518
7404960,2014-12-21,32.35,11368,134.28
7404960,2014-12-06,10.68,3779,143.3
7404960,2014-11-22,21.36,7183,142.148
7404960,2014-11-15,21.42,7165,140.398
7404960,2014-10-25,21.48,6736,152.688
7404960,2014-10-25,13.76,4523,141.822
7404960,2014-10-18,16.88,5472,145.482
7404960,2014-10-08,13.16,3943,159.634
7404960,2014-09-28,43.28,11707,165.176
7404960,2014-09-18,11.33,2971,167.368
7404960,2014-09-10,18.89,5500,157.314
7404960,2014-09-06,35.31,11378,146.744
7404960,2014-09-03,18.15,5683,154.976
7404960,2014-08-08,13.03,3583,165.912
7404960,2014-07-11,9.97,2975,157.35
7404960,2014-06-11,9.99,3564,127.89
7404960,2014-05-03,20.73,7134,142.474
7404960,2014-04-27,21.08,5952,174.468
7404960,2014-04-11,15.66,5097,142.838
7404960,2014-04-06,11.25,3619,147.008
7404960,2014-03-30,31.99,10225,154.056
7404960,2014-03-20,22.34,6807,159.834
7404960,2014-02-24,15.29,5157,148.348
7404960,2014-02-12,16.34,5244,159.422
7404960,2014-02-11,16.09,5612,146.596
12753836,2015-12-31,6.12,2556,167.99
12753836,2015-12-30,7.61,3185,165.094
12753836,2015-12-13,6.77,2765,161.752
12753836,2015-12-06,5.67,2310,162.982
12753836,2015-11-30,5.71,2316,160.594
12753836,2015-11-29,7.2,2991,159.616
12753836,2015-11-19,5.63,2289,166.514
12753836,2015-11-04,5.75,2324,165.024
12753836,2015-10-28,6.88,2863,161.036
12753836,2015-10-17,8.4,3515,161.992
12753836,2015-10-15,4.22,1636,167.24
12753836,2015-10-06,4.69,1933,159.934
12753836,2015-09-29,4.37,1767,163.712
12753836,2015-09-13,22.12,10390,149.862
12753836,2015-09-09,9.96,4055,170.44
12753836,2015-08-30,1.51,617,154.046
12753836,2015-08-30,6.19,2561,154.328
12753836,2015-08-23,11.33,4713,159.098
12753836,2015-08-20,8.11,3101,168.066
12753836,2015-08-18,5.9,2340,162.744
12753836,2015-08-12,3.11,1146,165.314
12753836,2015-08-09,10.64,4563,156.322
12753836,2015-08-08,5.3,2102,160.792
12753836,2015-08-03,5.07,2059,155.136
12753836,2015-07-28,5.63,2190,156.142
12753836,2015-07-27,5.22,2173,154.794
12753836,2015-07-26,7.58,3129,151.952
12753836,2015-07-22,7.26,2964,156.178
12753836,2015-07-16,6.1,2499,154.536
12753836,2015-07-04,5.67,2410,160.462
12753836,2015-07-01,5.56,2318,164.314
12753836,2015-06-17,6.01,2327,165.826
12753836,2015-05-24,10.02,4128,159.844
12753836,2015-05-20,4.19,1580,164.036
12753836,2015-05-12,5.1,1966,166.028
12753836,2015-04-19,4.99,1979,162.112
12753836,2015-03-17,5.42,2188,159.532
12753836,2015-03-12,5.36,2198,162.588
12753836,2015-03-10,4.8,1863,167.616
12753836,2015-02-26,5.74,2440,155.458
12753836,2015-02-10,5.27,2166,161.448
12753836,2015-02-09,6.28,2554,161.48
12753836,2015-01-24,10.01,4319,158.68
12753836,2015-01-17,5.47,2269,159.952
12753836,2015-01-04,11.99,5134,153.692
12753836,2015-01-02,5.64,2401,159.294
12753836,2014-12-31,8.59,3505,158.318
12753836,2014-12-31,4.6,1740,157.526
12753836,2014-12-28,12.37,5335,153.024
12753836,2014-12-24,5.95,2434,151.836
12753836,2014-12-17,6.04,2398,162.778
12753836,2014-12-10,6.3,2602,162.3
12753836,2014-11-23,4.73,2011,156.54
12753836,2014-11-09,6.85,2655,161.108
12753836,2014-11-05,5.27,2186,161.498
12753836,2014-10-03,4.45,1611,162.57
12753836,2014-10-02,5.81,2170,165.746
12753836,2014-09-30,5.35,1964,167.162
12753836,2014-09-14,4.45,1673,168.066
12753836,2014-09-10,7.17,2844,162.784
12753836,2014-08-31,4.96,2000,150.934
12753836,2014-08-23,10.4,4028,161.438
12753836,2014-08-15,9.87,3940,166.576
12753836,2014-08-07,4.37,1791,156.934
12753836,2014-08-01,5.62,2377,152.594
12753836,2014-07-30,6.04,2308,159.912
751448,2015-07-11,10.22,3414,143.4
751448,2015-07-06,25.35,9036,150.318
751448,2015-06-26,10.36,3657,136.354
751448,2015-06-19,10.36,3621,140.876
751448,2015-04-18,17.34,6064,146.848
751448,2015-04-07,10.28,3706,137.8
751448,2015-04-04,16.21,5600,152.088
751448,2015-03-23,28.37,9834,151.242
751448,2015-02-16,22.21,7911,148.862
751448,2015-02-10,10.02,3482,145.356
751448,2015-02-02,20.37,7077,152.122
751448,2015-01-26,18.1,6197,150.61
751448,2015-01-12,24.57,8365,153.218
751448,2015-01-05,22.6,7739,150.156
751448,2014-12-31,13.2,4676,149.678
751448,2014-11-17,20.25,6853,155.774
751448,2014-11-10,18.31,6248,153.602
751448,2014-06-30,24.14,8456,150.528
751448,2014-03-17,28.34,9362,154.206
751448,2014-03-10,28.48,9450,151.764
751448,2014-02-22,10.53,3482,144.554
3272464,2013-05-03,14.32,4463,129.3
3272464,2013-04-30,23.81,8148,125.604
434265,2015-12-25,11.1,3463,152.424
434265,2015-08-31,36.62,2601,151.83
434265,2015-05-24,10.4,3275,151.844
434265,2015-05-10,21.18,5850,166.818
434265,2014-10-12,21.51,5972,169.402
4321971,2014-12-24,10.61,4657,149.0
13088747,2014-04-21,21.17,6909,163.264
13088747,2014-04-17,21.11,8042,165.978
1290773,2015-10-01,5.19,2018,152.212
9937628,2015-12-20,31.39,9331,141.276
9937628,2015-12-11,11.9,3784,132.744
9937628,2015-12-05,13.53,3992,145.38
9937628,2015-11-30,6.46,1801,146.228
9937628,2015-11-27,19.42,5712,146.244
9937628,2015-11-22,17.94,5171,147.568
9937628,2015-11-15,30.65,9145,149.712
9937628,2015-11-06,11.8,3557,136.508
9937628,2015-10-23,10.95,3336,134.818
9937628,2015-10-19,10.69,3250,137.292
9937628,2015-10-16,10.0,3063,141.22
9937628,2015-10-14,8.42,2615,134.986
9937628,2015-10-05,12.28,3628,150.656
1367925,2015-11-15,21.53,5351,170.0
1367925,2015-10-11,10.02,2505,171.038
1367925,2015-04-19,42.75,11448,172.366
1367925,2014-11-16,21.58,5256,175.996
1367925,2014-04-06,45.1,11967,167.276
1367925,2014-01-01,10.09,2404,175.648
1367925,2013-11-17,21.71,5241,170.364
1367925,2013-07-24,10.65,3337,142.436
1367925,2013-03-10,21.95,6364,155.15
14544270,2015-12-27,10.27,3147,173.394
14544270,2015-12-26,10.54,3222,171.234
14544270,2015-12-23,10.58,3642,170.648
14544270,2015-12-07,10.77,3662,160.272
14544270,2015-12-03,10.74,3286,168.376
14544270,2015-11-10,8.77,2530,171.246
14544270,2015-10-25,10.14,2542,178.884
14544270,2015-10-17,10.85,2894,169.834
14544270,2015-10-13,10.9,3018,166.934
14544270,2015-10-08,10.81,3032,165.602
14544270,2015-10-03,10.54,5314,121.756
14544270,2015-09-26,10.84,3025,160.94
14544270,2015-09-24,10.78,3021,165.032
14544270,2015-09-23,4.82,1359,159.846
14544270,2015-09-21,21.32,6384,157.516
14544270,2015-09-11,10.17,2952,159.99
14544270,2015-09-10,15.69,4490,161.48
14544270,2015-09-08,10.84,2933,164.544
14544270,2015-09-06,3.47,850,174.716
14544270,2015-09-03,10.66,3081,165.51
14544270,2015-08-20,11.87,3402,157.636
14544270,2015-08-18,10.93,3101,160.586
14544270,2015-08-16,6.44,1939,162.52
14544270,2015-08-14,10.82,3061,160.954
14544270,2015-08-10,10.76,3016,159.298
14544270,2015-08-09,10.43,2916,157.688
14544270,2015-08-07,10.55,3049,162.664
14544270,2015-08-05,10.69,3131,162.726
14544270,2015-08-02,10.2,3026,158.108
14544270,2015-07-31,10.66,3100,161.014
14544270,2015-07-24,10.45,3130,163.896
14544270,2015-06-21,5.08,1423,155.218
14544270,2015-06-10,5.51,1594,155.79
14544270,2015-05-28,6.81,1979,158.626
14544270,2015-05-15,10.8,3177,165.538
14544270,2015-05-05,10.84,3074,164.118
14544270,2015-04-30,10.91,3269,158.504
14544270,2015-04-29,9.09,2847,147.252
14544270,2015-04-26,42.98,12576,166.706
14544270,2015-04-25,4.86,1433,161.784
14544270,2015-04-24,5.47,1586,163.292
14544270,2015-04-22,9.11,2657,167.602
14544270,2015-04-20,8.84,2943,143.7
14544270,2015-04-17,22.98,6651,157.218
14544270,2015-04-15,2.47,909,136.672
14544270,2015-04-09,10.92,3125,159.474
14544270,2015-04-06,30.52,8995,158.45
14544270,2015-04-06,9.59,2915,153.71
14544270,2015-04-04,8.78,2436,164.58
14544270,2015-04-03,9.97,2861,170.26
14544270,2015-04-01,10.92,3205,157.852
14544270,2015-03-28,8.91,2555,159.612
14544270,2015-03-27,10.77,3174,157.132
14544270,2015-03-19,10.8,3206,154.97
14544270,2015-03-18,10.09,2841,169.75
14544270,2015-03-18,6.02,2149,144.0
14544270,2015-03-09,18.67,5557,153.34
14544270,2015-03-07,10.82,3012,167.254
14544270,2015-02-17,10.76,3250,151.838
14544270,2015-01-21,17.26,5889,150.722
14544270,2015-01-18,5.01,1249,181.02
14544270,2014-12-31,10.8,3433,157.094
14544270,2014-12-23,10.64,3270,169.924
14544270,2014-12-18,10.78,3487,172.344
14544270,2014-12-10,10.89,3335,160.822
14544270,2014-12-08,10.8,3537,153.714
14544270,2014-12-03,10.76,3210,170.162
14544270,2014-12-01,12.45,3721,167.89
14544270,2014-11-24,10.73,3530,163.048
14544270,2014-11-22,11.17,3680,169.944
14544270,2014-11-18,10.64,3437,170.078
14544270,2014-11-17,8.73,2797,167.046
14544270,2014-11-14,4.7,1480,164.78
14544270,2014-09-01,10.65,3356,166.436
14544270,2014-08-25,10.92,3353,166.894
14544270,2014-08-23,3.73,1888,112.476
14544270,2014-08-21,10.71,3650,166.926
14544270,2014-07-16,1.93,598,165.02
14544270,2014-07-16,9.77,3143,157.248
14544270,2014-07-09,10.35,3354,132.744
14544270,2014-06-20,10.18,3971,141.464
14544270,2014-06-05,10.38,3630,158.428
14544270,2014-05-19,4.74,1528,155.576
14544270,2014-05-18,10.81,3670,153.218
14544270,2014-05-02,12.54,4491,156.81
14544270,2014-04-28,11.65,3694,157.796
14544270,2014-04-19,2.93,1593,109.472
14544270,2014-04-18,14.96,5118,164.15
14544270,2013-11-12,10.15,2930,178.098
3736342,2015-11-30,9.19,2713,130.964
3736342,2015-11-26,9.17,2693,135.046
3736342,2015-11-25,9.99,2498,154.332
3736342,2015-11-21,15.08,4423,122.394
3736342,2015-11-21,11.99,3032,146.876
3736342,2015-11-19,16.96,4562,137.518
3736342,2015-11-15,23.27,6333,135.44
3736342,2015-11-14,11.01,3118,136.844
3736342,2015-11-11,10.52,2720,141.172
3736342,2015-11-07,16.15,4340,136.848
3736342,2015-11-06,11.03,2904,138.368
3736342,2015-11-04,10.34,2681,139.608
3736342,2015-11-01,20.14,5493,139.888
3736342,2015-10-31,15.13,4184,134.268
3736342,2015-10-28,11.39,3173,130.826
3736342,2015-10-14,10.13,2788,126.538
3736342,2015-10-10,10.09,2991,116.256
3736342,2015-10-03,21.02,4758,168.882
3736342,2015-10-01,16.53,4473,135.334
3736342,2015-09-24,14.33,3644,141.532
3736342,2015-09-19,15.19,3836,137.096
3736342,2015-09-16,10.11,2924,127.794
3736342,2015-09-15,9.99,2918,119.72
3736342,2015-09-13,21.36,4631,165.712
3736342,2015-09-08,10.59,2658,135.418
3736342,2015-09-04,11.84,2627,149.994
3736342,2015-09-02,11.11,2507,153.206
3736342,2015-08-29,9.38,2288,150.796
3736342,2015-08-25,13.95,3237,145.702
3736342,2015-08-23,21.18,5630,132.676
3736342,2015-08-19,10.21,2837,124.848
3736342,2015-08-18,10.91,3071,125.908
3736342,2015-08-16,10.21,2551,137.24
3736342,2015-08-15,13.01,3412,140.898
3736342,2015-08-13,13.09,3405,134.162
3736342,2015-08-11,12.96,3339,132.442
3736342,2015-08-02,21.06,5376,139.252
3736342,2015-07-31,14.1,3997,125.792
3736342,2015-07-30,13.56,3479,138.304
3736342,2015-07-28,16.15,4266,135.994
3736342,2015-07-28,14.36,4028,119.784
3736342,2015-07-24,16.11,4223,141.204
3736342,2015-07-22,17.2,4689,138.53
3736342,2015-07-19,15.29,3955,140.326
3736342,2015-07-16,16.15,4544,129.114
3736342,2015-07-15,16.09,4527,126.456
3736342,2015-07-12,22.25,6068,133.434
3736342,2015-06-13,42.77,10067,161.216
3736342,2015-06-05,10.92,2917,131.896
3736342,2015-06-02,10.22,3056,116.716
3736342,2015-05-29,17.65,4394,144.814
3736342,2015-05-27,16.69,4172,140.338
3736342,2015-05-23,21.34,5762,136.454
3736342,2015-05-21,20.31,5678,127.2
3736342,2015-05-20,20.08,4938,144.704
3736342,2015-05-16,11.99,3443,120.76
3736342,2015-05-14,14.29,3781,130.374
3736342,2015-05-12,9.98,2912,123.642
3736342,2015-05-07,16.59,4833,121.218
3736342,2015-05-03,23.03,5684,146.146
3736342,2015-04-30,14.15,3930,128.946
3736342,2015-04-27,18.05,5100,121.772
3736342,2015-04-26,10.06,2240,159.102
3736342,2015-04-22,12.61,3724,117.178
3736342,2014-12-14,23.09,6088,141.756
3736342,2014-12-12,13.39,3401,142.442
3736342,2014-12-09,10.98,2823,135.868
3736342,2014-12-07,21.68,5617,138.182
3736342,2014-12-04,10.39,2648,141.938
3736342,2014-12-03,17.3,4520,139.928
3736342,2014-11-29,13.18,3438,137.574
3736342,2014-11-27,13.22,3379,141.808
3736342,2014-11-26,13.39,3487,142.494
3736342,2014-11-22,11.97,3090,135.704
3736342,2014-11-21,18.28,4707,144.522
3736342,2014-11-20,12.29,3151,142.752
3736342,2014-11-17,19.13,4994,141.892
3736342,2014-11-13,16.18,4310,144.574
3736342,2014-11-09,14.14,3667,142.98
3736342,2014-11-05,12.68,3302,138.972
3736342,2014-11-02,13.09,3645,131.974
3736342,2014-10-24,10.24,2865,128.07
3736342,2014-10-22,10.55,2685,142.734
3736342,2014-10-18,10.39,2574,150.418
3736342,2014-10-15,10.5,2927,133.258
3736342,2014-10-14,10.19,2877,126.85
3736342,2014-10-11,18.53,4693,152.622
3736342,2014-10-10,10.31,2456,157.016
3736342,2014-09-28,42.89,9890,163.476
3736342,2014-09-22,12.33,3074,142.22
3736342,2014-09-18,10.44,2876,129.786
3736342,2014-09-17,10.41,2618,152.042
3736342,2014-08-31,22.07,5669,141.588
3736342,2014-08-28,11.32,3008,135.036
3736342,2014-08-16,12.98,3108,156.52
3736342,2014-08-14,11.33,3149,124.524
3736342,2014-08-10,14.2,4011,124.474
3736342,2014-08-08,14.98,3927,134.582
3736342,2014-08-05,11.14,2861,135.218
3736342,2014-08-04,20.56,5285,148.702
3736342,2014-08-01,11.01,2872,136.46
3736342,2014-07-30,17.1,4622,135.15
3736342,2014-07-23,10.6,3026,123.41
3736342,2014-07-20,27.18,7360,129.126
3736342,2014-07-18,16.07,4344,125.9
3736342,2014-07-16,12.18,3438,124.91
3736342,2014-07-15,18.15,4981,125.728
3736342,2014-07-14,12.02,3451,123.138
3736342,2014-07-14,15.5,4527,123.902
3736342,2014-07-13,11.37,3365,121.076
3736342,2014-07-11,20.31,5443,141.142
3736342,2014-07-08,14.05,3855,125.774
3736342,2014-06-24,10.99,3066,122.482
3736342,2014-06-21,43.86,12246,138.624
3736342,2014-06-18,10.97,3116,122.738
3736342,2014-06-17,10.4,2650,136.12
3736342,2014-06-15,25.04,6774,130.508
3736342,2014-06-12,10.3,2335,166.858
3736342,2014-06-02,31.03,8041,136.316
3736342,2014-05-31,12.18,3448,124.226
3736342,2014-05-30,12.03,3436,124.536
3736342,2014-05-27,14.29,3933,129.848
3736342,2014-05-20,15.09,3853,140.574
3736342,2014-05-18,10.3,2930,130.512
3736342,2014-05-11,12.22,3548,127.514
3736342,2014-04-28,24.07,6101,147.538
3736342,2014-04-25,18.15,4563,139.514
3736342,2014-04-24,18.3,5029,128.918
8299100,2015-08-23,12.56,4326,177.398
6676926,2014-03-19,2.9,1322,146.472
6676926,2014-03-17,5.06,2264,163.474
6676926,2014-03-03,3.15,1662,127.74
10536623,2015-04-27,7.95,3010,147.14
10536623,2015-04-24,7.52,2914,146.556
10536623,2015-03-30,6.28,2505,147.154
10536623,2015-02-24,6.16,2420,143.936
10536623,2015-01-09,6.24,2436,151.548
10536623,2014-10-19,21.45,6579,172.596
10536623,2014-10-07,10.13,2887,173.454
1413935,2014-08-30,12.15,3602,153.246
9345869,2015-07-08,10.66,4061,137.766
9345869,2015-07-03,10.55,4220,137.166
9345869,2015-07-01,5.42,2205,133.722
9345869,2015-06-08,11.08,4412,125.918
9345869,2015-05-10,10.91,3942,131.974
9345869,2015-03-03,10.28,4059,131.476
9345869,2014-08-24,11.58,4335,127.288
9345869,2014-07-26,8.56,3403,129.618
9345869,2014-06-23,15.99,5831,132.09
9345869,2014-05-30,14.81,5390,129.764
9345869,2014-05-18,22.05,6801,158.378
9345869,2014-05-04,11.54,4411,125.244
9345869,2014-04-28,11.83,4432,125.3
9345869,2014-04-27,11.66,4175,132.434
9345869,2014-03-27,11.44,4246,128.854
9345869,2014-03-22,7.85,2905,132.092
9345869,2014-02-20,10.42,4127,131.406
9345869,2014-02-16,12.23,4757,126.47
9345869,2014-01-30,10.69,4224,125.67
9345869,2014-01-29,8.45,3240,133.45
9345869,2014-01-12,11.44,4541,128.542
9345869,2013-12-23,8.15,3333,127.59
9345869,2013-12-08,6.7,2798,123.144
9345869,2013-12-06,7.26,2757,129.276
9345869,2013-11-15,7.29,2745,129.002
9345869,2013-11-04,8.04,3092,125.342
9345869,2013-10-30,7.14,2878,125.518
9345869,2013-10-20,7.18,2867,125.254
9345869,2013-07-27,4.74,1918,118.478
9345869,2013-07-21,6.7,2700,120.01
9345869,2013-07-06,6.92,2848,120.174
9345869,2013-06-23,10.24,3821,130.474
9345869,2013-06-17,12.81,5086,124.408
9345869,2013-06-10,10.24,4072,130.68
9345869,2013-05-27,8.83,3544,122.046
9345869,2013-05-26,6.89,2787,124.714
9345869,2013-05-08,5.58,2309,122.154
9345869,2013-04-10,6.86,3118,128.7
14039377,2014-09-17,14.06,5434,138.838
14039377,2014-09-03,4.04,1342,124.962
14039377,2014-08-22,3.38,1166,129.828
14039377,2014-08-18,8.24,2771,141.924
14039377,2014-07-04,12.02,4077,132.03
14039377,2014-06-06,15.36,5223,141.09
14039377,2014-05-25,34.22,11901,136.474
14039377,2014-04-26,28.77,10462,133.814
14039377,2014-04-20,28.12,10042,136.092
14039377,2014-04-17,9.04,3108,137.89
14039377,2014-03-13,9.16,2964,138.382
14039377,2013-07-14,15.78,5422,139.402
14039377,2013-07-11,30.34,10565,135.094
14039377,2013-07-05,12.21,3915,144.248
14039377,2013-05-31,15.29,5345,133.51
14039377,2013-04-01,25.35,8104,105.504
14039377,2013-03-29,11.96,3634,147.132
14039377,2013-02-02,30.28,9889,141.982
14039377,2013-01-21,18.68,5806,140.854
14039377,2013-01-07,19.9,6817,139.784
14039377,2013-01-03,10.45,3287,142.502
3268225,2015-11-21,16.54,4933,143.476
3268225,2015-10-23,17.14,5241,141.022
3268225,2015-05-05,9.9,3103,143.534
3268225,2014-05-25,15.4,4414,159.946
3268225,2014-05-20,18.5,5165,158.766
3268225,2013-07-28,14.41,4398,169.464
3268225,2012-09-26,10.25,2744,158.646
3268225,2012-09-19,10.42,2940,163.224
3268225,2011-12-30,10.22,2723,163.322
3268225,2011-12-28,19.3,5967,151.176
3268225,2011-12-24,12.5,3669,151.894
3268225,2011-12-21,13.42,3759,158.476
9889560,2015-09-02,11.34,3454,133.786
9889560,2015-08-29,14.21,4254,132.852
9889560,2014-10-21,17.26,4975,141.144
9889560,2014-05-25,20.57,5886,148.132
9889560,2014-04-28,10.86,3231,139.286
9889560,2014-04-15,21.49,5469,156.676
9889560,2014-04-11,11.04,3167,145.992
1593295,2015-11-04,10.24,3219,168.156
1593295,2015-10-28,11.13,3300,165.65
1593295,2015-10-27,10.29,3215,167.154
1593295,2015-10-20,7.88,2465,160.788
1593295,2015-03-27,8.31,2661,168.474
1593295,2015-03-25,8.78,2760,167.702
1593295,2015-03-20,8.11,2600,171.864
1593295,2015-03-14,10.05,3323,178.802
1593295,2014-10-31,8.96,2571,172.162
1593295,2014-10-28,8.64,2508,185.936
1593295,2014-10-22,6.72,2283,181.32
12555443,2015-07-11,24.03,8627,154.138
12555443,2015-04-13,21.26,7162,163.582
12555443,2014-08-25,9.94,3494,153.76
12555443,2014-07-04,11.91,4435,152.36
12555443,2014-05-25,20.99,6940,159.796
12555443,2014-05-10,15.96,5661,152.646
12555443,2014-03-29,15.85,5948,155.368
3082409,2015-10-02,7.18,2995,129.24
3082409,2015-07-26,6.78,2816,117.902
13702299,2014-04-17,10.01,3357,164.76
14083711,2015-11-09,10.08,3695,166.698
14083711,2015-10-04,7.5,2423,176.856
14083711,2014-09-18,32.16,2795,147.06
14083711,2014-08-23,10.09,3616,162.028
14083711,2014-07-11,9.95,3300,166.498
14083711,2014-02-16,10.36,3468,165.702
9959962,2014-11-11,11.12,3100,170.302
9959962,2014-10-26,21.29,5772,166.052
9959962,2014-10-19,42.46,12520,159.622
9959962,2014-09-24,11.44,3431,161.14
9959962,2014-04-06,15.33,4766,153.99
9959962,2014-04-03,10.81,3516,138.026
1818822,2013-03-24,21.34,7230,172.05
1818822,2012-12-27,10.74,3713,168.256
1818822,2012-08-31,7.47,2563,150.874
1818822,2012-04-18,9.22,3683,151.036
1818822,2011-11-11,10.32,3143,166.474
1818822,2011-11-06,9.19,2910,166.75
1818822,2011-11-01,8.21,2749,168.976
1818822,2011-10-26,8.65,3257,156.232
1818822,2011-09-23,10.1,3245,157.236
1818822,2011-09-18,21.89,6974,171.126
1818822,2011-09-16,8.55,2950,159.364
1818822,2011-09-14,13.15,4560,156.15
1818822,2011-09-11,11.23,3623,167.916
1818822,2011-09-09,11.87,4044,160.528
1818822,2011-09-07,11.12,3747,163.878
1818822,2011-08-19,11.14,3515,162.63
1818822,2011-08-17,15.81,5203,159.456
1818822,2011-08-03,11.32,3722,160.5
1818822,2011-07-22,10.9,4184,146.55
1818822,2011-07-20,19.5,6480,168.138
1818822,2011-06-29,10.09,3370,160.052
1818822,2011-06-07,13.32,4196,166.58
9991401,2014-06-15,21.77,7587,170.344
9991401,2014-06-07,10.35,3306,179.62
1939033,2013-04-28,9.47,3728,156.24
1939033,2013-04-21,8.62,3187,157.232
3276737,2016-01-01,10.09,3089,158.526
3276737,2015-12-28,21.24,6834,157.822
3276737,2015-12-27,9.2,3270,138.346
3276737,2015-12-26,11.21,4203,142.96
3276737,2015-12-25,9.38,2767,161.162
3276737,2015-12-23,10.24,3375,153.762
3276737,2015-12-21,16.52,5973,150.128
3276737,2015-12-19,3.18,1153,133.672
3276737,2015-12-18,9.36,3003,157.62
3276737,2015-12-11,8.53,2677,164.984
3276737,2015-12-08,6.95,2876,141.468
3276737,2015-12-04,9.84,3266,161.356
3276737,2015-11-27,8.29,2468,165.806
3276737,2015-11-24,5.26,1923,138.59
3276737,2015-11-22,6.44,2144,147.826
3276737,2015-11-21,6.0,2114,145.792
3276737,2015-11-13,6.16,2156,147.94
3276737,2015-11-05,5.16,1710,156.148
3276737,2015-10-30,5.02,1492,164.88
3276737,2015-10-09,6.57,2296,144.904
3276737,2015-09-29,5.01,1868,139.848
3276737,2015-09-21,11.57,3886,154.656
3276737,2015-09-12,5.86,1984,140.762
3276737,2015-09-01,3.29,1195,135.996
3276737,2015-08-27,4.82,1417,170.73
3276737,2015-08-23,16.09,4677,163.606
3276737,2015-08-21,4.5,1648,137.37
3276737,2015-08-19,7.8,2600,152.128
3276737,2015-07-31,16.84,6057,153.084
3276737,2015-07-29,10.8,3780,158.502
3276737,2015-07-26,13.05,4901,151.852
3276737,2015-07-24,4.91,1942,133.442
3276737,2015-07-24,8.02,2817,158.402
3276737,2015-06-01,4.87,1607,167.494
3276737,2015-05-06,11.57,3901,159.834
3276737,2015-04-22,13.96,4706,154.512
3276737,2015-04-15,8.63,2941,151.944
3276737,2015-03-28,5.71,1939,137.228
3276737,2015-03-27,7.98,2825,145.676
3276737,2015-03-24,5.52,1863,143.296
3276737,2015-03-23,16.26,5265,145.174
3276737,2015-03-21,10.11,3619,137.716
3276737,2015-03-16,22.96,7628,148.45
3276737,2015-03-15,4.95,1792,137.938
3276737,2015-03-14,8.35,2860,137.066
3276737,2015-03-13,14.27,4160,163.29
3276737,2015-03-05,5.99,2261,133.952
3276737,2015-03-02,19.03,6208,155.748
3276737,2015-02-17,5.59,2101,145.082
3276737,2015-02-09,16.07,5349,150.684
3276737,2015-02-02,19.55,6557,153.682
3276737,2015-01-23,9.75,3766,139.014
3276737,2015-01-23,11.12,3677,152.42
3276737,2015-01-20,8.11,2739,148.808
3276737,2015-01-19,19.86,7178,148.188
3276737,2015-01-16,11.29,3673,160.896
3276737,2015-01-13,9.71,3451,153.376
3276737,2015-01-10,9.76,3523,145.878
3276737,2015-01-09,10.12,3198,165.63
3276737,2015-01-06,3.29,1274,138.714
3276737,2015-01-05,14.76,5365,156.476
3276737,2015-01-03,10.11,3818,148.196
3276737,2015-01-01,4.97,1373,175.09
3276737,2015-01-01,5.04,1387,173.458
3276737,2014-12-29,13.35,5005,140.3
3276737,2014-12-28,9.9,3652,143.722
3276737,2014-12-27,8.82,2815,159.09
3276737,2014-12-22,9.76,3658,143.492
3276737,2014-12-17,4.85,1812,143.04
3276737,2014-12-15,11.38,3896,155.802
3276737,2014-12-04,8.6,3062,160.114
3276737,2014-11-29,6.59,2057,163.592
3276737,2014-11-10,21.08,6842,169.228
3276737,2014-10-20,42.56,14335,156.182
3276737,2014-10-17,4.97,1771,155.166
3276737,2014-10-06,16.21,6208,135.14
3276737,2014-10-03,17.42,5840,152.554
3276737,2014-09-30,3.25,1280,128.592
3276737,2014-05-04,11.44,3703,154.982
3276737,2014-05-03,5.33,2112,127.632
3276737,2014-05-01,10.23,3142,159.332
3276737,2014-03-31,1.61,501,148.956
3276737,2014-03-29,8.57,3223,136.39
3276737,2014-03-24,10.66,3583,152.356
3276737,2014-02-01,11.48,3676,158.986
5164930,2015-09-22,16.55,5115,167.86
5164930,2015-09-11,11.66,3605,168.586
5164930,2015-03-26,12.43,3662,171.416
5164930,2015-03-13,15.6,5431,155.542
5164930,2015-03-07,13.95,4611,161.724
5164930,2015-03-07,14.99,4751,164.144
5164930,2015-03-01,14.03,4667,159.792
3702346,2015-06-18,6.31,1880,151.196
3702346,2015-05-19,16.17,5504,145.198
3702346,2015-05-16,6.16,1715,155.658
3702346,2015-03-28,6.32,2056,142.448
3702346,2015-03-01,11.1,3422,142.522
3702346,2015-02-15,14.66,5384,152.984
336611,2015-12-28,6.78,2372,151.864
2174810,2015-12-19,10.68,4103,164.65
2174810,2015-10-25,10.24,4101,158.496
2174810,2015-10-17,5.91,2447,154.666
2174810,2015-09-30,21.11,8600,157.318
2174810,2015-09-02,9.65,4282,155.684
2174810,2015-08-20,14.73,5526,166.298
2174810,2015-08-06,9.69,3924,158.328
2174810,2015-08-04,6.44,2726,147.986
2174810,2015-07-21,6.46,2755,155.848
2748745,2015-06-20,12.37,3239,158.694
2748745,2015-04-06,11.11,2942,158.248
2748745,2015-03-12,15.42,4634,142.408
56331,2016-01-01,14.33,4638,145.902
56331,2015-09-20,10.5,2753,170.412
56331,2015-09-11,10.48,3601,141.688
56331,2015-09-04,10.24,3452,140.928
56331,2015-08-05,12.75,4012,149.422
56331,2015-06-20,29.95,10146,151.9
56331,2015-06-14,19.59,5284,157.756
56331,2015-05-03,10.1,2497,149.986
56331,2015-05-01,18.76,5769,142.998
56331,2015-04-26,10.27,3050,154.9
56331,2015-03-21,12.3,3661,148.002
56331,2015-03-08,21.11,5532,160.836
56331,2015-02-09,15.51,4505,147.65
56331,2015-01-24,12.45,3920,145.024
56331,2015-01-15,10.1,3114,138.034
56331,2015-01-11,10.1,2357,172.814
56331,2014-12-25,9.77,2718,157.456
56331,2014-07-06,10.91,2805,152.7
56331,2014-06-26,11.07,3398,149.084
56331,2013-06-16,15.5,3981,174.908
56331,2013-05-19,20.96,5548,165.168
56331,2013-04-07,21.39,5633,171.524
56331,2013-03-03,21.54,5856,178.034
56331,2013-02-17,15.1,3779,175.728
56331,2013-02-09,20.41,5971,163.85
56331,2013-01-27,21.5,5645,165.738
56331,2013-01-13,10.24,2481,179.796
56331,2012-12-30,18.4,5192,169.62
56331,2012-12-03,18.17,5054,169.574
56331,2012-11-18,45.05,12379,168.404
56331,2012-10-21,21.58,5428,173.68
56331,2012-09-30,21.06,5634,165.208
56331,2012-05-20,21.21,5672,173.154
56331,2012-04-22,23.13,6315,177.708
56331,2012-04-16,18.28,5127,170.732
56331,2012-03-25,21.09,5687,176.922
56331,2012-02-19,21.41,5667,175.982
56331,2012-01-08,10.22,2511,173.418
56331,2011-12-18,21.39,5494,173.616
1675394,2015-12-23,8.2,3293,121.586
1675394,2015-12-21,17.75,6295,134.594
1675394,2015-12-16,9.11,3311,127.952
1675394,2015-11-14,10.55,3912,131.99
1675394,2015-11-07,10.63,4022,129.156
1675394,2015-11-02,14.24,5469,135.496
1675394,2015-10-21,9.39,3787,124.098
1675394,2015-06-17,6.57,2673,138.104
1675394,2015-06-05,11.54,3988,139.844
1675394,2015-05-27,7.8,2794,145.266
1675394,2015-04-28,8.37,2990,127.76
1675394,2015-04-16,7.71,2882,129.334
1675394,2015-04-13,14.75,5235,136.062
1675394,2015-03-23,12.16,4051,136.572
1675394,2015-03-16,23.72,8246,136.162
1675394,2015-03-13,17.64,5289,153.412
1675394,2015-03-12,9.33,3435,125.582
1675394,2015-02-28,15.2,4533,158.076
1675394,2015-02-22,9.0,3214,137.028
1675394,2015-02-16,10.33,3618,140.626
1675394,2015-02-11,12.79,4546,140.518
1675394,2015-02-06,9.22,3120,137.494
1675394,2015-02-02,20.97,7407,135.902
1675394,2015-01-23,9.21,3378,129.518
1675394,2015-01-18,7.66,2604,138.656
1675394,2015-01-16,7.95,2881,138.274
1675394,2015-01-12,24.66,8349,145.012
1675394,2015-01-10,13.34,4845,140.868
1675394,2015-01-05,19.48,6759,137.808
1675394,2015-01-03,11.28,4057,136.636
1675394,2015-01-02,5.53,2108,144.266
1675394,2014-12-22,15.37,5108,142.112
1675394,2014-12-19,9.19,3284,149.734
1675394,2014-12-17,8.81,3672,111.964
1675394,2014-12-13,11.98,4056,138.796
1675394,2014-12-10,12.44,3738,156.396
1675394,2014-12-07,11.41,4456,130.384
1675394,2014-11-23,9.16,3235,135.474
1675394,2014-10-19,11.67,3842,139.732
1675394,2014-10-18,13.1,4209,138.76
1675394,2014-10-12,13.16,4458,137.008
1675394,2014-10-10,19.84,5925,153.996
1675394,2014-10-04,11.65,4076,133.478
1675394,2014-09-25,11.86,3844,135.688
4057523,2015-12-15,13.31,4487,167.848
4057523,2015-12-14,5.02,1842,164.534
4057523,2015-11-22,6.09,2002,164.804
4057523,2015-11-15,11.35,3816,169.546
4057523,2015-11-12,15.15,5267,163.302
4057523,2015-11-03,15.07,5751,161.226
4057523,2015-10-14,5.56,1949,159.47
4057523,2015-09-27,6.47,2293,163.574
4057523,2015-09-08,7.14,2543,163.112
1676051,2015-12-26,12.17,3601,161.798
1676051,2015-12-24,11.42,3516,149.254
1676051,2015-12-19,12.32,3602,158.072
1676051,2015-12-12,9.18,2703,158.918
1676051,2015-12-05,10.15,3006,146.374
1676051,2015-11-29,8.78,2711,148.408
1676051,2015-11-14,9.22,2827,148.69
1676051,2015-11-02,8.01,2479,157.858
1676051,2015-10-31,7.62,2141,170.392
1676051,2015-09-20,9.41,3505,155.906
1676051,2015-09-03,9.47,2701,153.036
1676051,2015-08-28,6.27,1987,147.512
1676051,2015-08-24,21.58,7231,150.898
1676051,2015-08-16,7.09,2109,155.718
1676051,2015-08-06,6.26,2401,126.21
1676051,2015-08-05,5.99,2100,144.902
1676051,2015-07-27,43.06,14817,138.934
1676051,2015-07-09,11.87,3300,153.426
1676051,2015-07-02,9.3,2701,156.946
1676051,2015-06-09,6.09,1917,135.412
1676051,2015-06-05,16.66,5403,149.428
1676051,2015-05-06,10.17,3032,154.03
1676051,2015-04-17,7.43,2401,145.086
1676051,2015-04-15,7.65,2400,152.734
1676051,2015-04-08,8.16,2375,155.5
1676051,2015-04-04,6.04,1801,160.15
1676051,2015-04-03,8.09,2400,157.408
1676051,2015-04-01,7.65,2401,147.2
1676051,2015-03-06,10.68,3309,151.274
1676051,2015-03-04,9.16,2700,154.11
13619220,2014-12-02,10.8,4505,150.888
13619220,2014-11-23,20.71,7201,165.27
13619220,2014-11-22,5.47,2407,141.162
13619220,2014-11-20,7.45,3100,139.434
13619220,2014-11-18,7.28,2903,149.434
13619220,2014-10-04,2.01,931,133.916
13619220,2014-09-27,18.92,7580,152.1
13619220,2014-09-11,11.04,4347,154.214
13619220,2014-09-06,10.83,4765,146.992
13619220,2014-09-04,7.27,2908,154.86
13619220,2014-08-15,7.26,2822,155.684
13619220,2014-08-13,12.15,5285,138.596
13619220,2014-08-06,7.98,3268,143.138
13619220,2014-07-30,5.02,1994,146.852
13619220,2014-07-17,10.71,4029,155.916
13619220,2014-07-12,15.33,6729,137.77
13619220,2014-07-10,7.76,2956,154.916
13619220,2014-07-04,7.74,3300,146.996
13619220,2014-07-02,14.1,6142,142.524
13619220,2014-06-24,11.22,4303,154.782
13619220,2014-06-21,10.97,4629,140.536
13619220,2014-06-17,11.16,4602,143.816
13619220,2014-06-10,14.31,6050,147.286
13619220,2014-06-04,14.22,6101,144.654
13619220,2014-05-20,7.27,3150,147.318
13619220,2014-05-11,10.09,3858,168.836
13619220,2014-05-04,6.89,2457,171.782
13619220,2014-04-29,7.28,2768,153.834
13619220,2014-04-22,7.93,3612,142.66
13619220,2014-04-19,8.02,3724,144.33
6800874,2015-11-23,15.31,5402,155.206
6800874,2015-09-27,43.03,14344,156.81
6800874,2015-09-22,10.41,3169,166.472
6800874,2015-09-04,10.05,3013,160.358
6800874,2015-08-31,11.21,3483,155.172
6800874,2015-05-31,20.81,7718,137.636
6800874,2015-05-10,5.01,1698,133.484
6800874,2015-05-02,6.63,2240,139.712
6800874,2015-04-24,5.51,1823,141.258
6800874,2015-04-14,10.23,3191,141.614
6800874,2015-04-07,12.21,3663,150.564
6800874,2015-03-29,3.95,1443,145.644
6800874,2015-03-27,7.15,2520,147.928
6800874,2015-03-17,6.0,1843,143.686
6800874,2015-03-15,5.42,1668,151.812
6800874,2015-03-11,6.02,2085,152.382
6800874,2015-03-09,5.02,1886,144.418
6800874,2015-03-07,10.35,3224,146.404
6800874,2015-02-26,5.48,1802,144.618
6800874,2015-02-24,5.1,1688,150.168
6800874,2015-02-15,21.56,7204,155.626
6800874,2014-10-02,4.99,1778,138.88
6800874,2014-07-28,7.34,2824,140.584
10927933,2014-08-26,8.82,3376,144.322
10927933,2014-08-22,9.67,3524,147.75
10927933,2014-03-06,4.94,2259,140.482
10927933,2014-01-04,9.11,2692,165.86
1063624,2015-12-26,10.26,2617,142.646
1063624,2015-12-14,15.27,4718,121.716
1063624,2015-12-09,8.27,2288,128.442
1063624,2015-12-06,38.89,10594,139.732
1063624,2015-12-05,25.18,7316,132.34
1063624,2015-11-28,17.28,5258,132.26
1063624,2015-11-26,14.05,4039,138.346
1063624,2015-11-22,32.54,9701,128.76
1063624,2015-11-21,18.4,5844,128.586
1063624,2015-11-19,19.64,5947,135.39
1063624,2015-11-18,18.38,5168,141.322
1063624,2015-11-14,28.78,8726,126.026
1063624,2015-11-14,15.5,4067,139.82
1063624,2015-11-12,18.18,5764,122.378
1063624,2015-11-09,10.14,2936,130.204
1063624,2015-11-09,4.04,1487,128.304
1063624,2015-11-09,3.3,1129,130.178
1063624,2015-11-07,11.35,3869,127.8
1063624,2015-11-05,14.05,4379,137.286
1063624,2015-11-04,18.32,5748,131.364
1063624,2015-11-03,16.41,5659,127.218
1063624,2015-11-01,28.57,8190,136.746
1063624,2015-10-29,18.52,6002,137.072
1063624,2015-10-28,10.15,3110,137.346
1063624,2015-10-27,22.53,7800,132.58
1063624,2015-10-17,21.28,6432,139.454
1063624,2015-10-11,21.59,6174,142.316
1063624,2015-10-11,15.12,5254,134.622
1063624,2015-10-05,4.26,1532,121.502
1063624,2015-10-04,42.96,9587,170.832
1063624,2015-09-30,17.44,5747,112.108
1063624,2015-09-29,13.47,4677,110.672
1063624,2015-09-24,12.39,4230,121.632
1063624,2015-09-24,18.33,5572,134.86
1063624,2015-09-23,12.14,3330,140.014
1063624,2015-09-22,10.12,3036,125.384
1063624,2015-09-17,15.41,3804,144.176
1063624,2015-09-15,10.6,2843,139.108
1063624,2015-09-14,16.45,5083,128.674
1063624,2015-09-14,18.46,6168,121.886
1063624,2015-09-13,12.18,3217,142.5
1063624,2015-09-13,24.86,7345,144.01
1063624,2015-09-11,16.33,5159,129.484
1063624,2015-09-11,16.34,5138,128.556
1063624,2015-09-08,16.36,5115,116.792
1063624,2015-09-07,10.09,2964,121.682
1063624,2015-09-06,5.08,1702,113.402
1063624,2015-09-05,12.16,3499,131.296
1063624,2015-09-05,17.97,4965,140.992
1063624,2015-09-04,16.93,5258,123.898
1063624,2015-09-03,8.12,2278,126.242
1063624,2015-08-31,14.17,3634,138.272
1063624,2015-08-30,16.3,5222,120.166
1063624,2015-08-28,41.72,11380,139.658
1063624,2015-08-27,14.2,4175,132.96
1063624,2015-08-26,14.14,3931,137.856
1063624,2015-08-25,26.85,7432,139.018
1063624,2015-08-25,17.45,5156,126.452
1063624,2015-08-24,16.07,4761,125.968
1063624,2015-08-23,18.73,5688,127.508
1063624,2015-08-22,33.94,9934,143.528
1063624,2015-08-19,22.13,6500,124.726
1063624,2015-08-16,9.58,2445,170.56
1063624,2015-08-15,12.27,3923,119.506
1063624,2015-08-14,16.75,5612,132.72
1063624,2015-08-11,14.24,4499,125.014
1063624,2015-08-10,12.16,3862,122.02
1063624,2015-07-31,24.65,6934,137.586
1063624,2015-07-30,20.3,5375,132.458
1063624,2015-07-27,14.31,4372,121.89
1063624,2015-07-25,12.14,3601,122.342
1063624,2015-07-23,33.36,9307,141.3
1063624,2015-07-21,18.61,5859,122.038
1063624,2015-07-20,10.06,2244,178.382
1063624,2015-07-18,16.58,4939,129.356
1063624,2015-07-17,8.17,2427,121.612
1063624,2015-07-17,18.95,5680,133.19
1063624,2015-07-14,24.39,6382,138.066
1063624,2015-07-13,12.2,3534,121.252
1063624,2015-07-10,18.41,5890,115.384
1063624,2015-07-07,16.39,5035,123.428
1063624,2015-07-05,5.08,1595,134.02
1063624,2015-07-03,34.42,11726,123.33
1063624,2015-06-30,16.4,3913,140.992
1063624,2015-06-28,19.08,5470,133.078
1063624,2015-06-25,30.18,9159,130.086
1063624,2015-06-22,17.37,5406,125.362
1063624,2015-06-18,8.09,2748,117.244
1063624,2015-06-14,17.4,5728,124.542
1063624,2015-06-12,15.71,4571,129.874
1063624,2015-06-09,37.32,11582,125.16
1063624,2015-06-06,26.27,8596,124.092
1063624,2015-06-02,21.82,7121,122.264
1063624,2015-06-01,20.1,4188,124.946
1063624,2015-05-30,30.91,9033,136.306
1063624,2015-05-29,35.22,11118,127.244
1063624,2015-05-27,24.6,7649,124.858
1063624,2015-05-18,6.05,1965,115.574
1063624,2015-05-15,9.69,2161,171.006
1063624,2015-05-13,11.19,3714,119.056
1063624,2015-05-13,17.39,4914,144.904
1063624,2015-05-10,1.59,554,125.142
1063624,2015-05-07,37.61,11018,137.806
1063624,2015-05-06,12.86,3683,142.892
1063624,2015-05-03,13.4,5187,114.842
1063624,2015-04-30,10.33,3353,125.792
1063624,2015-04-22,21.48,7077,125.514
1063624,2015-04-20,5.11,1604,118.954
1063624,2015-04-18,16.72,5684,115.938
1063624,2015-04-16,15.89,5307,122.9
1063624,2015-04-06,24.81,8359,129.402
1063624,2015-04-04,21.95,6881,127.312
10726030,2015-11-15,43.31,13493,146.318
5106976,2015-12-21,11.64,3827,143.072
5106976,2015-12-16,9.21,2413,168.696
5106976,2015-12-07,17.76,5579,146.1
5106976,2015-07-13,11.41,3621,163.514
96628,2015-06-21,20.47,5410,157.938
96628,2015-06-10,10.08,2634,154.148
96628,2015-05-18,9.96,2615,155.91
96628,2015-05-10,19.79,5545,149.244
2016429,2015-08-26,8.77,2517,168.408
2016429,2015-05-14,5.39,1588,154.26
2016429,2015-04-04,10.8,3119,171.902
2016429,2015-03-17,10.52,3163,168.712
4905815,2014-07-02,9.86,2763,157.15
4905815,2014-04-21,15.92,4407,163.43
4905815,2014-04-12,16.97,4692,168.068
4905815,2014-04-01,10.48,3077,146.782
4905815,2014-03-25,11.11,3345,160.198
4905815,2014-03-14,22.12,6457,149.642
4905815,2014-03-08,11.2,3468,148.672
4905815,2014-03-06,10.46,2693,165.906
4905815,2014-02-24,22.53,6455,167.284
4905815,2014-02-17,9.57,2619,164.286
4905815,2014-02-06,10.56,4165,119.232
4905815,2014-01-26,24.34,7779,164.88
4905815,2014-01-24,10.15,2614,170.644
4905815,2014-01-20,10.5,3096,163.392
4905815,2014-01-12,10.5,3006,164.75
4905815,2014-01-11,15.3,4921,147.228
4905815,2013-12-27,9.55,3192,157.75
4905815,2013-08-06,10.05,2942,160.34
4905815,2013-07-20,9.54,3200,146.716
4905815,2013-05-23,5.57,2205,125.492
4905815,2013-05-17,9.46,4109,122.076
9956787,2014-11-02,18.86,13930,132.048
9313150,2015-09-24,6.35,2947,158.476
9313150,2015-06-28,9.62,5390,145.418
9313150,2015-05-24,20.51,3784,89.172
9313150,2015-03-18,20.21,2046,146.744
9313150,2015-01-08,7.54,3682,115.158
9313150,2014-11-13,9.22,4210,132.124
9313150,2014-11-12,21.83,3963,125.4
9313150,2014-08-25,14.19,7166,129.902
8747440,2015-05-01,19.57,5460,158.058
8747440,2015-04-25,10.31,2694,159.522
8747440,2015-04-15,15.22,4234,157.09
8747440,2015-04-10,10.07,2634,165.236
8747440,2015-04-03,13.92,3864,162.672
8747440,2015-03-29,14.42,3967,154.92
8747440,2015-03-18,10.39,3058,152.802
8747440,2015-03-06,10.45,3031,157.65
8747440,2015-02-13,13.91,3946,157.75
8747440,2015-02-10,12.62,3468,156.762
8747440,2015-01-30,11.44,3399,153.92
8747440,2015-01-25,10.51,2791,167.39
8747440,2015-01-18,10.94,3163,153.938
8747440,2015-01-13,10.36,2891,163.248
8747440,2014-11-09,10.89,3025,163.83
8747440,2014-10-28,11.3,3272,161.898
8747440,2014-10-23,10.63,2841,169.736
8747440,2014-09-22,10.19,2845,166.172
8747440,2014-09-01,21.63,7022,154.708
8747440,2014-08-27,10.68,3091,163.308
8747440,2014-08-17,11.27,3390,153.504
8747440,2014-08-12,11.36,3418,150.304
8747440,2014-08-09,13.93,3910,163.032
8747440,2014-07-17,11.18,3049,162.112
8747440,2014-07-16,10.41,3008,153.724
8747440,2014-07-14,12.78,3597,158.564
8747440,2014-07-12,12.68,3556,160.376
8747440,2014-06-27,16.01,4521,159.02
8747440,2014-06-19,16.08,4791,153.818
8747440,2014-06-17,10.65,2923,160.176
8747440,2014-06-12,13.45,3837,162.568
8747440,2014-06-02,8.17,2289,160.738
8747440,2014-05-30,19.5,5644,157.104
8747440,2014-05-15,10.36,2932,157.318
8747440,2014-05-12,15.04,4246,156.252
8747440,2014-05-05,19.33,5442,158.006
8747440,2014-04-04,9.98,2706,166.652
8747440,2014-03-16,10.22,2756,166.248
8747440,2014-03-09,11.64,3252,161.278
8747440,2014-02-25,17.5,5141,158.688
8747440,2014-02-23,10.45,2939,167.238
3381703,2015-12-20,18.94,6447,151.11
3381703,2015-12-07,11.07,3654,150.954
3381703,2015-11-25,11.08,3682,152.322
3381703,2015-11-22,22.36,8040,144.512
3381703,2015-11-13,12.2,4039,156.116
3381703,2015-10-19,15.58,5386,143.258
3381703,2015-10-07,13.6,4525,156.916
3381703,2015-09-30,12.21,4039,156.648
3381703,2015-09-28,11.79,3999,151.586
3381703,2015-09-26,22.92,8178,146.55
3381703,2015-09-22,5.08,1817,133.612
3381703,2015-09-13,13.57,4523,153.19
3381703,2015-09-11,10.96,3665,151.238
3381703,2015-09-05,14.39,4928,152.306
3381703,2015-08-14,10.69,3442,155.284
3381703,2015-07-31,7.13,2589,141.47
3381703,2015-07-30,11.81,3923,159.44
3381703,2015-07-26,18.96,7248,141.796
3381703,2015-07-23,6.12,2220,143.128
3381703,2015-07-16,6.17,2281,144.516
3381703,2015-07-14,12.17,4136,153.618
3381703,2015-07-09,9.09,3183,156.186
3381703,2015-06-15,14.58,5393,144.116
3381703,2015-06-07,27.9,11347,146.67
3381703,2015-06-04,14.33,5438,146.126
3381703,2015-06-02,14.51,5434,145.158
3381703,2015-05-28,7.54,2656,154.676
3381703,2015-05-26,10.07,3863,145.836
3381703,2015-05-21,7.54,2650,154.624
3381703,2015-05-20,10.12,3787,144.964
3381703,2015-05-17,14.57,5750,146.178
3381703,2015-05-14,9.98,3599,154.202
3381703,2015-04-23,11.06,3874,158.414
3381703,2015-04-20,11.17,3990,154.718
3381703,2015-04-07,4.87,1892,143.812
3381703,2015-04-05,24.31,9556,149.984
3381703,2015-03-09,11.22,4102,148.726
3381703,2015-03-01,20.28,8287,146.838
3381703,2015-02-02,7.94,3221,143.616
3381703,2015-01-26,7.74,2926,146.428
3381703,2015-01-21,8.34,3202,145.828
3381703,2015-01-03,6.66,2692,149.296
3381703,2014-12-19,6.71,2594,148.378
3381703,2014-11-27,5.54,2140,145.148
3381703,2014-11-25,6.86,2566,148.744
3381703,2014-11-23,10.7,3992,148.544
3381703,2014-11-20,8.95,3292,150.694
3381703,2014-11-18,6.62,2424,149.494
3381703,2014-11-16,9.59,3669,146.018
3381703,2014-10-30,6.23,2401,146.242
3381703,2014-10-19,6.79,2521,144.684
3381703,2014-10-07,6.77,2430,144.602
3381703,2014-09-25,5.17,1938,142.042
791908,2015-10-27,10.22,3304,138.36
791908,2015-10-11,13.98,3709,166.866
791908,2015-09-30,10.32,2895,146.604
791908,2015-08-13,9.08,2861,137.082
791908,2015-08-01,10.37,2975,148.666
791908,2015-07-22,13.42,4896,128.392
791908,2015-05-06,13.62,4546,133.132
791908,2015-03-22,19.85,5860,146.584
791908,2015-03-21,12.07,3521,145.6
791908,2015-03-11,11.43,3242,142.412
791908,2015-02-04,9.16,2823,141.494
791908,2014-12-24,13.67,3965,144.04
791908,2014-12-17,9.18,2953,139.704
791908,2013-12-23,9.24,3282,143.594
14370069,2014-10-12,15.2,4581,171.054
14370069,2014-10-04,15.17,5681,144.988
14370069,2014-09-28,14.46,5839,127.234
14370069,2014-09-23,8.28,2676,145.986
14370069,2014-09-22,8.15,2879,141.872
14370069,2014-09-20,11.72,4500,139.584
14370069,2014-08-17,12.56,5088,118.572
14370069,2014-08-09,12.16,4412,139.556
14370069,2014-08-04,10.2,4012,132.064
14370069,2014-07-20,10.22,3926,125.534
14370069,2014-06-22,8.13,3377,142.988
14370069,2014-04-13,16.63,6336,144.632
14370069,2014-04-06,10.41,2831,174.352
14370069,2014-03-31,7.66,2707,133.214
14370069,2014-03-28,8.37,2843,140.058
14370069,2014-03-21,8.18,3123,130.482
14370069,2014-03-18,8.21,2680,143.38
14370069,2014-03-16,10.0,3743,132.334
14370069,2014-03-08,13.41,4763,136.938
14370069,2014-02-22,9.67,3436,134.954
14370069,2014-02-16,20.96,6237,171.868
14370069,2014-02-14,7.59,3057,128.294
14370069,2014-01-27,11.52,4407,133.322
3055418,2014-12-27,11.23,3127,160.772
3055418,2014-12-17,15.73,5003,134.842
3055418,2014-01-10,18.6,4939,167.596
3055418,2014-01-09,14.16,3983,157.314
3055418,2013-12-30,11.2,3094,167.978
3055418,2013-12-28,10.24,2439,175.458
3055418,2013-12-26,10.21,2724,163.422
3055418,2013-12-25,10.32,2827,169.602
3055418,2013-12-23,21.39,6183,161.876
3055418,2013-12-20,10.19,2634,169.584
3055418,2013-12-12,14.41,4145,153.512
3055418,2013-12-09,11.21,3509,157.476
3055418,2013-11-26,10.14,3005,159.018
3055418,2013-11-15,12.47,3326,152.046
3055418,2013-11-13,10.12,2431,173.07
3055418,2013-11-07,10.19,2793,153.37
3055418,2013-11-06,10.22,2335,173.416
3055418,2013-11-05,10.26,2377,174.42
3055418,2013-11-04,21.59,5725,156.784
3055418,2013-11-03,11.27,2894,164.238
3055418,2013-10-30,14.58,3624,173.324
3055418,2013-10-25,12.28,3230,156.794
3055418,2013-10-23,10.19,2686,155.66
3055418,2013-10-21,13.23,3601,147.948
3055418,2013-10-20,12.24,2918,166.802
3055418,2013-10-19,21.59,5456,166.68
3055418,2013-10-18,11.19,2791,162.776
3055418,2013-10-14,21.5,5409,165.536
3055418,2013-10-11,10.6,2349,168.968
3055418,2013-10-10,10.13,2348,173.044
3055418,2013-10-08,10.09,2515,170.76
3055418,2013-10-06,12.17,3147,167.682
3055418,2013-09-30,11.12,2983,173.816
3055418,2013-09-27,11.2,3062,163.312
3055418,2013-09-20,10.14,2797,147.872
3055418,2013-09-19,10.23,2389,171.87
3055418,2013-09-05,10.27,2761,155.946
3055418,2013-07-22,21.41,5653,167.912
3055418,2013-07-11,10.19,2719,160.746
3055418,2013-07-06,12.73,3540,163.696
3055418,2013-07-05,9.24,2870,147.14
3055418,2013-07-04,10.13,2789,166.0
4399772,2015-01-05,7.38,2568,132.628
4399772,2014-10-19,7.69,2792,123.022
4399772,2014-03-14,11.23,4849,126.786
3375182,2015-10-14,8.14,2289,139.482
3375182,2015-09-03,17.25,4756,142.874
3375182,2015-08-27,12.55,3548,133.208
3375182,2015-08-07,20.74,6350,143.786
2974312,2015-11-28,16.61,5015,146.346
2974312,2015-11-11,10.02,2458,171.924
2974312,2015-11-03,6.97,1990,150.892
2974312,2015-11-02,17.58,5678,142.968
2974312,2015-10-20,10.19,2530,162.716
2974312,2015-09-20,21.62,5462,164.366
2974312,2015-09-18,7.29,2113,152.22
2974312,2015-09-08,7.05,1787,158.366
2974312,2015-08-26,8.18,2098,160.614
2974312,2015-08-25,6.61,1859,153.406
2974312,2015-08-02,25.07,8675,135.094
2974312,2015-07-26,21.29,6982,136.482
2974312,2015-07-25,5.66,1956,136.51
2974312,2015-07-01,22.8,7567,136.872
2974312,2015-06-19,8.09,2200,153.108
2974312,2015-06-10,9.16,2648,151.658
2974312,2015-05-24,10.43,2571,171.564
2974312,2015-05-06,5.13,1818,122.794
2974312,2015-04-26,10.22,3054,150.766
2974312,2015-04-15,8.2,2415,148.332
2974312,2015-04-15,5.12,1812,125.754
2974312,2015-03-23,10.11,2587,157.29
2974312,2015-03-20,11.22,3113,151.444
2974312,2015-03-18,5.01,1779,125.37
2974312,2015-03-16,10.15,2775,152.972
2974312,2015-03-11,5.11,1719,125.916
2974312,2015-03-09,7.77,2350,143.554
2974312,2015-03-04,11.61,3717,148.8
2974312,2015-02-25,28.31,8109,152.572
2974312,2015-02-18,11.11,3920,131.88
2974312,2015-01-28,5.11,1808,123.602
2974312,2015-01-25,14.21,3853,150.762
2974312,2015-01-21,5.13,2116,122.764
2974312,2014-11-05,5.4,1732,133.976
681624,2015-12-10,10.53,4394,150.5
681624,2015-11-27,10.5,4546,148.722
681624,2015-11-24,18.3,8423,156.446
681624,2015-11-20,4.52,1768,159.878
681624,2015-10-15,12.1,5580,153.592
681624,2015-07-20,11.69,4803,157.11
681624,2015-07-14,8.49,3413,158.022
681624,2015-07-12,7.88,4775,119.308
681624,2015-07-06,11.1,5587,142.192
681624,2015-07-04,7.56,3772,138.44
681624,2015-07-01,7.22,3441,141.368
681624,2015-06-08,2.85,2525,83.576
681624,2015-05-08,10.64,5748,137.112
681624,2015-05-07,6.23,2684,149.444
681624,2015-05-03,18.94,8674,158.788
681624,2015-04-20,8.25,4734,124.634
681624,2015-04-15,3.29,1370,147.076
681624,2015-03-01,20.97,7311,166.894
681624,2015-02-18,9.27,4567,150.682
681624,2015-02-04,3.08,1084,154.598
681624,2015-01-27,12.01,6216,134.31
681624,2015-01-25,12.15,6413,139.474
681624,2015-01-09,10.49,4428,152.122
681624,2015-01-07,8.23,4097,138.34
681624,2014-12-30,3.6,1547,149.688
681624,2014-12-18,6.19,2401,152.074
681624,2014-12-14,28.37,12718,151.55
8438734,2015-02-11,17.22,8812,162.138
7183572,2016-01-01,12.11,4000,137.24
7183572,2015-12-06,15.48,5043,144.98
7183572,2015-12-05,11.11,3653,135.042
7183572,2015-11-17,11.33,3662,141.258
7183572,2015-10-31,12.22,4005,137.748
7183572,2015-10-24,12.27,3935,141.554
7183572,2015-10-19,12.6,4223,131.292
7183572,2015-07-15,10.49,3381,137.744
7183572,2015-03-16,13.04,4221,136.616
7183572,2015-02-15,13.04,4191,143.292
7183572,2015-02-01,12.04,3843,141.096
7183572,2015-01-30,12.66,4178,135.738
7183572,2015-01-29,10.05,3210,137.866
7183572,2015-01-19,12.02,3928,135.716
7183572,2014-10-18,8.35,2591,145.49
5839886,2015-09-20,10.13,3413,148.124
5839886,2015-09-13,10.3,4026,144.138
5839886,2015-06-13,10.76,3809,138.882
5839886,2015-04-07,6.25,2723,118.382
5839886,2014-11-02,12.82,4644,131.042
5839886,2014-10-13,8.77,3103,138.53
5839886,2014-10-12,11.58,4062,137.72
5839886,2014-09-26,7.93,2696,142.604
5839886,2014-09-21,10.2,2946,167.542
5839886,2014-08-29,7.66,2407,149.814
5839886,2014-06-04,10.65,3358,146.48
5839886,2014-05-31,7.88,2494,144.996
5839886,2014-05-27,8.51,2856,141.27
5839886,2014-05-25,13.31,4621,147.986
5839886,2014-05-13,10.2,3345,141.114
5839886,2014-05-10,15.35,5326,139.468
5839886,2014-05-07,18.45,5446,147.818
5839886,2014-05-06,10.2,3546,133.774
5839886,2014-05-02,14.3,4751,156.822
5839886,2014-04-30,8.09,2724,145.536
5839886,2014-04-16,10.38,3475,135.124
5839886,2014-04-15,7.6,2460,141.772
5839886,2014-04-13,12.93,4115,148.806
5839886,2014-04-07,10.47,3590,134.516
5839886,2014-03-21,10.36,3438,143.942
5839886,2014-03-19,11.38,3689,145.336
5839886,2014-03-06,10.16,3302,149.934
5839886,2014-02-25,9.61,3322,152.616
5839886,2014-02-14,6.1,2190,146.696
5839886,2014-02-02,14.9,5246,153.008
5839886,2014-01-12,14.04,5303,144.372
5839886,2013-12-23,8.15,3018,147.832
5839886,2013-11-29,13.76,4204,142.696
1035156,2012-10-21,21.38,6266,154.506
1035156,2012-10-07,11.39,3248,161.606
1035156,2012-08-15,10.22,2778,160.318
1035156,2012-07-29,13.79,4725,157.42
1035156,2012-07-27,10.24,3524,158.958
1035156,2012-07-16,15.55,4860,160.37
1035156,2012-07-14,19.3,6407,166.91
1035156,2012-07-08,6.2,1883,169.202
7780362,2016-01-01,4.37,1018,177.562
7780362,2015-12-23,8.11,2205,165.62
7780362,2015-12-18,9.96,2713,161.21
7780362,2015-12-15,17.03,5038,157.534
7780362,2015-11-26,12.55,3553,164.24
7780362,2015-11-19,12.5,3769,152.038
7780362,2015-10-31,10.63,3063,151.338
7780362,2015-10-28,9.15,2603,153.748
7780362,2015-10-22,10.02,2942,151.3
7780362,2015-10-14,10.03,2891,151.108
7780362,2015-10-10,14.77,4201,155.626
7780362,2015-10-08,10.64,3087,149.668
7780362,2015-09-30,10.04,2632,163.376
7780362,2015-09-25,10.06,2881,159.02
7780362,2015-09-22,7.92,2402,146.976
7780362,2015-09-18,9.74,2957,149.658
7780362,2015-09-15,6.1,1864,150.804
7780362,2015-09-10,6.18,1987,141.08
7780362,2015-08-29,6.02,1834,152.196
7780362,2015-08-25,7.01,2103,140.84
7780362,2015-08-20,6.02,1805,157.636
7780362,2015-08-18,5.91,1805,141.976
7780362,2015-08-11,6.7,1828,157.88
7780362,2015-08-06,4.53,1189,163.528
7780362,2015-08-05,8.64,2403,163.36
7780362,2015-08-01,7.37,1982,161.106
7780362,2015-07-11,5.45,1349,174.574
7780362,2015-07-04,8.1,2246,162.74
7780362,2015-06-23,7.55,2314,143.524
7780362,2015-06-20,5.23,1637,149.756
7780362,2015-06-18,9.37,2692,151.744
7780362,2015-05-29,7.85,2163,152.628
7780362,2015-05-13,8.97,2403,158.536
7780362,2015-05-05,6.17,1857,140.854
7780362,2015-04-15,11.37,3164,153.194
7780362,2015-04-08,18.72,5142,160.234
7780362,2015-04-03,8.76,2486,152.88
7780362,2015-04-01,9.65,2719,148.828
7780362,2015-03-26,8.79,2472,150.806
7780362,2015-03-10,10.91,3699,139.092
7780362,2015-02-28,12.89,3726,157.644
7780362,2015-02-25,10.35,4213,148.066
7780362,2015-02-17,11.74,3783,142.334
7780362,2015-02-06,11.46,3756,178.516
7780362,2015-02-03,9.17,2935,156.586
7780362,2015-01-30,8.57,2978,154.462
7780362,2015-01-13,7.86,2406,156.422
7780362,2015-01-06,5.99,2108,134.908
7780362,2015-01-04,4.82,1513,145.312
7780362,2014-12-27,7.46,2198,161.908
7780362,2014-12-24,7.76,2431,155.91
7780362,2014-11-29,3.85,1321,138.546
7780362,2014-10-10,5.31,1446,164.864
7780362,2014-10-04,7.29,2414,138.62
7780362,2014-10-01,6.23,2029,139.822
6963583,2014-02-25,7.67,3598,136.736
6963583,2014-02-16,30.68,10074,160.576
4133458,2015-09-27,7.98,2577,156.884
4133458,2015-08-20,9.99,3412,139.08
1343759,2015-04-12,8.59,2705,154.076
2464640,2014-10-27,5.11,2728,149.068
1060751,2015-12-30,15.97,5066,135.988
1060751,2015-12-21,15.28,4382,150.76
1060751,2015-12-16,13.43,3903,145.868
1060751,2015-12-09,13.55,4041,140.43
1060751,2015-12-04,11.32,3395,143.134
1060751,2015-11-30,13.36,3961,139.358
1060751,2015-11-25,13.58,4161,136.7
1060751,2015-11-24,13.5,3924,145.808
1060751,2015-11-19,13.37,4118,145.876
1060751,2015-11-18,12.88,3706,145.934
1060751,2015-11-16,12.18,3756,140.138
1060751,2015-11-12,10.43,4149,136.63
1060751,2015-11-11,13.07,3802,143.558
1060751,2015-11-04,12.33,3774,149.48
1060751,2015-11-03,12.41,3702,147.422
1060751,2015-10-17,15.41,4634,152.976
1060751,2015-10-11,9.27,3112,135.98
1060751,2015-10-09,15.94,4667,144.172
1060751,2015-10-07,15.69,4609,146.648
1060751,2015-10-05,13.98,4212,146.594
1060751,2015-09-30,14.18,4335,143.106
1060751,2015-09-28,11.67,3553,144.906
1060751,2015-08-28,14.82,4351,147.17
1060751,2015-08-24,13.31,3937,135.59
1060751,2015-08-18,13.57,4138,133.522
1060751,2015-08-15,14.49,4654,131.844
1060751,2015-07-13,13.9,4158,137.046
1060751,2015-07-08,11.92,3713,137.508
1060751,2015-07-03,13.81,4116,141.86
1060751,2015-07-02,11.01,3360,136.536
1060751,2015-06-30,12.94,4099,132.826
1060751,2015-06-29,12.43,3958,131.524
1060751,2015-06-24,13.66,4274,133.624
1060751,2015-06-22,11.55,3834,127.09
1060751,2015-06-17,13.82,4181,136.904
1060751,2015-06-08,9.07,3090,127.272
1060751,2015-04-01,16.27,5005,129.924
1060751,2015-03-25,13.12,4029,123.816
1060751,2015-03-13,12.38,3799,124.41
1060751,2015-03-09,21.0,6199,136.176
1060751,2015-03-07,12.63,3889,132.746
1060751,2015-02-20,12.78,3916,132.496
1060751,2014-11-02,14.33,4483,136.362
1060751,2014-10-19,10.45,3688,134.914
1060751,2014-09-27,13.66,3942,139.792
2625706,2015-02-20,13.94,4213,152.632
2625706,2014-12-21,10.06,3724,151.98
2625706,2014-11-16,10.21,4112,143.566
2898275,2014-04-25,11.69,3204,147.64
2898275,2014-04-21,29.07,9450,133.852
2898275,2014-04-19,12.11,3177,155.914
2898275,2014-04-17,7.83,2465,136.724
2898275,2014-04-16,7.61,2079,151.926
2898275,2014-04-14,7.88,2589,128.376
2898275,2014-04-12,35.38,11282,139.048
2898275,2014-04-11,9.75,2607,152.816
2898275,2014-04-09,10.98,2974,148.74
2898275,2014-04-06,35.07,11310,141.366
2898275,2014-04-04,11.7,3180,153.51
2898275,2014-03-30,8.06,2630,142.666
2898275,2014-03-30,21.31,5731,154.932
2898275,2014-03-28,11.7,3100,151.182
2898275,2014-03-26,10.11,3105,138.47
2898275,2014-03-21,7.69,2267,138.356
2898275,2014-03-19,12.08,3203,150.522
2898275,2014-03-12,7.51,2120,147.312
2898275,2014-03-10,29.63,9638,140.692
2898275,2014-03-08,9.1,2487,152.014
2898275,2014-03-06,10.04,2674,152.992
2898275,2014-03-05,11.85,3543,146.792
2898275,2014-03-03,15.62,4684,138.718
2898275,2014-02-28,11.97,3440,143.132
2898275,2014-02-25,12.02,3705,138.524
2898275,2014-02-23,27.76,8763,139.028
2898275,2014-02-20,15.95,5098,136.636
2898275,2014-02-18,12.88,4000,140.156
2898275,2014-02-13,11.02,3033,148.17
2898275,2014-02-11,10.21,3130,138.768
2898275,2014-02-10,15.67,5011,133.116
2898275,2014-02-03,24.47,7269,141.86
2898275,2014-01-30,13.45,3754,144.488
2898275,2014-01-27,21.62,6443,140.616
2898275,2014-01-23,10.31,2920,144.356
2898275,2014-01-21,18.26,5398,141.32
2898275,2014-01-19,10.08,2489,155.854
2898275,2014-01-17,10.2,2904,142.394
2898275,2014-01-13,10.47,3307,134.358
2898275,2014-01-12,10.02,2454,163.86
2898275,2014-01-10,18.31,5390,138.408
2898275,2014-01-06,19.19,6062,132.636
2898275,2014-01-05,7.9,2291,140.246
2898275,2014-01-03,10.1,2587,159.122
2898275,2013-12-31,10.29,3106,141.476
2898275,2013-12-29,15.35,4541,136.662
2898275,2013-12-27,8.28,2362,142.392
2898275,2013-12-25,13.3,3743,147.198
2898275,2013-12-23,15.03,4428,140.668
2898275,2013-12-20,13.36,3868,140.334
2898275,2013-12-18,10.13,3112,136.138
2898275,2013-12-16,20.78,6082,141.304
2898275,2013-12-14,11.0,3119,151.64
2898275,2013-12-09,8.19,2591,136.84
2898275,2013-12-05,10.46,2932,143.012
2898275,2013-12-03,13.26,3906,136.618
2898275,2013-11-30,10.13,2974,143.064
2898275,2013-11-27,10.16,3010,135.67
2898275,2013-11-25,23.51,6774,140.932
2898275,2013-11-24,8.87,2507,141.23
2898275,2013-11-22,10.08,2696,148.828
2898275,2013-11-20,7.6,2095,147.284
2898275,2013-11-18,10.26,2977,143.782
2898275,2013-11-14,10.33,3198,124.504
2898275,2013-11-11,22.14,6580,137.936
2898275,2013-11-10,11.37,3217,142.702
2898275,2013-11-09,11.03,3153,145.054
2898275,2013-11-06,12.34,3730,136.344
2898275,2013-11-04,20.89,6452,132.016
2898275,2013-10-28,13.53,4052,141.67
2898275,2013-10-25,8.42,2490,141.486
2898275,2013-10-23,9.28,2622,153.826
2898275,2013-10-22,12.27,3891,135.642
2898275,2013-10-20,21.43,6365,141.16
2898275,2013-10-17,11.03,2902,151.042
2898275,2013-10-16,12.3,3906,130.892
2898275,2013-10-14,10.02,2479,158.592
2898275,2013-10-12,10.42,3158,134.49
2898275,2013-10-10,12.3,3521,144.222
2898275,2013-10-09,15.15,4870,133.882
2898275,2013-10-05,12.35,3535,142.04
2898275,2013-10-03,10.47,3001,142.954
2898275,2013-10-01,10.31,3339,132.478
2898275,2013-09-30,19.21,5776,143.924
2898275,2013-09-27,12.25,3652,137.462
2898275,2013-09-24,9.17,2792,139.098
2898275,2013-09-17,13.87,3870,144.782
2898275,2012-07-08,19.03,6021,149.188
2898275,2012-07-02,18.17,5643,152.316
2898275,2012-06-24,20.78,6468,157.208
2898275,2012-06-20,13.44,4150,146.998
2898275,2012-06-18,14.25,4375,150.728
2898275,2012-06-16,10.23,3052,148.168
2898275,2012-06-13,10.17,3270,143.16
2898275,2012-06-11,19.52,6173,154.632
2898275,2012-06-08,13.54,4227,150.988
2898275,2012-05-28,20.26,6403,147.392
2898275,2012-05-26,13.4,4156,148.62
2898275,2012-05-24,8.18,2429,154.12
2898275,2012-05-18,14.14,4505,148.406
2898275,2012-05-14,20.38,6309,147.026
2898275,2012-05-12,10.18,3011,152.186
2898275,2012-05-06,18.21,5720,141.026
2898275,2012-05-04,8.16,2433,149.938
2898275,2012-05-02,13.81,4396,143.274
2898275,2012-04-14,10.25,3227,146.316
2898275,2012-04-12,14.36,4643,148.714
13653,2015-12-29,12.28,3941,154.088
13653,2015-12-24,10.66,3390,158.418
907015,2015-10-04,5.08,1732,123.588
907015,2015-09-15,6.2,2912,97.564
907015,2015-09-12,6.97,2763,124.78
907015,2015-08-08,5.05,1976,113.868
907015,2015-08-06,6.05,2095,123.578
907015,2015-07-16,6.61,2356,115.452
907015,2015-07-11,11.14,4471,104.616
907015,2015-06-22,7.19,2283,124.262
907015,2015-06-05,7.41,2508,117.042
907015,2015-05-03,5.09,2096,106.73
907015,2015-03-24,7.91,2585,126.314
907015,2015-03-23,33.3,4091,193.302
907015,2015-03-20,23.83,3214,149.764
907015,2015-03-17,1.77,1069,88.566
907015,2015-03-17,4.16,1810,102.998
907015,2015-03-08,17.51,2517,111.324
907015,2015-03-07,15.99,5425,129.484
907015,2015-02-26,7.97,2953,111.342
907015,2015-02-24,5.81,2024,125.72
907015,2015-02-19,6.92,2496,118.462
907015,2015-02-14,14.38,4704,128.076
907015,2015-02-09,21.64,3110,117.466
907015,2015-02-08,10.26,3429,128.116
907015,2015-01-31,7.17,2383,132.664
907015,2015-01-25,10.43,3575,128.234
907015,2015-01-18,10.5,3461,130.662
907015,2015-01-13,6.43,1944,141.124
907015,2015-01-13,2.12,1144,95.876
907015,2015-01-12,10.68,3534,126.944
907015,2015-01-05,10.69,3581,129.156
907015,2015-01-03,7.12,2254,132.594
907015,2014-12-26,6.85,2393,120.188
907015,2014-12-01,10.03,3211,130.896
907015,2014-11-13,5.07,1735,126.448
907015,2014-11-11,3.7,1356,120.968
907015,2014-11-01,5.28,1917,117.14
907015,2014-10-31,5.1,1776,110.068
907015,2014-10-18,9.26,2959,127.626
907015,2014-10-09,6.23,2081,126.656
907015,2014-09-30,7.16,2387,126.15
907015,2014-09-28,3.65,1301,112.406
907015,2014-09-13,5.23,1759,120.998
907015,2014-09-08,6.99,1948,152.628
907015,2014-08-26,10.16,3344,124.51
907015,2014-08-23,5.86,1747,144.304
907015,2014-07-17,5.82,2067,110.858
907015,2014-06-28,7.82,3350,110.846
907015,2014-06-16,7.26,2080,144.348
907015,2014-06-14,7.28,2156,140.61
907015,2014-05-06,20.56,6981,117.882
907015,2014-05-01,2.87,971,118.006
907015,2014-04-30,5.36,2056,109.538
907015,2014-04-25,2.78,960,115.74
907015,2014-04-18,7.27,2070,145.544
907015,2014-04-17,5.04,2549,106.552
907015,2014-04-15,18.41,5667,136.65
907015,2014-04-13,7.2,2187,144.794
907015,2014-04-12,12.32,4422,129.294
1725447,2014-09-22,8.47,2438,143.182
1725447,2014-09-20,11.29,3210,156.978
1725447,2014-09-07,10.41,3011,162.312
1725447,2014-08-26,10.05,2888,161.792
1725447,2014-08-12,9.38,2609,167.392
1725447,2014-06-20,16.04,4312,160.794
1725447,2014-05-31,24.75,8000,155.684
1725447,2014-05-18,20.54,5821,160.448
1725447,2014-04-28,11.83,3262,151.814
1725447,2012-11-18,10.27,2702,168.426
1725447,2012-10-14,24.6,11623,158.268
1725447,2012-10-07,10.3,2720,178.288
1725447,2012-09-30,21.33,6088,176.09
1725447,2012-09-18,10.18,3491,155.19
1725447,2012-07-27,8.7,2673,155.992
1055288,2014-12-29,6.94,2423,151.416
1055288,2012-07-30,4.82,1711,140.314
4006330,2015-07-13,12.0,3763,145.594
4006330,2015-04-03,10.45,3706,134.712
4006330,2014-11-14,9.3,3533,133.974
1470078,2015-09-19,12.74,3060,174.062
1470078,2015-09-06,21.53,5133,174.63
1470078,2015-08-03,10.38,2835,140.714
1470078,2015-07-30,15.87,6170,119.586
1470078,2015-07-18,12.91,3351,158.958
1470078,2015-07-05,13.0,3695,146.746
1470078,2015-06-28,10.6,2965,147.114
1470078,2015-05-24,15.29,4374,146.01
1470078,2015-05-20,13.96,4059,140.81
1470078,2015-05-02,21.23,5165,171.456
1470078,2015-04-09,10.39,3831,121.45
1470078,2015-04-04,7.52,2068,143.276
1470078,2015-03-29,10.7,3379,138.82
1470078,2015-03-09,9.05,2598,146.17
1470078,2015-02-16,12.93,3613,147.068
2145516,2015-12-28,14.22,4421,143.57
2145516,2015-12-25,17.69,5539,143.452
2145516,2015-12-21,11.77,3717,153.628
2145516,2015-12-20,10.27,3375,145.926
2145516,2015-12-19,10.27,3148,140.918
2145516,2015-12-18,10.14,3312,145.994
2145516,2015-09-12,43.63,13421,161.744
8899244,2015-11-03,6.0,2610,196.972
8899244,2015-10-20,6.05,3041,184.148
8899244,2015-02-26,3.88,1792,184.71
8899244,2015-01-19,5.1,2081,172.83
519009,2015-02-22,21.26,5537,167.948
519009,2015-02-14,15.17,4411,141.462
519009,2015-02-11,8.88,2653,140.792
519009,2015-01-31,12.47,3742,145.78
519009,2015-01-30,11.15,3285,136.426
519009,2015-01-25,12.64,4097,159.608
519009,2015-01-22,15.11,4624,136.828
519009,2015-01-14,12.06,3662,136.292
519009,2015-01-11,10.76,3189,145.776
519009,2015-01-08,8.63,2805,126.874
519009,2015-01-06,9.9,3358,132.006
519009,2014-12-30,12.84,4137,138.488
519009,2014-12-05,12.05,3518,146.028
519009,2014-11-29,9.22,2747,141.232
519009,2014-09-03,8.61,2634,149.036
519009,2014-08-27,9.04,2735,144.448
519009,2014-08-05,9.73,2843,137.546
519009,2014-07-23,12.01,3778,136.556
519009,2014-07-16,11.58,3608,145.564
519009,2014-05-30,11.7,3532,142.362
519009,2014-05-16,13.53,4236,141.996
519009,2014-05-01,10.85,3223,133.026
519009,2014-04-23,13.59,4487,145.156
519009,2014-04-02,11.0,3327,141.064
519009,2014-03-08,11.98,3519,144.0
519009,2014-02-23,21.22,5639,163.48
519009,2014-01-10,10.81,2792,156.138
519009,2013-11-03,22.28,7251,143.32
519009,2013-10-30,13.4,4010,136.34
519009,2013-10-24,9.79,3208,135.326
519009,2013-10-16,15.8,5138,138.606
519009,2013-10-12,12.13,3949,137.752
519009,2013-09-29,26.83,5002,164.452
519009,2013-09-23,18.88,6287,136.378
519009,2013-09-19,11.3,3615,138.63
519009,2013-09-16,18.21,6030,137.284
4634912,2015-10-01,12.07,4089,143.606
4634912,2015-09-13,21.86,6849,152.942
4634912,2015-08-30,12.16,4106,153.868
4634912,2015-08-28,8.33,2844,144.446
4634912,2015-08-18,11.39,3778,141.768
4634912,2015-07-30,14.52,4191,158.63
2071522,2015-09-30,10.51,2911,155.604
2071522,2015-09-23,13.32,4238,143.294
2071522,2015-09-20,9.26,2880,157.366
2071522,2015-08-15,10.74,2991,156.544
2071522,2015-08-13,14.88,4989,137.714
2071522,2015-08-03,8.93,3787,131.556
2071522,2015-07-14,10.67,2918,160.58
2071522,2015-03-20,9.18,3776,133.004
2071522,2015-01-01,8.82,3764,139.572
2071522,2014-08-27,10.41,2392,154.428
2071522,2014-07-23,10.97,3183,149.49
2071522,2014-04-10,12.25,3694,149.588
4177391,2014-04-18,24.95,9446,135.112
4177391,2013-11-17,17.48,6461,131.548
4177391,2013-08-31,10.48,2871,158.662
4177391,2013-08-25,9.6,2721,156.55
4177391,2013-08-08,6.43,2411,117.366
4177391,2013-07-16,30.64,5015,117.48
4177391,2013-07-15,7.33,2133,144.382
4177391,2013-06-29,9.68,3043,134.974
4177391,2013-05-26,8.05,2692,131.6
4177391,2013-04-13,22.07,7999,133.218
4177391,2013-04-01,11.49,3848,139.068
5298016,2015-11-19,7.52,2780,165.664
5298016,2015-07-01,9.66,3201,164.186
5298016,2015-05-10,21.68,7091,170.652
5298016,2015-04-25,12.37,4099,163.908
5298016,2015-03-27,9.11,2963,168.764
5298016,2014-12-13,7.16,2353,173.41
5298016,2014-10-16,7.99,3018,180.662
5298016,2014-06-09,9.8,3674,168.152
5298016,2014-06-06,7.08,2546,178.656
5298016,2013-06-02,11.3,3595,176.892
5298016,2013-05-25,9.84,2984,182.114
5298016,2013-05-18,10.09,3308,180.704
5298016,2013-05-11,9.38,3006,181.892
5298016,2013-04-28,12.08,3802,186.112
5298016,2013-04-25,4.45,2015,148.638
5298016,2013-04-21,10.65,3603,182.984
2159610,2015-09-26,9.97,3406,140.19
8888545,2015-12-31,21.01,6319,153.324
8888545,2015-12-30,18.14,5572,147.844
8888545,2015-12-28,18.94,5785,154.534
8888545,2015-12-27,17.27,5093,155.882
8888545,2015-12-20,18.93,5787,147.604
8888545,2015-12-14,17.28,5262,149.846
8888545,2015-12-13,18.88,5768,146.606
8888545,2015-12-11,13.02,4056,141.098
8888545,2015-12-07,17.37,5298,148.7
8888545,2015-11-30,12.0,3599,142.642
8888545,2015-11-29,16.16,4954,152.628
8888545,2015-11-28,16.27,4964,148.516
8888545,2015-11-26,16.17,5029,141.594
8888545,2015-11-22,17.26,5333,143.666
8888545,2015-11-18,11.3,3507,145.854
8888545,2015-11-12,11.36,3516,142.112
8888545,2015-06-14,9.63,2710,161.142
8888545,2015-05-18,9.73,2722,163.282
8888545,2015-05-08,9.66,2786,164.894
8888545,2015-04-26,42.43,12587,161.426
8888545,2015-04-13,34.96,10263,156.226
8888545,2015-03-07,11.73,3341,154.972
8888545,2015-03-01,27.7,8341,155.498
8888545,2015-01-29,17.25,4857,153.394
8888545,2015-01-23,12.32,3906,150.272
8888545,2015-01-16,10.83,3120,157.48
8888545,2015-01-02,19.53,5551,154.65
8888545,2014-12-30,10.7,3226,158.094
8888545,2014-12-28,21.84,6465,159.024
8888545,2014-12-25,9.91,2906,160.666
8888545,2014-12-18,18.02,5395,159.378
8888545,2014-12-08,15.62,4570,150.776
8888545,2014-12-01,14.53,4243,155.846
8888545,2014-11-27,17.95,5505,152.586
8888545,2014-11-23,14.52,4488,145.11
8888545,2014-11-16,11.34,3214,163.27
8888545,2014-04-07,42.72,13377,162.74
8888545,2014-03-16,24.68,7405,160.024
8888545,2014-03-10,19.96,5864,159.58
8888545,2014-03-02,11.95,3411,166.232
8888545,2014-02-23,11.34,3318,163.5
8888545,2014-02-21,9.65,2961,165.134
8888545,2014-02-19,9.9,2942,159.92
8888545,2014-02-17,13.91,4014,159.752
8888545,2014-02-09,10.34,2955,161.778
8888545,2014-01-19,20.78,6852,155.284
8888545,2014-01-12,16.93,5112,157.884
8888545,2014-01-05,17.01,5113,157.436
8888545,2014-01-01,10.58,3031,160.468
8888545,2013-12-28,11.58,3501,155.212
8888545,2013-12-24,12.19,3591,164.532
8888545,2013-12-08,19.1,6156,153.146
8888545,2013-11-26,3.77,1871,156.334
10122140,2015-12-27,2.43,824,131.076
10122140,2015-12-20,22.78,7877,144.244
10122140,2015-12-06,25.63,7813,152.754
10122140,2015-12-05,5.98,1878,162.804
10122140,2015-11-19,8.01,2660,144.296
10122140,2015-11-13,9.07,2784,157.492
10122140,2015-11-11,9.31,3108,149.816
10122140,2015-11-05,8.36,2756,148.812
10122140,2015-10-31,8.75,2931,152.93
10122140,2015-10-31,2.91,1000,158.944
10122140,2015-10-30,7.66,2471,147.584
10122140,2015-10-23,8.42,2787,147.002
10122140,2015-09-27,21.61,5339,171.154
10122140,2015-09-26,7.53,2767,131.038
10122140,2015-09-25,3.25,1217,118.518
10122140,2015-09-02,10.44,3479,131.018
10122140,2015-09-01,7.54,2507,143.638
10122140,2015-08-29,12.12,3805,147.934
10122140,2015-08-23,30.49,10385,135.178
10122140,2015-08-23,13.58,3895,154.152
10122140,2015-08-21,11.84,4881,118.946
10122140,2015-08-18,8.1,2531,141.066
10122140,2015-08-16,30.44,8949,143.79
10122140,2015-08-14,2.81,1016,136.148
10122140,2015-08-14,4.69,1622,122.55
10122140,2015-08-09,31.02,10311,136.048
10122140,2015-08-08,10.46,3207,155.054
10122140,2015-08-07,2.09,923,131.704
10122140,2015-08-05,8.06,2667,132.586
10122140,2015-08-04,9.61,3061,151.374
10122140,2015-08-01,14.26,4557,156.528
10122140,2015-07-28,10.54,3377,135.03
10122140,2015-07-26,10.23,2497,173.536
10122140,2015-07-26,2.1,759,127.002
10122140,2015-07-25,10.64,3726,151.176
10122140,2015-07-24,3.65,1369,124.124
10122140,2015-07-22,10.04,3234,137.938
10122140,2015-07-18,12.08,3877,146.574
10122140,2015-07-15,9.26,3093,138.434
10122140,2015-07-05,6.54,2083,144.61
10122140,2015-07-02,10.08,3176,133.588
10122140,2015-06-30,11.42,3764,132.074
10122140,2015-06-24,7.19,2371,133.956
10122140,2015-06-23,6.78,2113,152.808
10122140,2015-06-21,21.22,7310,137.132
10122140,2015-06-19,13.34,4921,145.674
10122140,2015-03-07,32.13,10545,151.75
10122140,2015-02-01,25.72,7854,148.044
10122140,2014-11-30,21.61,6913,155.256
10122140,2014-11-21,16.31,5213,162.072
10122140,2014-11-16,19.26,6136,153.714
10122140,2014-11-09,25.7,7832,165.414
10122140,2014-10-27,14.41,3702,174.99
10122140,2014-10-10,10.63,3450,153.318
10122140,2014-07-30,21.89,6745,149.628
10122140,2014-05-08,9.37,2792,154.118
10122140,2014-05-04,25.07,7903,143.944
10122140,2014-04-08,8.81,2826,153.97
10122140,2014-03-30,36.14,12339,147.36
10122140,2014-03-30,10.61,3153,157.566
10122140,2014-03-27,10.57,3411,150.752
10122140,2014-03-16,36.84,12917,146.594
10122140,2014-03-07,31.09,10214,156.456
10122140,2014-02-28,29.26,9689,151.176
10122140,2014-02-02,13.65,3845,163.408
10122140,2014-01-18,9.45,2606,160.698
10122140,2014-01-12,17.0,5557,157.334
10122140,2014-01-03,8.29,2806,139.894
10122140,2013-12-15,24.07,7600,157.596
10122140,2013-12-04,9.48,2816,145.598
10122140,2013-11-21,8.79,2677,148.828
10122140,2013-11-14,9.35,2709,160.376
10122140,2013-11-03,21.15,6804,145.85
10122140,2013-11-02,10.17,2474,175.494
10122140,2013-10-29,9.39,3032,135.778
10122140,2013-10-11,8.29,2099,169.772
10122140,2013-10-09,12.41,3683,147.802
10122140,2013-10-06,10.82,2607,177.526
8070374,2014-09-14,10.03,4311,142.866
8070374,2014-08-10,9.93,4168,153.566
8070374,2014-08-06,10.03,4385,146.838
8070374,2014-07-12,10.02,4605,147.028
8070374,2013-12-15,20.71,11520,143.15
13840816,2014-08-17,10.35,3645,167.462
13840816,2014-08-07,10.27,3814,165.558
1295505,2015-06-06,21.1,5115,166.864
1295505,2015-05-23,21.16,4742,168.704
1295505,2015-05-20,9.89,2182,170.31
1295505,2015-05-18,22.78,6300,151.784
1295505,2015-05-12,9.0,2271,171.426
1295505,2015-05-03,45.73,12501,160.722
1295505,2015-05-01,8.91,2849,144.726
1295505,2015-04-18,9.68,2819,165.282
1295505,2015-04-09,9.89,2899,156.088
1295505,2015-04-06,10.0,2278,169.116
1295505,2015-04-05,14.01,3758,157.61
1295505,2015-03-29,10.0,2371,167.932
1295505,2015-03-23,11.96,3471,156.288
1295505,2015-03-22,10.01,2859,161.508
1295505,2015-03-16,10.0,2657,163.526
1295505,2015-01-05,8.99,2548,154.518
1295505,2015-01-05,9.17,2627,159.24
1295505,2015-01-04,9.17,2508,157.284
1295505,2015-01-04,9.75,2728,156.41
1295505,2015-01-03,17.93,4984,155.952
1295505,2014-12-26,9.67,2659,150.45
1295505,2014-12-26,8.73,2396,155.812
1295505,2014-12-24,30.14,8950,147.652
1295505,2014-12-14,30.06,8989,148.076
1295505,2014-12-06,8.82,2509,146.01
1295505,2014-12-06,8.93,2544,152.244
1295505,2014-11-29,30.0,8615,150.45
1295505,2014-11-24,9.04,3046,142.562
1295505,2014-11-19,29.97,9132,149.094
1295505,2014-11-17,23.99,7074,149.196
1295505,2014-11-10,30.39,9165,154.638
1295505,2014-11-05,13.64,4026,150.31
1295505,2014-11-04,8.86,2267,155.584
1295505,2014-11-03,9.89,2749,155.514
1295505,2014-11-01,13.51,3881,152.922
1295505,2014-10-30,1.63,561,144.094
1295505,2014-10-21,1.84,556,147.016
1295505,2014-10-17,10.53,3117,148.45
1295505,2014-10-15,9.05,2557,155.01
1295505,2014-10-14,9.49,2565,157.014
1295505,2014-10-11,11.53,3047,159.592
1295505,2014-10-06,10.97,3107,152.874
1295505,2014-10-01,22.86,5713,159.134
1295505,2014-09-07,22.26,5743,158.332
1295505,2014-09-03,6.98,1997,148.362
1295505,2014-08-31,10.07,2227,175.664
1295505,2014-08-27,9.51,2869,151.84
1295505,2014-08-26,10.0,3210,152.076
1295505,2014-08-19,9.61,2558,155.522
1295505,2014-08-16,8.48,2288,148.794
1295505,2014-08-06,8.69,2347,149.234
1295505,2014-07-21,8.83,2513,150.768
1295505,2014-07-19,8.9,2602,152.5
1295505,2014-07-18,2.44,697,147.078
1295505,2014-07-18,12.1,3312,154.27
1295505,2014-07-17,1.99,568,147.008
1295505,2014-07-16,8.93,2632,147.362
1295505,2014-07-16,8.94,2572,149.96
1295505,2014-07-15,13.88,3882,157.522
1295505,2014-07-12,22.26,6084,155.894
1295505,2014-07-06,14.68,3958,159.168
1295505,2014-07-04,18.64,4872,164.11
1295505,2014-06-30,22.35,6261,151.2
1295505,2014-06-29,20.69,6075,164.896
1295505,2014-06-28,15.18,3906,156.28
1295505,2014-06-25,6.5,1741,166.066
1295505,2014-06-24,8.71,2446,157.106
1295505,2014-06-21,8.81,2534,154.672
1295505,2014-06-21,9.02,2352,158.676
1295505,2014-06-20,8.85,2338,162.764
1295505,2014-06-19,9.41,2406,160.698
1295505,2014-06-19,2.07,566,160.842
1295505,2014-06-17,8.8,2315,166.736
1295505,2014-06-10,9.03,2578,157.748
1295505,2014-06-09,21.61,5898,160.95
1295505,2014-06-04,9.35,2586,152.108
1295505,2014-06-04,9.84,2443,158.636
1295505,2014-06-03,9.6,2489,158.856
1295505,2014-05-31,42.9,10720,164.21
1295505,2014-05-24,9.32,2498,156.392
1295505,2014-05-23,9.15,2542,161.708
1295505,2014-05-22,4.28,1159,162.176
1295505,2014-05-17,21.25,4782,170.472
1295505,2014-05-11,2.46,740,138.42
1295505,2014-05-10,11.65,3233,146.094
1295505,2014-05-08,5.49,1377,155.908
1295505,2014-05-06,2.94,859,145.49
1295505,2014-04-27,9.53,2567,154.092
1295505,2014-04-27,14.09,3369,162.102
1295505,2014-04-20,22.25,5785,155.592
1295505,2014-04-18,32.52,8343,162.06
1295505,2014-04-16,1.97,588,142.05
11884453,2015-12-31,17.27,4956,152.656
11884453,2015-12-25,12.19,3502,145.428
11884453,2015-12-11,10.85,3946,133.86
11884453,2015-11-13,12.93,4420,130.528
11884453,2015-11-01,10.73,3830,128.176
11884453,2015-10-21,7.61,3010,129.162
11884453,2015-10-07,10.49,2771,149.54
11884453,2015-09-29,21.44,5742,157.594
11884453,2015-09-26,17.14,4747,159.746
11884453,2015-09-05,14.88,4076,156.49
11884453,2015-08-11,12.56,3635,152.41
11884453,2015-08-09,10.59,3010,147.292
11884453,2015-08-04,10.07,2765,148.938
11884453,2015-07-28,14.25,5122,127.42
11884453,2015-06-11,10.09,2973,139.434
11884453,2015-05-24,12.67,4770,143.594
11884453,2015-05-15,18.16,5620,150.704
11884453,2015-05-13,13.16,3812,154.574
11884453,2015-05-08,10.28,2739,168.156
11884453,2015-05-07,8.07,2465,151.262
11884453,2015-04-15,9.04,2852,158.232
11884453,2015-04-11,9.06,2813,162.31
11884453,2015-04-08,10.1,2925,163.924
11884453,2014-12-25,10.54,3277,140.47
11884453,2014-12-13,15.31,4105,158.264
11884453,2014-12-02,10.3,3015,137.184
11884453,2014-11-16,10.49,2929,149.358
11884453,2014-11-07,10.13,2701,153.46
11884453,2014-10-21,7.24,2488,120.49
9481945,2015-03-08,10.01,3875,172.03
1818866,2014-11-01,21.2,6508,177.092
1818866,2014-10-21,8.31,3141,148.536
1818866,2014-08-18,12.23,3994,161.99
1818866,2014-05-19,8.91,2702,160.256
1818866,2014-05-04,23.48,7197,169.834
1818866,2014-01-05,9.09,2886,167.754
1818866,2013-12-24,8.06,2632,161.884
1818866,2013-09-04,8.45,2677,156.458
1818866,2013-07-23,7.84,2594,162.952
1818866,2012-10-12,10.44,3606,144.406
1818866,2012-04-14,10.06,3151,163.094
8875079,2014-12-12,11.35,3967,137.192
8875079,2014-12-02,12.3,3933,139.464
8875079,2014-11-23,12.25,4022,136.436
8875079,2014-11-22,10.29,3719,135.306
8875079,2014-11-21,13.83,4677,141.014
8875079,2014-11-18,10.21,3325,148.606
8875079,2014-11-16,11.73,3895,144.196
8875079,2014-11-01,11.25,3761,133.408
8875079,2014-10-04,11.27,3446,136.536
8875079,2014-10-04,10.27,3073,138.0
8875079,2014-09-28,12.18,3578,156.302
8875079,2014-08-25,12.48,3402,149.178
8875079,2014-08-21,24.04,7643,133.648
8875079,2014-08-17,10.23,2578,160.66
8875079,2014-08-15,24.08,8542,137.234
8875079,2014-08-08,14.78,4870,137.038
8875079,2014-07-27,13.1,4179,149.092
8875079,2014-07-18,13.34,4222,132.354
8875079,2014-07-17,11.87,3840,143.334
8875079,2014-07-14,13.33,3795,154.858
8875079,2014-07-12,17.67,5784,144.136
8875079,2014-07-10,10.25,2895,148.862
8875079,2014-07-08,13.76,4551,135.246
8875079,2014-07-05,17.99,5674,146.496
8875079,2014-07-02,10.16,2751,149.582
8875079,2014-06-30,12.38,4069,138.516
8875079,2014-06-29,11.4,3673,141.256
8875079,2014-06-19,11.18,3374,144.034
8875079,2014-06-15,10.15,2799,147.308
8875079,2014-05-18,13.15,4151,137.288
8875079,2014-05-17,10.15,2784,153.646
8875079,2014-05-16,13.0,4279,140.228
8875079,2014-05-04,16.3,4708,146.412
8875079,2014-05-01,22.36,7279,135.164
8875079,2014-04-29,19.19,5479,149.328
8875079,2014-04-25,12.07,4321,135.906
8875079,2014-04-24,13.19,4614,127.862
8875079,2014-04-20,13.24,3995,137.202
8875079,2014-04-20,17.34,5403,153.152
8875079,2014-04-18,15.73,4817,139.244
8875079,2014-04-13,43.17,11605,169.938
8875079,2014-04-11,10.53,3474,131.508
8875079,2014-04-08,11.52,3984,123.542
8875079,2014-04-06,11.66,3192,148.02
8875079,2014-04-04,12.25,3748,141.796
8875079,2014-04-03,11.12,3867,128.668
8875079,2014-03-28,18.54,5607,140.028
8875079,2014-03-27,10.53,3345,139.916
8875079,2014-03-20,12.14,3408,149.434
8875079,2014-03-04,18.33,5692,146.788
8875079,2014-02-23,14.23,4411,143.362
8875079,2014-02-22,12.18,3630,149.912
8875079,2014-02-12,12.89,3989,149.208
8875079,2014-02-04,10.16,3323,134.768
8875079,2014-02-02,13.18,3877,150.048
8875079,2014-01-29,14.44,4594,147.01
8875079,2014-01-26,10.3,3421,139.602
8875079,2014-01-25,10.24,3092,149.292
8875079,2014-01-24,16.39,5233,147.27
8875079,2014-01-21,14.25,4542,148.304
8875079,2014-01-19,17.22,5408,158.616
8875079,2014-01-15,14.12,4935,131.66
8875079,2014-01-14,16.39,5062,144.302
8875079,2014-01-12,15.92,4836,151.742
8875079,2014-01-12,13.29,4502,133.62
8875079,2014-01-11,10.31,3513,133.29
8875079,2014-01-10,10.21,3148,144.046
8875079,2014-01-07,16.44,4826,150.818
8875079,2014-01-05,12.29,4116,134.46
8875079,2014-01-01,10.37,2728,156.19
8875079,2013-12-31,11.59,3672,137.12
8875079,2013-12-30,10.39,3107,145.678
8875079,2013-12-29,11.15,3805,130.472
8875079,2013-12-28,10.19,4221,122.72
8875079,2013-12-27,10.88,3547,134.166
8875079,2013-12-26,10.28,3191,140.45
8875079,2013-12-14,10.23,3390,131.888
8875079,2013-12-13,18.78,6011,142.89
8875079,2013-12-08,11.25,3636,136.758
8875079,2013-11-24,25.51,8270,140.714
8875079,2013-11-20,10.3,3730,128.614
8875079,2013-11-05,15.3,5341,138.368
8875079,2013-10-27,10.17,2424,182.524
8875079,2013-10-13,42.7,11914,167.594
8875079,2013-10-08,10.18,2943,147.016
8875079,2013-10-02,12.17,3754,143.964
8875079,2013-09-21,16.38,5112,139.434
8875079,2013-09-14,12.43,4156,125.562
8875079,2013-09-05,12.48,4070,142.29
8875079,2013-08-30,10.8,3608,137.22
8875079,2013-08-28,6.98,2767,126.588
8875079,2013-08-18,9.03,3338,177.458
8875079,2013-07-27,15.12,4065,172.28
8875079,2013-07-23,11.62,3772,149.734
8875079,2013-07-20,20.96,6145,176.056
8875079,2013-06-28,30.73,10340,137.188
8875079,2013-06-19,10.69,3632,145.434
8875079,2013-06-18,20.49,6556,141.246
8875079,2013-06-12,10.17,2538,166.64
8875079,2013-06-02,21.5,5702,169.876
8875079,2013-05-30,13.39,4553,137.268
8875079,2013-05-28,16.63,4819,167.622
8875079,2013-05-13,17.55,5292,144.032
8875079,2013-05-11,21.51,5571,176.068
8875079,2013-05-07,17.24,5416,145.688
8875079,2013-05-01,8.85,2638,142.854
8875079,2013-04-30,10.59,3369,140.114
8875079,2013-04-23,8.04,2811,142.762
8875079,2013-04-21,42.95,12470,172.314
8875079,2013-04-17,12.9,4181,142.804
8875079,2013-04-15,10.05,2983,156.016
8875079,2013-04-13,23.05,6708,162.396
8875079,2013-04-12,12.11,3688,152.444
8875079,2013-03-24,21.58,5598,172.604
8875079,2013-03-17,10.26,3509,131.562
8875079,2013-03-13,15.32,5118,143.714
8875079,2013-03-10,15.26,4034,173.804
8875079,2013-03-07,15.51,4522,153.272
8875079,2013-03-01,10.26,3266,134.58
8875079,2013-02-25,29.08,9303,143.474
8875079,2013-02-20,9.59,3241,143.796
8875079,2013-02-19,10.32,3000,156.668
8875079,2013-02-16,15.16,4149,174.376
8875079,2013-02-10,10.34,3091,163.342
8875079,2013-02-05,10.1,2759,164.502
8875079,2013-02-03,26.92,8557,146.318
8875079,2013-02-01,10.25,3175,146.458
8875079,2013-01-30,10.32,3169,155.208
8875079,2013-01-28,21.36,6813,148.016
8875079,2013-01-22,10.43,3397,152.312
8875079,2013-01-21,18.27,5651,146.484
8875079,2013-01-06,15.42,4867,144.658
8875079,2012-12-22,10.25,3199,146.3
8875079,2012-12-21,11.67,3457,155.5
8875079,2012-12-16,17.67,6194,142.816
8875079,2012-12-07,10.21,3326,152.392
8875079,2012-12-05,10.37,3179,154.142
8875079,2012-11-13,12.19,3467,156.578
8875079,2012-10-22,10.11,2537,181.234
8875079,2012-10-14,43.02,12460,165.702
8875079,2012-10-09,10.33,3189,145.736
8875079,2012-10-07,12.16,3448,149.39
8875079,2012-10-07,10.43,3011,148.686
8875079,2012-10-06,10.31,2954,154.03
8875079,2012-09-16,42.85,12531,167.376
8875079,2012-09-01,24.94,7772,156.908
8875079,2012-08-30,10.15,2780,158.232
8875079,2012-08-24,13.57,4085,145.024
8875079,2012-08-23,13.27,3733,160.376
8875079,2012-08-16,13.33,4121,137.728
8875079,2012-08-14,10.24,2776,154.692
8875079,2012-08-11,34.58,10810,146.614
8875079,2012-08-05,12.7,4146,145.322
8875079,2012-08-04,10.19,3013,146.494
8875079,2012-08-01,13.23,3774,153.628
8875079,2012-07-31,16.57,5229,148.926
3709276,2015-12-31,21.12,5617,156.326
3709276,2015-10-04,13.08,3262,151.762
3709276,2015-09-24,12.43,3681,126.192
3709276,2015-09-13,21.2,5337,168.42
3709276,2015-09-05,13.13,3290,152.078
3709276,2015-08-14,10.01,2537,165.77
3709276,2015-08-08,10.79,3093,131.582
3709276,2015-08-01,10.72,3335,144.006
3709276,2015-07-22,11.38,3123,136.414
3709276,2015-07-19,22.64,6913,139.134
3709276,2015-07-12,18.15,5312,129.84
3709276,2015-07-05,17.77,5720,125.082
3709276,2015-07-02,10.03,2588,160.176
3709276,2015-06-20,9.95,2306,165.79
3709276,2015-05-24,42.81,12380,156.802
3709276,2015-05-07,10.05,2387,159.67
3709276,2015-04-26,21.03,5290,156.584
3709276,2015-04-25,18.26,5585,132.62
3709276,2015-04-12,26.28,7462,143.25
3709276,2015-03-22,23.15,6961,135.076
3709276,2015-03-15,25.16,6889,143.946
3709276,2015-02-17,22.82,6521,140.222
3709276,2015-02-13,10.3,2884,130.282
3709276,2015-02-01,22.32,6406,140.832
3709276,2014-11-23,11.86,3085,153.82
3709276,2014-10-05,13.24,3408,152.606
2587574,2015-11-22,13.45,3690,145.828
2587574,2015-11-20,8.2,2404,133.434
2587574,2015-09-29,8.19,2252,144.782
2587574,2015-09-20,8.2,2382,142.048
2587574,2015-09-13,22.04,5361,159.32
2587574,2015-09-10,8.25,2256,139.968
2587574,2015-08-24,42.81,14421,131.21
1486987,2015-12-28,11.73,5802,123.88
1486987,2015-12-26,10.29,3949,148.124
1486987,2015-12-11,10.13,4002,146.14
1486987,2015-12-09,10.17,3872,148.646
1486987,2015-10-06,10.14,3976,132.614
1486987,2015-10-02,13.18,5456,131.386
1486987,2015-09-30,10.78,3947,140.224
1486987,2015-09-11,16.24,6148,135.134
1486987,2015-08-22,11.45,4467,134.234
1486987,2015-08-18,16.36,5968,146.494
1486987,2015-04-11,10.73,3919,148.294
1486987,2015-03-16,21.13,8219,169.346
1486987,2015-02-28,5.11,1764,175.452
1486987,2015-02-15,16.04,6961,131.766
1486987,2015-02-14,16.13,6099,144.262
1486987,2015-02-08,5.53,2365,143.776
2445737,2015-12-13,10.55,3115,154.068
2445737,2015-12-07,10.06,3129,146.412
2445737,2015-11-22,10.23,3011,147.618
2445737,2015-10-09,10.44,3247,143.202
2445737,2015-08-06,10.23,3119,148.252
2445737,2015-06-08,9.97,2912,146.364
2445737,2015-05-18,9.97,2958,147.906
8993175,2015-05-25,11.06,3936,169.448
8993175,2015-04-23,8.99,3401,139.15
8993175,2015-04-19,14.41,4817,159.206
8993175,2015-04-09,13.21,4663,153.912
8993175,2015-03-29,8.32,3000,157.068
8993175,2015-03-24,8.56,2905,151.898
8993175,2015-02-19,9.08,3312,149.836
8993175,2015-02-07,9.95,3602,151.614
8993175,2015-02-04,8.66,3024,155.818
8993175,2015-02-03,9.99,3600,152.054
8993175,2015-02-02,8.49,3001,154.936
8993175,2015-01-21,10.39,3830,150.85
8993175,2015-01-15,7.14,2700,141.298
8993175,2015-01-06,9.23,3899,148.478
8993175,2014-12-06,9.79,3601,151.894
8993175,2014-12-03,12.67,4799,144.708
8993175,2014-11-30,5.13,2100,147.9
8993175,2014-11-20,8.16,3244,145.932
8993175,2014-11-15,11.76,4576,149.574
8993175,2014-11-04,8.02,3000,145.316
8993175,2014-10-28,8.19,3000,149.236
8993175,2014-10-25,6.53,2700,142.036
11737814,2014-06-04,4.78,1712,146.534
11737814,2014-05-24,6.51,2237,158.14
2155614,2015-12-02,10.73,3862,126.42
2155614,2015-11-30,8.19,2987,142.304
2155614,2015-11-23,7.46,2675,129.562
2155614,2015-11-12,12.59,4138,145.36
2155614,2015-11-04,9.62,3519,128.39
2155614,2015-10-23,9.69,3410,130.088
2155614,2015-10-07,8.06,2873,131.028
2155614,2015-10-02,8.46,3496,131.596
2155614,2015-09-30,12.17,3710,142.074
2155614,2015-09-21,12.47,4002,138.858
2155614,2015-09-18,7.09,2386,155.612
2155614,2015-09-16,10.88,3652,136.504
2155614,2015-09-03,9.88,3212,139.298
2155614,2015-08-27,10.09,3041,152.336
2155614,2015-07-31,12.72,4270,135.582
2155614,2015-07-07,9.07,3570,130.556
2155614,2015-06-29,8.32,2669,136.23
2155614,2015-06-17,9.77,3680,128.588
2155614,2015-06-03,12.65,3804,140.58
2155614,2015-05-11,12.5,3990,138.364
2155614,2015-05-06,11.81,3670,138.476
2155614,2015-04-28,9.86,3897,131.818
2155614,2015-04-26,16.11,4941,150.95
2155614,2015-04-24,9.42,2984,138.836
2155614,2015-03-25,11.15,3300,142.658
2155614,2015-03-20,9.55,3130,135.856
2155614,2015-03-03,13.48,4189,140.458
2155614,2015-02-13,12.65,3987,141.428
2155614,2015-02-08,24.95,10578,147.442
2155614,2015-02-06,11.39,3853,139.406
2155614,2015-01-07,12.1,3894,138.112
2155614,2015-01-03,14.16,4851,135.856
2155614,2014-11-28,8.55,2503,145.48
2155614,2014-10-31,13.98,4371,143.762
2155614,2014-10-29,13.26,4378,141.998
2155614,2014-10-28,10.49,4033,136.224
2155614,2014-10-24,7.08,2548,126.824
2155614,2014-10-23,12.55,3912,139.0
2155614,2014-10-11,6.64,2371,140.18
2155614,2014-09-30,11.51,4466,131.26
2155614,2014-09-28,20.73,6088,150.79
818925,2015-12-17,7.19,2658,156.056
818925,2015-11-16,20.05,7628,148.57
818925,2015-11-01,14.99,5664,152.064
818925,2015-10-28,14.35,5232,151.188
818925,2015-08-13,10.41,4099,146.368
818925,2015-07-08,9.99,3573,159.686
818925,2015-06-26,7.99,3055,153.762
10779611,2015-11-10,12.18,3460,134.076
10779611,2015-11-06,9.96,2797,131.972
10779611,2015-10-30,16.06,4373,134.232
10779611,2015-10-23,15.96,4389,130.178
10779611,2015-10-16,15.98,4443,131.68
10779611,2015-10-06,11.98,3503,129.516
10779611,2015-09-23,14.04,4148,121.22
10779611,2015-09-16,14.58,4302,130.194
10779611,2015-09-13,21.09,5171,156.63
6400833,2015-12-22,21.53,7398,140.276
3317373,2015-12-29,12.13,4003,159.094
3317373,2015-11-17,12.03,3824,170.63
3317373,2015-10-23,12.06,3784,157.732
3317373,2015-09-27,42.95,12425,167.346
3317373,2015-09-19,12.63,4117,113.66
6716410,2015-06-28,8.94,3024,186.856
6716410,2015-06-28,8.94,3024,186.856
6716410,2015-05-28,7.14,2343,178.51
7716949,2015-11-29,21.26,5771,181.788
7716949,2015-11-17,14.0,3985,168.906
7716949,2015-11-11,12.05,3333,172.742
7716949,2015-10-18,21.54,5933,138.636
7716949,2015-10-08,7.96,2241,133.188
7716949,2015-10-06,9.36,2653,142.136
7716949,2015-10-02,9.08,2539,129.978
7716949,2015-09-29,9.97,2794,167.312
7716949,2015-09-25,14.23,4237,169.776
34269,2015-12-26,5.63,1855,141.938
34269,2015-12-24,5.22,1804,130.35
34269,2015-12-20,5.57,1802,142.88
34269,2015-12-12,14.47,4642,144.102
34269,2015-11-29,1.75,612,146.176
34269,2015-10-31,2.98,904,145.406
34269,2015-10-20,5.93,1932,137.938
34269,2015-10-03,2.93,902,141.592
34269,2015-10-01,3.22,902,146.578
34269,2015-09-30,8.41,2702,142.064
34269,2015-09-26,6.67,1891,150.744
34269,2015-09-25,3.1,915,140.638
34269,2015-09-22,6.46,1804,144.998
34269,2015-09-17,3.0,907,133.104
34269,2015-09-16,16.07,4539,152.298
34269,2015-09-15,6.13,1805,139.294
34269,2015-09-12,14.43,4834,126.708
34269,2015-09-06,31.05,10369,134.198
34269,2015-09-06,9.97,2995,141.0
34269,2015-09-04,8.42,3000,134.506
34269,2015-09-02,13.48,4102,147.574
34269,2015-08-29,2.49,596,164.78
34269,2015-08-28,16.49,5158,137.594
34269,2015-08-05,3.8,1201,137.146
34269,2015-08-03,4.96,1440,147.066
34269,2015-08-02,8.4,2702,134.522
34269,2015-08-01,8.29,2701,130.914
34269,2015-08-01,12.08,3603,140.906
34269,2015-07-29,12.27,3960,139.378
34269,2015-07-29,12.29,4001,139.846
34269,2015-07-23,5.89,1764,143.794
34269,2015-07-22,21.93,6878,142.638
34269,2015-07-20,17.33,5402,142.388
34269,2015-07-19,4.19,1201,148.576
34269,2015-07-17,5.03,1441,149.158
34269,2015-07-13,11.22,3586,137.886
34269,2015-07-06,20.87,6195,155.964
34269,2015-07-05,5.59,1835,134.084
34269,2015-07-02,4.41,1332,136.498
34269,2015-06-22,5.77,1824,133.412
34269,2015-06-21,1.89,601,141.902
34269,2015-06-18,15.1,4437,141.528
34269,2015-06-12,8.56,2707,133.614
34269,2015-06-11,4.17,1252,138.868
34269,2015-06-08,18.01,5496,147.374
34269,2015-06-04,3.08,900,140.958
34269,2015-05-16,21.2,6388,157.572
34269,2015-05-10,3.78,1214,138.082
34269,2015-05-07,2.38,732,144.83
34269,2015-05-04,16.08,4837,147.268
34269,2015-05-03,13.65,5178,140.228
34269,2015-05-03,11.93,3690,141.224
34269,2015-04-30,8.79,2563,145.99
34269,2015-04-27,3.51,1018,144.952
34269,2015-04-25,4.93,1413,140.758
34269,2015-04-20,18.77,5517,143.634
34269,2015-04-17,10.49,3002,147.722
34269,2015-04-15,6.29,1802,149.58
34269,2015-04-14,9.35,3044,134.054
34269,2015-04-08,7.49,2440,133.22
34269,2015-04-06,10.55,3936,126.662
34269,2015-04-02,12.54,3718,145.338
34269,2015-03-30,18.16,5480,139.592
34269,2015-03-19,12.62,3457,150.004
34269,2015-03-17,18.43,5432,147.39
34269,2015-03-09,23.37,7251,141.978
34269,2015-03-02,4.01,1204,145.722
34269,2015-02-28,19.8,6043,148.134
34269,2015-02-22,23.3,7399,143.064
34269,2015-02-16,7.8,2256,143.504
34269,2015-02-13,16.02,5525,127.626
34269,2015-02-10,7.34,2444,131.992
34269,2015-02-02,7.8,2489,141.566
34269,2015-01-31,18.14,5660,144.334
34269,2015-01-25,7.92,2687,139.656
34269,2015-01-14,16.65,5465,150.11
34269,2015-01-13,13.12,4515,147.608
34269,2015-01-12,5.46,1814,140.954
34269,2014-12-23,14.47,4594,144.924
34269,2014-12-22,13.51,4092,153.156
34269,2014-12-20,20.43,7100,132.286
34269,2014-12-10,9.47,3059,137.242
34269,2014-11-18,5.19,2095,122.98
34269,2014-05-27,8.85,3050,151.302
34269,2014-04-24,7.32,2697,146.802
34269,2014-04-08,1.41,512,137.86
34269,2014-04-08,4.97,1407,157.426
34269,2014-03-21,9.18,3247,147.754
34269,2014-03-01,18.03,6250,154.096
34269,2014-02-28,10.06,3377,156.608
34269,2014-02-25,2.07,743,130.664
34269,2014-02-11,4.73,1849,147.994
13338915,2015-05-03,10.46,3280,143.032
13338915,2015-03-20,10.81,3236,151.762
13338915,2015-02-28,13.57,3632,168.306
13338915,2015-02-14,17.92,5178,158.184
13338915,2015-02-03,9.99,3169,144.622
13338915,2015-01-25,12.46,3431,162.746
13338915,2015-01-22,12.64,3994,148.974
13338915,2015-01-12,9.71,3590,139.076
13338915,2015-01-08,11.66,3220,168.36
13338915,2015-01-07,10.18,3193,152.578
13338915,2014-12-22,20.79,6270,161.762
13338915,2014-12-21,10.21,3558,153.48
13338915,2014-11-07,10.22,3181,150.574
13338915,2014-10-31,11.62,3455,157.17
13338915,2014-10-30,15.39,4622,144.616
13338915,2014-10-28,13.07,3953,148.786
13338915,2014-10-27,20.39,5731,157.776
13338915,2014-10-25,12.24,3312,162.072
13338915,2014-10-24,10.32,3171,147.678
13338915,2014-10-22,12.72,3943,156.664
13338915,2014-10-19,14.26,4329,141.99
13338915,2014-10-17,12.03,3716,143.314
13338915,2014-10-09,10.21,3091,154.95
13338915,2014-10-07,12.17,3779,151.376
13338915,2014-10-05,21.33,6737,142.082
13338915,2014-10-03,15.36,4861,142.61
13338915,2014-10-02,12.23,3360,155.664
13338915,2014-10-01,14.4,4446,142.99
13338915,2014-09-29,20.51,5689,160.05
13338915,2014-09-28,11.53,3441,144.154
13338915,2014-09-25,14.37,4634,138.708
13338915,2014-09-24,12.78,3832,152.016
13338915,2014-09-22,22.38,6773,147.354
13338915,2014-09-20,13.31,3587,162.706
13338915,2014-09-17,10.16,3204,142.934
13338915,2014-09-14,42.9,13149,155.036
13338915,2014-09-12,9.27,2941,139.072
13338915,2014-09-11,12.19,3641,145.498
13338915,2014-09-04,12.17,3231,163.556
13338915,2014-08-31,10.23,3041,142.222
13338915,2014-08-29,11.89,3691,149.874
13338915,2014-08-28,15.58,4412,167.098
13338915,2014-08-26,9.12,3067,151.198
13338915,2014-08-22,28.69,9405,146.592
13338915,2014-08-20,12.29,3711,152.612
13338915,2014-07-30,11.52,3359,158.844
13338915,2014-07-23,12.07,3729,142.44
13338915,2014-07-20,12.73,3435,161.316
13338915,2014-07-17,9.24,2409,168.152
13338915,2014-07-15,11.85,3597,155.23
13338915,2014-07-13,20.59,6321,150.128
13338915,2014-07-11,11.71,3145,157.874
13338915,2014-07-10,13.33,4029,146.286
13338915,2014-07-09,11.28,3336,152.792
13338915,2014-07-07,20.19,5723,158.942
13338915,2014-07-04,10.23,2723,158.108
13338915,2014-07-03,14.66,4289,145.072
13338915,2014-06-30,19.82,6079,147.564
13338915,2014-06-29,13.69,3688,164.178
13338915,2014-06-27,15.89,4782,145.766
13338915,2014-06-26,10.13,2718,162.698
13338915,2014-06-25,12.49,3760,146.73
13338915,2014-06-23,13.84,4214,149.662
13338915,2014-06-21,10.18,2375,185.292
13338915,2014-06-18,12.6,3411,162.146
13338915,2014-06-16,17.62,5293,148.06
13338915,2014-06-15,9.16,2817,152.698
13338915,2014-06-13,10.16,2650,161.094
13338915,2014-06-12,12.69,3740,149.262
13338915,2014-06-11,8.58,2865,135.126
13338915,2014-06-08,21.59,5324,185.74
13338915,2014-06-05,12.58,3315,160.886
13338915,2014-06-03,17.22,5552,141.828
13338915,2014-05-28,10.81,3327,151.096
13338915,2014-05-27,11.83,3653,151.478
13338915,2014-05-25,16.25,4971,151.274
13338915,2014-05-24,10.1,2999,152.452
13338915,2014-05-18,43.32,12185,166.91
13338915,2014-05-15,12.55,3439,167.194
13338915,2014-05-13,19.05,5964,153.944
13338915,2014-05-08,9.89,2669,166.852
13338915,2014-05-07,13.46,4218,151.264
13338915,2014-05-02,16.79,5137,150.31
13338915,2014-05-01,12.48,3566,158.776
13338915,2014-04-29,30.9,9994,151.198
13338915,2014-04-27,8.61,2658,147.01
13338915,2014-04-26,15.46,4750,151.494
13338915,2014-04-24,9.24,2424,171.198
13338915,2014-04-23,20.16,6373,146.164
13338915,2014-04-22,10.2,2418,176.238
13338915,2014-04-21,12.91,3974,153.184
13338915,2014-04-19,30.4,10234,150.376
13338915,2014-04-18,11.87,3595,152.626
13338915,2014-04-17,18.03,5272,159.41
13338915,2014-04-15,12.82,4156,151.946
13338915,2014-04-14,22.37,6869,155.786
13338915,2014-04-12,9.27,2520,166.334
13338915,2014-04-11,14.34,4490,151.214
13338915,2014-04-10,12.25,3498,158.032
13338915,2014-04-09,8.96,3135,138.91
13338915,2014-04-06,21.52,5314,183.952
13338915,2014-04-03,12.55,3469,164.65
13338915,2014-04-01,17.59,5642,146.222
13338915,2014-03-31,11.13,2812,180.574
13338915,2014-03-27,12.53,3794,162.584
13338915,2014-03-26,9.27,3183,147.94
13338915,2014-03-22,21.55,5577,182.176
13338915,2014-03-18,12.49,3437,171.63
13338915,2014-03-15,10.27,2454,192.128
13338915,2014-03-11,17.61,5461,154.452
1882312,2015-11-01,20.79,6885,138.478
1882312,2015-10-08,8.66,2620,146.852
1882312,2015-09-11,10.33,2981,154.268
2636715,2015-11-16,8.09,3302,132.678
2636715,2015-11-04,11.83,3623,171.31
2636715,2015-11-01,11.65,5151,145.19
2636715,2015-10-11,7.09,3066,145.232
2636715,2015-09-20,9.01,4119,135.862
2636715,2015-09-13,7.02,2991,142.462
2636715,2015-07-19,6.36,2876,131.414
2636715,2015-06-15,4.89,2234,122.384
2636715,2015-05-15,13.12,3996,168.37
2636715,2015-05-12,22.71,7303,160.68
2636715,2015-02-28,10.2,3319,167.588
2636715,2015-01-01,6.46,2408,159.872
2636715,2014-10-31,8.92,3283,147.422
2636715,2014-10-05,9.35,3379,148.22
367324,2015-10-19,7.55,2334,158.85
367324,2015-09-29,6.33,1876,155.738
367324,2015-05-28,9.8,2902,161.7
367324,2015-03-24,6.21,1716,108.876
367324,2015-03-15,25.18,7385,104.734
367324,2015-03-01,10.06,2780,160.814
367324,2015-02-22,11.35,3531,154.072
367324,2015-02-08,15.34,4327,163.75
367324,2015-01-04,9.82,3006,160.618
367324,2014-10-24,6.05,1736,145.516
14204020,2015-12-24,9.02,2989,183.01
14204020,2015-12-22,8.06,2884,150.848
14204020,2015-08-12,21.61,6888,173.16
14204020,2015-08-10,8.27,3649,126.84
14204020,2015-07-26,21.29,7086,168.084
14204020,2015-07-22,8.08,2915,163.184
14204020,2015-07-15,9.63,3939,130.728
14204020,2015-07-04,10.56,3564,172.53
14204020,2015-06-28,22.75,8647,156.208
14204020,2015-06-19,10.61,3689,163.192
14204020,2015-06-13,5.11,1906,149.7
14204020,2015-04-02,8.18,3905,141.936
14204020,2015-01-08,7.16,2978,156.324
14204020,2014-12-25,5.94,2108,166.968
14204020,2014-11-27,5.04,1862,170.954
13859471,2015-12-23,10.72,3606,151.008
13859471,2015-12-13,10.63,3752,160.476
13859471,2015-11-08,20.89,6430,174.58
13859471,2015-10-07,12.18,3697,156.708
13859471,2015-09-27,42.91,13953,156.216
13859471,2015-06-21,9.62,3097,164.602
13859471,2015-04-18,9.56,3282,170.442
13859471,2015-04-16,10.3,2944,157.14
13859471,2015-03-06,10.61,3455,139.368
13859471,2015-02-03,15.03,5256,139.632
13859471,2015-01-24,14.66,5102,145.714
8662931,2015-12-30,13.1,3596,150.826
8662931,2015-12-28,19.57,6143,145.94
8662931,2015-12-27,13.08,3635,151.636
8662931,2015-12-23,11.97,3395,152.828
8662931,2015-12-05,2.02,525,152.452
8662931,2015-11-27,15.05,4193,148.496
8662931,2015-11-24,2.99,837,144.354
8662931,2015-11-23,19.97,5569,145.594
8662931,2015-11-18,1.98,535,151.102
8662931,2015-11-16,17.99,5029,146.204
8662931,2015-11-11,11.4,2817,165.26
8662931,2015-11-10,1.98,549,153.006
8662931,2015-11-08,9.13,2424,157.17
8662931,2015-11-04,14.07,3903,145.098
8662931,2015-10-26,14.07,4209,148.518
8662931,2015-10-22,18.02,5393,152.952
8662931,2015-10-15,9.99,2939,158.906
8662931,2015-09-13,42.76,12542,155.838
8662931,2015-09-11,5.15,1452,152.97
8662931,2015-09-10,2.99,980,135.008
8662931,2015-09-10,5.0,1322,150.976
8662931,2015-09-09,11.98,3220,149.778
8662931,2015-09-07,24.09,7079,147.618
8662931,2015-09-06,8.02,2294,144.714
8662931,2015-09-04,6.18,860,142.078
8662931,2015-09-04,15.09,4316,147.278
8662931,2015-08-31,18.96,5736,150.84
8662931,2015-08-30,6.99,1768,162.158
8446566,2015-12-31,6.51,2273,136.812
8446566,2015-12-30,6.4,2243,136.772
8446566,2015-09-05,32.69,13343,157.478
8446566,2015-08-24,15.15,5319,150.792
8446566,2015-08-09,7.31,2543,149.49
8446566,2015-07-27,3.97,1478,155.724
8446566,2015-07-25,7.03,2259,142.14
8446566,2015-07-18,5.39,2406,153.108
8446566,2015-06-16,13.15,4944,139.018
8446566,2015-05-05,6.97,2172,148.478
8446566,2015-03-27,9.8,3195,141.734
8446566,2015-03-23,9.75,3117,141.128
8446566,2015-03-18,9.81,3316,135.362
8446566,2015-03-11,8.7,2793,143.298
8446566,2015-03-06,8.71,2942,141.156
8446566,2015-03-04,8.71,3086,139.746
8446566,2015-02-25,7.85,2624,139.792
8446566,2015-02-18,7.81,2688,139.3
8446566,2015-02-04,6.51,2227,146.984
8446566,2015-02-01,6.48,2194,143.706
8446566,2015-01-23,5.95,2096,138.524
8446566,2015-01-18,5.23,1946,156.492
4362441,2015-09-08,16.36,5557,135.898
4362441,2015-09-03,9.53,2710,154.464
4362441,2015-08-30,15.83,5472,140.256
4362441,2015-08-23,16.11,5528,136.048
4362441,2015-08-16,17.74,5440,126.298
4362441,2015-08-11,14.1,4908,149.536
4362441,2015-08-09,15.26,5427,138.336
4362441,2015-07-24,15.48,4817,150.586
4362441,2015-07-21,16.47,5112,147.2
4362441,2015-07-19,20.37,6245,147.548
4362441,2015-07-17,16.36,4137,167.738
4362441,2015-07-15,11.36,3468,155.764
4362441,2015-07-05,16.18,4930,144.804
4362441,2015-07-04,8.32,2412,145.938
4362441,2015-07-01,20.3,6175,146.356
4362441,2015-07-01,16.34,4729,145.868
4362441,2015-06-28,16.06,4958,142.114
4362441,2015-06-26,16.09,4953,138.606
4362441,2015-06-25,11.69,3787,135.972
4362441,2015-06-24,12.17,3495,147.594
4362441,2015-06-21,21.37,6483,146.874
4362441,2015-06-21,8.88,2605,164.502
4362441,2015-06-17,12.18,3533,147.302
4362441,2015-06-14,21.26,6607,146.024
4362441,2015-06-13,13.12,3873,150.432
4362441,2015-06-09,23.52,7272,146.116
4362441,2015-06-04,21.54,6583,140.616
4362441,2015-06-02,17.05,4273,174.214
4362441,2015-05-31,22.91,7089,147.92
4362441,2015-05-29,21.52,6563,152.734
4362441,2015-05-25,16.43,4987,150.464
4362441,2015-05-08,11.43,3618,147.022
4362441,2015-05-01,14.12,4613,154.304
4362441,2015-04-27,12.75,4151,152.202
4362441,2015-04-20,11.67,3659,168.09
4362441,2015-04-16,10.5,3263,157.118
4362441,2015-04-15,13.22,4171,147.782
4362441,2015-04-02,16.3,5073,156.66
4362441,2015-04-01,12.05,3333,171.772
4362441,2015-03-25,10.77,3311,166.388
4362441,2015-03-17,10.32,3255,152.008
4362441,2015-02-02,8.19,2599,177.616
4362441,2015-01-19,10.69,3433,147.292
4362441,2015-01-17,10.91,3423,154.438
4362441,2015-01-14,10.54,3420,154.308
4362441,2015-01-12,11.24,3489,153.088
4362441,2015-01-05,16.39,5079,146.722
4362441,2015-01-04,13.46,4190,148.718
4362441,2015-01-02,9.76,3042,143.32
4362441,2014-12-30,13.49,4213,151.464
4362441,2014-12-30,16.26,5048,148.778
4362441,2014-12-28,18.42,5750,153.842
4362441,2014-12-26,13.64,4387,149.532
4362441,2014-12-24,16.45,5013,153.732
4362441,2014-12-21,13.92,4285,145.536
4362441,2014-12-19,10.94,3360,151.184
4362441,2014-12-16,13.5,4225,146.712
4362441,2014-12-13,11.42,3616,150.022
4362441,2014-12-08,16.58,5056,158.558
4362441,2014-12-05,16.25,5045,147.114
4362441,2014-12-04,14.62,4620,148.954
4362441,2014-12-02,12.91,4126,164.818
4362441,2014-11-15,10.38,3300,149.206
4362441,2014-11-14,13.54,4328,139.932
4362441,2014-11-11,12.38,3328,168.442
4362441,2014-10-14,11.32,3553,148.356
4362441,2014-09-14,10.76,3734,136.278
4362441,2014-09-06,8.83,2390,170.182
4362441,2014-08-26,12.23,3520,145.442
4362441,2014-08-24,14.41,5018,132.728
4362441,2014-08-19,12.01,3720,146.318
4362441,2014-08-14,13.91,3988,154.61
4362441,2014-08-13,13.26,4071,148.444
4362441,2014-08-08,11.19,3342,148.548
4362441,2014-08-05,11.05,3453,148.446
4362441,2014-07-11,11.64,3403,146.952
4362441,2014-07-08,11.65,3387,146.762
4362441,2014-07-06,17.59,5696,138.346
4362441,2014-06-22,18.8,5999,134.334
4362441,2014-06-20,13.04,3481,147.18
4362441,2014-06-17,11.94,3353,147.008
4362441,2014-06-15,16.52,5436,128.072
4362441,2014-06-10,11.16,3310,149.498
4362441,2014-06-09,21.36,6381,155.28
4362441,2014-06-08,18.63,6032,141.856
4362441,2014-06-06,11.46,3331,148.354
4362441,2014-06-01,17.67,5913,137.378
4362441,2014-05-13,11.39,3321,147.904
4362441,2014-05-06,12.52,3453,158.164
4362441,2014-05-02,11.62,3129,162.634
4362441,2014-04-23,15.13,4098,158.586
4362441,2014-04-16,12.01,3235,159.644
4362441,2014-03-23,12.51,3688,152.098
4362441,2014-03-13,10.37,3157,156.154
4362441,2013-12-22,16.07,5411,135.76
4362441,2013-12-17,10.19,3202,138.322
4362441,2013-12-16,15.62,5456,134.838
4362441,2013-12-14,9.5,3014,139.49
4362441,2013-12-11,9.76,3019,139.572
4362441,2013-12-09,16.27,5435,134.814
4362441,2013-12-07,9.29,3147,140.382
4362441,2013-12-03,9.67,3095,146.22
4362441,2013-12-02,15.13,5399,137.072
4362441,2013-11-26,9.98,3214,138.714
4362441,2013-11-25,10.91,4065,126.396
4362441,2013-11-23,9.89,3245,138.528
4362441,2013-11-19,9.61,3166,138.182
4362441,2013-11-18,14.43,5409,127.914
4362441,2013-11-16,10.06,3180,138.376
4362441,2013-11-12,9.6,3207,138.448
4362441,2013-11-11,15.23,5532,126.6
4362441,2013-11-05,8.93,3138,140.29
4362441,2013-11-03,9.93,3826,132.388
4362441,2013-11-01,9.23,3018,139.712
4362441,2013-10-27,14.98,5407,135.166
4362441,2013-10-26,9.74,3144,139.832
4362441,2013-09-26,14.36,4489,141.092
4362441,2013-09-02,21.42,6523,144.654
4362441,2013-08-07,21.55,6791,139.344
4362441,2013-08-04,21.8,6359,167.38
4362441,2013-07-28,10.45,3476,153.788
4362441,2013-07-28,21.5,6330,159.244
4362441,2013-07-21,15.88,4633,153.772
4362441,2013-07-17,27.56,8276,143.142
4362441,2013-07-14,15.83,5078,147.24
4362441,2013-06-30,20.28,6554,140.522
8632256,2015-12-28,23.87,8663,156.756
8632256,2015-12-19,20.98,7216,157.072
8632256,2015-12-17,16.06,5772,155.58
8632256,2015-12-15,11.98,4175,154.072
8632256,2015-12-10,15.51,5638,154.964
8632256,2015-12-03,15.76,5634,158.406
8632256,2015-11-23,18.1,6288,156.784
8632256,2015-11-18,10.14,3332,155.95
8632256,2015-11-08,21.17,7240,164.122
8632256,2015-11-03,12.28,4130,157.284
8632256,2015-10-25,43.5,16513,155.768
8632256,2015-10-19,18.0,6353,158.502
8632256,2015-10-14,12.11,4586,155.5
8632256,2015-10-08,14.19,5025,154.808
8632256,2015-10-05,10.04,3501,152.474
8632256,2015-10-01,12.26,4113,157.592
8632256,2015-09-20,10.92,3612,163.198
8632256,2015-09-15,14.19,5069,153.442
8632256,2015-09-08,12.17,4036,156.708
8632256,2015-09-03,14.12,5049,156.214
8632256,2015-09-01,10.03,3446,157.364
8632256,2015-08-29,20.87,7862,164.478
8632256,2015-08-17,13.33,4708,159.482
8632256,2015-07-28,10.43,3600,161.322
8632256,2015-06-28,14.16,4660,163.174
8632256,2015-05-27,11.76,3600,151.776
8632256,2015-05-22,17.29,5400,151.904
8632256,2015-05-20,11.97,3600,156.7
8632256,2015-04-26,20.99,6404,166.256
8632256,2015-03-15,14.98,5096,161.644
8632256,2015-01-28,12.09,3773,157.536
8632256,2015-01-26,12.14,3995,149.434
8632256,2015-01-18,28.43,9389,156.41
8632256,2015-01-14,12.23,4057,152.026
8632256,2015-01-11,14.96,4437,169.01
8632256,2015-01-05,11.07,3657,150.548
8632256,2015-01-04,12.06,4072,150.62
8632256,2014-12-31,12.16,3901,156.68
8632256,2014-12-28,21.38,6875,155.586
8632256,2014-12-19,13.31,4235,158.718
8632256,2014-12-09,12.06,4367,156.918
8632256,2014-11-19,14.06,4751,149.242
8632256,2014-11-14,21.37,7227,153.162
8632256,2014-11-12,14.17,4555,153.824
8632256,2014-11-05,14.39,4587,152.66
8632256,2014-10-13,11.11,3792,145.676
8632256,2014-07-01,16.02,5244,141.35
8632256,2014-02-05,10.3,3137,149.856
4615477,2015-10-16,8.29,2605,148.496
7996903,2015-09-13,10.28,3866,176.876
7996903,2015-07-15,5.12,2140,154.342
7996903,2015-07-12,4.44,1939,149.584
7996903,2015-05-01,10.07,4197,183.348
7996903,2015-03-15,7.54,3611,154.142
7996903,2015-01-03,4.91,2124,163.484
7996903,2014-08-23,11.87,5549,139.694
7996903,2014-08-07,7.61,3063,144.152
7996903,2014-07-31,8.91,4123,149.104
7996903,2014-06-29,10.35,3510,184.376
7996903,2014-05-22,6.69,2938,166.196
7996903,2014-05-17,5.55,2225,156.644
7996903,2014-05-11,21.48,7324,186.12
7996903,2014-04-24,7.37,3150,158.08
7996903,2014-04-08,4.81,2147,155.706
7996903,2014-03-11,15.3,5234,189.474
7996903,2014-03-06,7.13,2907,156.288
7996903,2014-01-11,9.88,3430,186.348
7996903,2013-11-10,11.24,4510,158.384
7996903,2013-10-27,9.77,3899,160.806
7996903,2013-10-10,7.66,3150,152.09
7996903,2013-10-08,9.2,4348,149.604
7996903,2013-09-05,6.25,2307,163.128
7996903,2013-08-27,10.02,4239,170.114
7996903,2013-08-17,10.53,4510,157.048
7996903,2013-08-13,11.49,4995,149.218
7996903,2013-08-08,8.1,3341,156.994
659522,2015-05-10,14.98,5349,137.856
659522,2015-04-25,21.26,7180,156.236
659522,2015-03-26,12.1,4516,136.72
659522,2014-12-28,9.96,3867,161.538
659522,2014-10-09,7.09,2686,127.916
12649708,2015-04-20,8.03,3788,153.128
12649708,2015-04-04,7.02,2941,169.836
12649708,2015-03-30,6.98,2712,167.724
12649708,2015-03-21,10.0,4192,161.65
12649708,2015-02-21,10.54,4653,167.894
12649708,2015-02-14,10.86,5068,166.542
12649708,2015-02-12,6.97,2973,170.38
12649708,2015-01-22,7.96,3806,167.926
993057,2015-12-17,7.31,2394,146.562
993057,2015-12-09,7.39,2457,142.76
993057,2015-10-22,7.47,2263,147.752
993057,2015-10-21,7.32,2324,145.114
993057,2015-10-11,12.15,3708,151.182
993057,2015-10-02,7.29,2378,146.856
993057,2015-09-02,11.85,3686,144.672
993057,2015-08-20,7.12,2117,142.872
993057,2015-08-09,8.06,2524,145.552
993057,2015-04-30,8.19,2657,137.112
993057,2015-04-14,6.52,1888,142.872
993057,2015-03-14,21.17,6944,141.462
993057,2015-03-09,9.68,3059,139.008
993057,2015-03-06,9.82,2998,141.82
993057,2015-02-09,9.66,3059,138.77
171814,2015-07-10,5.33,1842,136.456
2795796,2015-03-21,35.15,8875,141.788
2795796,2015-03-02,5.11,1508,125.834
13560443,2015-06-03,11.37,3018,160.636
13560443,2015-04-19,40.34,14450,135.916
13560443,2015-04-15,8.2,3017,139.554
13560443,2015-03-29,36.53,13027,139.172
13560443,2015-03-28,11.26,3409,154.962
13560443,2015-03-07,11.43,3383,157.894
13560443,2015-02-13,11.74,3720,144.336
13560443,2015-02-12,10.66,3358,149.966
13560443,2015-02-11,11.31,3288,161.094
13560443,2015-02-09,25.3,8802,151.624
13560443,2015-02-07,22.17,7902,157.136
13560443,2015-02-06,11.55,3779,151.83
13560443,2015-01-26,10.46,3398,148.188
13560443,2015-01-21,11.03,3858,158.46
13560443,2015-01-11,10.07,3475,155.59
13560443,2015-01-09,11.02,3454,165.074
776483,2015-12-31,9.95,3303,153.258
776483,2015-12-29,10.14,3158,145.228
776483,2015-12-20,13.06,5300,140.306
776483,2015-12-10,10.73,3809,154.868
776483,2015-12-08,7.34,2304,145.184
776483,2015-11-16,7.75,2669,142.012
776483,2015-07-29,9.05,3261,142.98
776483,2015-07-02,10.05,4666,117.594
776483,2015-06-06,6.55,2889,143.084
776483,2015-02-09,8.78,2869,146.826
776483,2014-12-31,5.6,2048,143.846
776483,2014-12-13,7.69,2717,133.102
776483,2014-10-30,10.16,3309,146.526
4341373,2014-06-18,16.1,6573,149.254
4341373,2014-06-16,8.24,2311,169.992
4341373,2014-06-13,10.38,3591,155.408
4341373,2014-06-04,10.24,4064,151.81
4341373,2014-06-02,6.52,1882,182.818
4341373,2014-05-24,10.26,3629,152.028
4341373,2014-05-11,10.11,3134,185.464
4341373,2014-04-28,5.9,1775,171.392
4341373,2014-03-23,21.35,8164,155.408
7045897,2015-12-06,14.23,4888,167.212
7045897,2015-11-13,11.64,3939,163.012
7045897,2015-11-09,5.39,1894,165.13
1009668,2015-12-28,10.02,2837,136.738
1009668,2015-12-28,11.55,3178,137.544
1009668,2015-12-23,12.22,3112,165.386
1009668,2015-12-20,10.03,2320,165.882
1009668,2015-12-16,10.01,2296,168.686
1009668,2015-12-15,8.79,2554,132.292
1009668,2015-12-10,13.17,3268,161.514
1009668,2015-12-08,12.01,3009,160.968
1009668,2015-12-06,7.57,2446,139.572
1009668,2015-12-03,10.04,2319,173.206
1009668,2015-12-02,9.89,2744,146.39
1009668,2015-11-28,11.35,3091,157.164
1009668,2015-11-26,11.37,2942,159.106
1009668,2015-11-25,15.6,4905,130.22
1009668,2015-11-24,9.99,2372,166.796
1009668,2015-11-21,6.04,1706,153.268
1009668,2015-11-18,12.26,4011,135.874
1009668,2015-11-17,9.56,2546,159.852
1009668,2015-11-14,10.51,2765,157.954
1009668,2015-11-12,8.02,1907,168.214
1009668,2015-11-12,10.08,2861,143.156
1009668,2015-10-07,8.11,2533,127.176
1009668,2015-09-12,12.0,2798,170.652
1009668,2015-08-19,8.22,2217,151.334
1009668,2015-08-16,28.08,7490,151.622
12406103,2015-03-04,11.2,3867,159.04
12406103,2015-01-25,10.26,3579,157.32
12406103,2015-01-21,17.37,6073,163.618
12406103,2015-01-14,13.38,4413,163.124
12406103,2015-01-10,15.55,5325,158.996
12406103,2015-01-07,15.51,5271,164.792
12406103,2015-01-03,15.42,5511,159.848
12406103,2014-12-06,12.43,4451,150.404
12406103,2014-11-26,15.56,5324,155.03
12406103,2014-11-19,10.2,3468,157.49
12406103,2014-10-25,12.46,4077,159.112
12406103,2014-10-07,12.41,4050,159.166
12406103,2014-10-04,20.33,7316,150.806
12406103,2014-09-27,16.88,5780,147.416
12406103,2014-09-24,12.23,4217,147.41
12406103,2014-09-18,11.28,3493,163.128
12406103,2014-09-16,11.24,3819,151.348
12406103,2014-09-13,16.51,5724,153.006
12406103,2014-09-03,11.23,3383,170.156
12406103,2014-08-20,11.07,4076,144.8
12406103,2014-08-13,16.34,5472,151.232
12406103,2014-08-08,10.24,3231,165.432
12406103,2014-07-08,10.76,3574,158.074
12406103,2014-07-04,10.97,4136,144.208
12406103,2014-06-25,14.29,4554,162.244
12406103,2014-06-04,15.73,5329,154.316
12406103,2014-05-24,15.14,5172,160.016
12406103,2014-05-22,11.13,3721,160.814
12406103,2014-05-10,15.38,4850,164.664
12406103,2014-05-09,6.46,2430,143.416
12406103,2014-05-07,10.32,3437,158.724
12406103,2014-05-01,21.76,7050,163.836
12406103,2014-04-29,10.25,3207,166.042
12406103,2014-04-22,25.57,9439,156.12
12406103,2014-04-18,16.45,5755,154.102
12406103,2014-04-16,10.18,3831,146.028
12406103,2014-04-13,10.16,3181,174.788
12406103,2014-04-04,10.33,4030,137.674
12406103,2014-03-15,12.41,4386,150.832
12406103,2014-03-12,22.28,7766,154.604
12406103,2014-03-10,10.11,3144,174.812
12406103,2014-02-16,11.35,3893,166.382
5539676,2015-10-04,21.51,5208,172.008
5539676,2015-08-25,8.33,2430,144.842
4572860,2015-12-23,4.51,1434,174.822
4572860,2015-12-12,3.25,931,174.638
4572860,2015-11-28,3.23,921,180.77
4572860,2015-11-19,4.61,1510,159.382
4572860,2015-11-18,4.01,1295,159.666
4572860,2015-11-17,4.98,1687,157.958
4572860,2015-11-05,4.5,1485,162.904
4572860,2015-10-19,3.06,961,169.742
4572860,2015-10-08,2.87,730,181.062
4572860,2015-10-06,7.15,2422,157.688
4572860,2015-10-03,6.24,2156,167.688
4572860,2015-09-28,4.99,1379,168.346
4572860,2015-09-12,2.26,772,147.758
4572860,2015-09-08,13.24,4635,145.866
4572860,2015-08-30,21.17,7350,167.094
4572860,2015-08-29,2.18,775,146.632
4572860,2015-08-25,6.01,1803,165.954
4572860,2015-08-18,13.88,4746,153.006
4572860,2015-08-05,15.51,6328,160.738
4572860,2015-08-05,4.96,1631,169.33
4572860,2015-07-31,3.87,1260,151.474
4572860,2015-07-24,4.99,1672,158.142
4572860,2015-07-19,14.0,5171,155.004
4572860,2015-07-15,3.24,1182,143.872
4572860,2015-07-07,12.51,4440,156.398
4572860,2015-07-06,3.14,1161,152.014
4572860,2015-07-02,6.82,2460,143.606
4572860,2015-06-18,8.28,3598,136.262
4572860,2015-06-10,3.49,1201,150.314
4572860,2015-06-03,5.36,1785,156.054
4572860,2015-05-31,3.86,1301,148.972
4572860,2015-05-24,1.67,578,145.726
4572860,2015-05-23,11.1,3717,164.046
4572860,2015-05-21,4.35,1428,156.396
4572860,2015-05-18,3.55,1196,146.074
4572860,2015-05-14,8.02,2681,154.194
4572860,2015-05-11,3.24,1201,143.068
4572860,2015-05-01,12.68,4418,161.684
4572860,2015-04-30,6.47,2262,151.228
4572860,2015-04-23,11.3,4029,160.13
4572860,2015-04-22,3.3,1136,157.736
4572860,2015-04-11,5.7,1923,153.614
4572860,2015-04-02,7.59,2704,154.134
4572860,2015-04-01,1.63,599,142.686
4572860,2015-03-28,1.33,549,157.442
4572860,2015-03-28,6.87,2102,171.116
4572860,2015-03-27,5.28,1802,158.388
4572860,2015-03-26,4.48,1714,153.3
4572860,2015-03-22,3.61,1168,162.672
4572860,2015-03-21,2.04,795,146.55
4572860,2015-03-11,5.56,1979,159.994
4572860,2015-03-11,2.45,871,151.722
4572860,2015-03-08,5.16,1666,156.998
4572860,2015-03-05,6.01,2105,154.51
4572860,2015-02-26,5.95,2253,158.864
4572860,2015-02-26,1.58,594,140.862
4572860,2015-02-25,8.51,3517,154.084
4572860,2015-02-20,2.85,1084,163.42
4572860,2015-02-18,8.71,3383,149.6
4572860,2015-02-13,4.93,1804,161.52
4572860,2015-02-10,8.27,3427,159.12
4572860,2015-02-07,7.17,2733,163.984
4572860,2015-02-05,4.21,1682,151.52
4572860,2015-02-04,1.85,640,162.76
4572860,2015-01-27,6.0,2205,152.998
4572860,2015-01-25,4.69,1516,183.192
4572860,2015-01-22,4.5,1829,147.354
4572860,2015-01-17,5.95,2223,156.336
4572860,2015-01-15,6.73,2641,152.288
4572860,2015-01-10,5.58,1921,168.866
4572860,2015-01-08,6.12,2377,159.026
4572860,2015-01-03,5.8,2136,159.152
4572860,2014-12-20,14.99,3105,176.074
4572860,2014-12-20,6.16,2104,169.454
4572860,2014-12-18,6.3,2420,160.65
4572860,2014-12-11,5.42,2080,158.778
4572860,2014-12-06,4.01,1636,165.004
4572860,2014-12-04,4.41,1602,170.432
4572860,2014-11-29,4.98,1676,171.338
4572860,2014-11-11,4.6,2658,121.304
4572860,2014-10-20,9.37,3575,163.434
4572860,2014-10-17,5.2,1974,165.608
4572860,2014-10-12,12.29,4983,168.136
4572860,2014-10-01,9.53,3701,161.918
4572860,2014-09-18,3.49,1178,169.438
4572860,2014-09-17,8.51,3221,152.204
4572860,2014-09-15,9.95,3670,159.75
4572860,2014-09-13,5.36,1916,160.402
4572860,2014-09-10,4.96,1821,160.828
4572860,2014-09-03,6.47,2433,155.786
4572860,2014-09-02,6.68,2308,161.136
4572860,2014-08-28,6.11,2127,170.816
4572860,2014-07-22,13.09,5945,156.376
1878236,2015-06-18,12.05,4314,159.54
1878236,2015-06-07,10.58,3335,158.77
1878236,2015-05-23,14.44,4601,165.516
1878236,2015-05-20,8.61,2656,162.2
1878236,2015-05-10,12.14,3805,166.498
1878236,2014-05-15,9.12,2905,164.902
1878236,2014-03-12,11.05,4167,156.984
1878236,2014-03-03,13.24,4211,164.16
1878236,2014-02-24,13.17,4017,158.404
2232580,2015-04-26,21.11,6117,163.598
2232580,2015-04-18,9.32,3094,156.45
2232580,2015-03-06,10.03,2910,164.308
2232580,2015-02-06,10.1,2991,160.784
2232580,2015-02-01,10.05,3164,163.822
2232580,2015-01-28,10.12,3119,159.508
2232580,2014-09-14,21.43,6543,157.174
2232580,2014-09-14,21.18,6283,165.352
2232580,2014-05-18,42.93,13385,163.248
2232580,2014-04-16,21.11,6544,154.568
6883061,2015-10-04,5.37,1569,191.384
6883061,2015-07-25,12.08,3353,152.056
6883061,2015-07-14,14.45,4143,149.63
6883061,2015-07-08,16.04,5719,149.384
6883061,2015-06-18,11.6,3448,137.348
6883061,2015-06-14,12.1,3207,154.138
6883061,2015-06-13,13.27,3983,141.242
6883061,2015-05-30,8.44,2330,148.966
6883061,2015-05-14,8.29,2811,130.408
6883061,2015-05-11,13.37,3930,140.016
6883061,2015-05-09,11.42,3636,129.686
6883061,2015-05-08,13.32,4129,137.488
6883061,2015-05-06,12.88,4222,133.036
6883061,2015-05-03,9.12,2666,134.982
6883061,2015-04-30,12.08,3713,135.45
6883061,2015-04-28,9.46,5339,95.596
6883061,2015-04-21,13.06,3873,145.956
6883061,2015-04-17,10.98,3011,143.672
6883061,2015-04-15,12.39,3861,138.362
6883061,2015-04-14,10.6,3609,134.402
6883061,2015-04-09,8.75,2372,142.438
6883061,2015-03-31,12.2,3424,145.052
6883061,2015-03-24,12.5,3701,143.494
6883061,2015-03-17,7.93,2429,143.056
6883061,2015-02-21,12.07,4169,147.32
6883061,2014-11-07,10.18,2724,151.864
6883061,2014-11-03,9.17,2494,149.918
6883061,2014-10-21,10.22,2890,148.674
6883061,2014-10-19,15.36,4298,150.466
6883061,2014-10-18,9.74,2628,151.662
6883061,2014-09-24,10.21,2876,149.45
6883061,2014-09-21,12.25,3481,147.762
6883061,2014-09-20,15.63,4291,150.856
6883061,2014-09-18,10.25,2856,145.994
6883061,2014-09-17,8.57,2574,139.352
6883061,2014-09-14,14.88,4352,154.196
6883061,2014-09-12,10.2,2835,151.844
6883061,2014-09-11,8.46,2417,144.344
6883061,2014-08-26,8.62,2771,150.79
6883061,2014-08-16,9.9,3224,138.834
6883061,2014-08-15,10.01,3156,144.93
6883061,2014-04-15,8.06,2594,146.72
6883061,2014-04-03,3.61,1490,95.154
6883061,2014-03-05,4.59,2846,96.032
6883061,2013-12-11,8.86,4357,110.75
6883061,2013-10-18,6.29,1965,165.732
6883061,2013-08-02,7.94,2553,140.982
6883061,2013-01-18,15.78,4760,149.026
6883061,2013-01-17,11.9,3708,147.03
7099226,2012-04-29,19.37,6344,147.926
7099226,2012-04-14,21.69,7051,144.224
13577416,2014-05-12,5.04,1563,166.038
13577416,2014-04-13,10.25,3261,162.832
13577416,2014-02-03,5.32,1664,159.292
13577416,2014-02-02,5.45,1704,162.726
13577416,2014-01-22,5.26,1791,160.27
13577416,2014-01-15,9.72,3716,167.518
13577416,2013-09-02,1.68,523,164.99
1493217,2012-10-31,3.89,1555,185.006
1493217,2012-07-20,3.46,1271,116.388
1493217,2011-06-04,6.37,2283,174.832
8484809,2015-12-28,13.52,5580,138.952
8484809,2015-12-21,10.3,4328,137.014
8484809,2015-12-18,13.54,5300,140.422
8484809,2015-12-16,11.17,4534,139.85
8484809,2015-12-11,13.53,5482,139.276
8484809,2015-12-10,11.32,4572,139.486
8484809,2015-12-08,11.28,4579,138.708
8484809,2015-12-07,10.49,4346,138.108
8484809,2015-12-04,10.46,4369,138.544
8484809,2015-12-03,10.57,4390,138.568
8484809,2015-12-02,11.5,4685,137.204
8484809,2015-12-01,14.26,5882,137.782
8484809,2015-11-25,11.38,4838,137.77
8484809,2015-11-21,10.52,4532,137.234
8484809,2015-11-17,11.3,4892,137.69
8484809,2015-11-15,24.47,9745,143.344
8484809,2015-11-14,10.45,4301,140.016
8484809,2015-11-11,11.31,4556,140.822
8484809,2015-11-07,21.27,8330,140.698
8484809,2015-11-06,13.62,5562,138.804
8484809,2015-11-05,11.3,4651,141.318
8484809,2015-10-28,11.41,4563,138.47
8484809,2015-10-27,13.53,5360,139.774
8484809,2015-10-26,11.1,4585,139.208
8484809,2015-10-18,21.19,8458,139.74
8484809,2015-10-17,10.37,4155,137.154
8484809,2015-10-16,13.92,5771,137.986
8484809,2015-10-15,11.21,4587,139.856
8484809,2015-10-14,13.48,5459,139.072
8484809,2015-10-13,11.11,4619,139.352
8484809,2015-10-04,10.19,4210,138.914
8484809,2015-09-29,10.86,4402,138.988
8484809,2015-09-27,14.19,5938,141.78
8484809,2015-09-26,10.28,4295,140.274
8484809,2015-09-25,11.22,4786,139.95
4564626,2014-04-21,21.33,6734,163.06
4564626,2014-04-17,7.89,2417,159.9
4564626,2014-03-29,9.95,3324,147.212
4564626,2013-08-08,9.11,2990,149.21
12830822,2015-12-17,11.61,3444,163.29
12830822,2015-12-12,27.34,10939,131.368
12830822,2015-12-09,11.75,3911,153.794
12830822,2015-12-08,5.16,2089,129.578
12830822,2015-11-23,11.13,3824,141.262
12830822,2015-10-30,5.33,2200,134.39
12830822,2015-10-28,11.78,4938,131.706
12830822,2015-10-26,11.79,5023,134.342
12830822,2015-10-05,11.84,3383,165.756
12830822,2015-09-10,10.31,4464,131.586
12830822,2015-08-30,10.17,2672,183.114
12830822,2015-06-19,6.35,2636,132.646
12830822,2014-10-02,5.17,2296,123.526
1598505,2015-11-04,12.26,3356,139.664
1598505,2015-11-01,29.04,8204,140.748
1598505,2015-10-31,13.33,3642,144.166
1598505,2015-10-26,25.91,7202,138.938
1598505,2015-09-05,13.17,3671,134.946
1598505,2015-08-16,10.02,2674,147.724
1598505,2015-07-26,8.76,2397,152.796
1598505,2015-07-21,9.86,2739,141.328
1598505,2015-06-22,8.61,2776,145.09
1598505,2015-05-24,42.58,14907,135.432
1598505,2015-05-18,9.75,2825,141.214
1598505,2015-05-11,14.98,4167,141.142
1598505,2015-03-16,13.29,3609,141.96
1598505,2015-03-04,17.12,4618,146.848
1598505,2015-02-28,13.19,3615,138.714
1598505,2015-02-22,21.58,5829,140.744
1598505,2015-02-15,16.79,4708,139.63
1598505,2015-02-08,15.24,4183,142.136
1598505,2015-01-26,10.08,2726,145.052
1598505,2015-01-24,11.41,3296,133.514
1598505,2014-12-07,8.03,2108,145.82
10177904,2015-12-11,8.1,2701,155.264
10177904,2015-10-07,10.34,2958,171.91
10177904,2015-10-05,10.37,3002,170.49
10177904,2015-06-19,13.43,3679,173.936
10177904,2015-04-24,6.06,1837,147.328
10177904,2015-04-22,7.31,2522,126.73
10177904,2015-03-12,7.11,2153,154.856
10177904,2015-03-07,10.89,4289,140.11
10177904,2015-03-06,5.37,1656,181.554
10177904,2015-01-11,10.07,3644,167.086
10177904,2014-11-04,4.12,1179,168.142
10177904,2014-10-15,3.31,982,140.174
10177904,2014-09-20,5.6,1733,156.924
10177904,2014-08-27,7.83,2419,162.876
10177904,2014-08-21,8.16,2819,161.67
10177904,2014-08-15,8.25,2894,149.162
10177904,2014-08-09,10.08,3161,164.806
10177904,2014-08-07,3.0,936,155.592
10177904,2014-07-24,8.97,2545,166.66
10177904,2014-07-20,18.46,7969,149.378
10177904,2014-07-09,9.06,2552,176.84
10177904,2014-07-07,14.37,5387,160.768
10177904,2014-07-02,6.29,1815,170.924
10177904,2014-06-29,16.69,6670,149.516
10177904,2014-06-23,10.77,3867,148.534
10177904,2014-06-20,5.23,1429,175.164
10177904,2014-06-06,5.84,1994,162.748
10177904,2014-06-04,4.53,1932,156.218
10177904,2014-05-26,4.22,1876,138.09
10177904,2014-05-26,5.57,2041,148.186
10177904,2014-05-24,9.84,3911,135.796
10177904,2014-05-18,5.04,1222,189.116
10177904,2014-05-12,7.96,2390,177.804
10177904,2014-04-28,7.07,2143,171.272
10177904,2014-04-16,5.4,1886,153.364
10177904,2013-07-17,18.59,5661,172.296
10177904,2013-07-11,9.07,2535,173.714
10177904,2013-07-10,14.11,4393,150.29
10177904,2013-07-06,9.15,2590,166.288
11606634,2013-07-28,11.21,3760,152.82
11606634,2012-12-29,10.14,2312,177.614
2669847,2015-03-05,7.55,2271,160.18
9008533,2015-12-26,25.4,8603,149.724
9008533,2015-12-20,29.48,10262,149.12
9008533,2015-11-26,10.04,3445,153.52
9008533,2015-11-24,10.69,3677,144.56
9008533,2015-09-29,10.02,3551,141.36
9008533,2015-09-24,14.5,5455,139.106
9008533,2015-07-31,6.6,2174,150.568
9008533,2015-06-20,31.0,10883,146.192
9008533,2015-06-17,10.02,4260,117.508
9008533,2015-06-07,22.01,7144,165.264
9008533,2015-05-30,27.18,9422,149.394
9008533,2015-05-27,7.07,3171,141.944
9008533,2015-05-23,25.39,8810,158.406
9008533,2015-05-20,9.08,2978,151.504
9008533,2015-05-01,20.87,6951,154.034
9008533,2015-04-18,13.76,4466,154.054
9008533,2015-04-12,16.07,5268,150.812
9008533,2015-04-09,9.18,2891,160.382
9008533,2015-03-24,9.0,2817,164.216
9008533,2015-03-13,17.21,6023,145.616
9008533,2015-03-02,5.71,2835,137.352
9008533,2015-02-24,5.21,2405,137.25
9008533,2015-02-01,15.94,4668,161.776
9008533,2015-01-12,13.39,4192,153.342
9008533,2014-12-30,17.06,5330,154.576
9008533,2014-11-25,3.93,1728,123.63
9008533,2014-11-08,17.1,5537,159.886
501555,2015-08-20,10.5,4449,157.498
501555,2015-05-17,21.21,9106,170.56
501555,2015-05-15,5.62,2870,140.574
1329120,2015-07-18,11.08,5471,144.874
7710890,2015-09-20,21.41,7967,146.726
7710890,2015-05-25,15.17,6011,137.612
7017288,2015-05-02,2.9,1058,135.64
7017288,2015-05-02,3.93,1554,133.072
7017288,2015-04-03,3.02,1081,130.802
7017288,2015-03-28,7.07,2461,135.258
7017288,2015-03-27,10.79,3365,145.952
7017288,2015-03-23,7.56,2791,132.008
7017288,2015-03-22,17.99,6064,146.88
7017288,2015-03-15,9.9,2645,159.65
7017288,2015-03-13,7.32,2620,134.404
7017288,2015-03-05,9.69,3718,128.632
7017288,2015-02-28,13.57,4950,136.216
7017288,2015-02-28,10.98,3748,138.126
7017288,2015-02-24,12.55,4432,138.82
7017288,2015-02-23,3.83,1190,141.75
7017288,2015-02-23,3.7,1150,143.506
7017288,2015-02-21,7.92,3050,134.686
7017288,2015-02-19,7.53,2741,135.098
7017288,2015-02-18,13.6,4558,145.454
7017288,2015-02-15,9.83,3442,138.694
7017288,2015-02-14,8.23,2937,135.234
7017288,2015-02-13,9.57,3442,136.622
7017288,2015-02-11,7.68,3013,130.188
7017288,2015-02-11,11.81,3988,137.31
7017288,2015-02-10,7.18,2468,139.662
7017288,2015-02-07,10.83,3670,139.582
7017288,2015-02-06,8.32,2969,139.86
7017288,2015-01-29,10.94,3717,134.81
7017288,2015-01-18,11.8,4082,142.648
7017288,2015-01-17,9.88,3206,144.468
7017288,2015-01-08,10.88,3661,141.63
7017288,2015-01-07,8.65,2964,140.818
7017288,2015-01-01,7.37,2663,140.052
7017288,2014-12-31,7.26,2752,137.926
7017288,2014-12-30,12.72,4481,144.424
7017288,2014-12-06,7.33,2644,135.446
7017288,2014-12-05,7.01,2374,138.876
7017288,2014-12-03,12.78,4893,130.812
7017288,2014-12-02,11.86,3918,141.974
7017288,2014-12-01,6.95,2527,135.914
7017288,2014-11-30,4.92,1272,163.492
7017288,2014-11-26,7.01,2593,135.05
7017288,2014-11-23,19.68,6762,136.702
7017288,2014-11-21,11.32,3741,140.562
7017288,2014-11-16,17.95,6382,136.64
7017288,2014-11-11,4.59,1203,164.668
7017288,2014-11-05,4.55,1201,157.806
7017288,2014-11-02,16.02,5108,144.868
7017288,2014-10-26,4.81,1274,167.226
7017288,2014-10-23,9.72,3174,135.232
7017288,2014-10-19,21.45,5853,160.734
7017288,2014-09-07,21.56,6090,159.07
8994885,2015-01-21,10.05,2924,120.248
8994885,2015-01-14,12.08,3397,165.738
8994885,2015-01-13,12.09,3459,161.944
8994885,2015-01-12,11.08,2992,164.49
8994885,2015-01-09,10.9,3664,143.582
8994885,2015-01-08,10.08,2899,156.7
8994885,2015-01-06,10.72,3025,161.352
8994885,2014-12-26,10.09,2776,162.142
8994885,2014-12-24,10.13,2704,165.908
8994885,2014-12-23,9.97,3119,148.048
8994885,2014-12-20,21.44,5289,179.076
8994885,2014-12-18,10.15,2721,161.92
8994885,2014-12-09,12.09,3857,148.78
8994885,2014-12-08,10.05,2623,169.646
8994885,2014-12-06,13.08,3731,167.746
8994885,2014-12-05,11.01,3175,163.054
8994885,2014-12-03,10.03,2763,167.536
8994885,2014-11-27,15.13,4136,168.878
8994885,2014-11-25,12.06,4076,141.342
8994885,2014-11-24,10.05,2949,159.636
8994885,2014-11-22,16.24,3932,178.59
8994885,2014-11-20,11.07,3039,165.288
8994885,2014-11-18,10.04,2989,150.066
8994885,2014-11-17,13.11,3281,170.036
8994885,2014-11-16,20.18,6699,140.56
8994885,2014-11-13,14.52,3622,169.14
8994885,2014-11-11,10.08,3046,149.898
8994885,2014-11-09,30.4,9696,144.556
8994885,2014-11-08,12.1,3468,164.984
8994885,2014-11-07,10.06,2913,158.116
8994885,2014-11-05,10.11,2420,177.994
8994885,2014-11-04,10.05,3128,143.612
8994885,2014-10-31,14.09,4432,160.366
8994885,2014-10-28,15.08,4979,137.91
8994885,2014-10-27,11.06,2831,173.49
8994885,2014-10-23,30.16,8402,163.114
8994885,2014-10-22,10.05,2710,161.18
8994885,2014-10-21,10.07,3287,139.152
8994885,2014-10-20,10.06,2907,153.95
8994885,2014-10-17,11.04,2834,174.11
8994885,2014-10-15,30.26,9454,160.432
8994885,2014-10-12,10.03,2943,159.248
8994885,2014-10-09,11.05,2932,170.25
8994885,2014-10-07,13.1,4358,137.954
8994885,2014-10-04,20.29,5799,167.598
8994885,2014-10-03,13.0,4111,156.796
8994885,2014-09-30,10.12,3386,135.674
8994885,2014-09-29,10.06,2763,164.114
8994885,2014-09-28,25.63,9403,142.686
8994885,2014-09-27,15.11,4218,164.142
8994885,2014-09-24,10.13,2659,173.386
8994885,2014-09-22,10.1,3532,134.07
8994885,2014-09-17,13.12,3918,154.108
8994885,2014-09-15,10.09,2959,153.974
8994885,2014-09-14,15.07,5284,138.104
8994885,2014-09-11,15.1,4626,149.918
8994885,2014-09-09,10.1,3379,138.468
8994885,2014-09-07,24.51,9101,133.184
8994885,2014-09-06,26.9,8787,143.106
8994885,2014-09-04,20.14,6745,150.594
8994885,2014-09-03,15.18,4705,161.328
8994885,2014-09-01,10.11,2865,163.172
8994885,2014-08-31,25.45,9541,137.564
8994885,2014-08-29,14.35,4409,154.474
8994885,2014-08-23,30.79,10307,151.972
8994885,2014-08-22,14.16,4597,144.614
8994885,2014-08-21,20.42,6517,150.638
8994885,2014-08-20,16.25,5065,152.73
8994885,2014-08-19,12.17,4143,140.67
8994885,2014-08-18,10.16,2586,171.814
8994885,2014-08-17,20.23,7282,136.96
8994885,2014-08-16,20.28,6407,163.492
8994885,2014-07-20,10.16,3617,108.604
8994885,2014-07-19,20.32,6494,128.59
8994885,2014-07-17,12.19,4136,146.192
8994885,2014-07-15,10.21,3415,148.204
8994885,2014-07-14,15.24,4830,156.006
8994885,2014-07-13,10.18,3434,148.28
8994885,2014-07-11,13.28,4232,154.012
8994885,2014-07-09,13.15,4110,159.984
8994885,2014-07-08,10.15,3682,145.14
8994885,2014-07-07,13.23,4321,156.284
8994885,2014-07-06,10.22,3617,141.99
8994885,2014-07-05,20.39,6497,162.81
8994885,2014-07-04,13.28,4203,156.702
8994885,2014-06-28,15.31,5067,168.496
8994885,2014-06-25,10.2,3244,162.524
8994885,2014-06-24,10.19,3512,152.13
8994885,2014-06-23,10.2,3094,168.25
8994885,2014-06-21,13.24,4289,158.486
8994885,2014-06-20,10.15,3251,163.502
8994885,2014-06-16,10.14,3371,165.964
8994885,2014-06-15,10.29,3867,153.842
8994885,2014-06-13,10.18,3389,170.732
8994885,2014-05-07,15.09,4849,158.388
8994885,2014-05-03,20.28,6357,157.984
8994885,2014-05-01,20.26,6423,171.344
8994885,2014-04-09,10.31,3328,158.394
8994885,2014-03-06,10.07,3467,153.046
8994885,2014-02-23,25.26,8252,154.832
8994885,2014-02-16,35.5,12548,134.452
8994885,2014-02-15,20.21,5929,161.028
8994885,2014-02-12,10.17,2949,156.808
8994885,2014-02-08,33.35,10543,149.024
8994885,2014-02-04,20.33,7007,134.848
8994885,2014-02-01,20.28,5918,154.414
8994885,2014-01-14,15.2,5477,135.234
8994885,2014-01-11,20.27,6992,144.886
8994885,2014-01-09,10.12,2933,163.82
8994885,2014-01-04,20.93,6693,150.264
8994885,2014-01-02,15.19,5414,130.03
8994885,2013-12-28,11.15,3658,146.13
8994885,2013-12-23,10.08,2955,166.518
8994885,2013-11-21,10.06,2612,177.052
8994885,2013-11-19,15.14,4379,158.07
8994885,2013-11-18,15.14,4196,158.724
8994885,2013-11-16,10.04,2725,166.666
8994885,2013-11-15,10.17,2533,171.962
8994885,2013-11-14,20.21,5845,154.102
8994885,2013-11-11,15.09,4386,154.94
8994885,2013-11-09,22.2,6534,151.542
8994885,2013-11-08,15.15,4444,150.692
8994885,2013-11-07,12.06,3164,164.28
8994885,2013-11-06,10.09,2865,159.37
8994885,2013-11-04,10.03,2814,161.836
8994885,2013-11-01,10.08,2591,166.34
8994885,2013-10-30,12.25,3337,169.38
8994885,2013-10-28,10.12,2798,164.388
8994885,2013-10-25,10.03,2618,169.384
8994885,2013-10-23,10.1,2701,163.634
8994885,2013-10-22,8.33,2682,145.432
8994885,2013-10-14,10.13,2728,165.814
8994885,2013-10-12,10.16,3376,140.912
8994885,2013-10-08,9.93,3282,138.962
8994885,2013-10-07,10.09,2765,156.572
8994885,2013-10-04,10.08,3031,155.528
8994885,2013-09-29,21.42,5459,180.762
8994885,2013-09-24,12.15,3219,163.38
8994885,2013-09-22,21.77,7233,135.302
8994885,2013-09-18,10.32,2956,154.424
8994885,2013-09-12,9.12,2482,167.402
8994885,2013-09-11,12.19,4002,141.23
8994885,2013-09-09,10.21,3195,139.93
8994885,2013-09-07,30.57,8591,162.544
8994885,2013-09-02,10.21,3225,150.096
8994885,2013-09-01,20.32,7351,127.394
8994885,2013-08-31,27.55,7435,165.808
8994885,2013-08-30,10.21,2930,155.99
8994885,2013-08-29,10.15,2716,165.236
8994885,2013-08-26,12.19,4199,129.92
8994885,2013-08-23,10.16,3153,147.552
8994885,2013-08-22,10.08,2926,153.55
8994885,2013-08-21,26.48,8337,141.634
8994885,2013-08-19,25.87,8694,134.576
8994885,2013-08-17,20.31,5923,159.286
8994885,2013-08-16,10.62,3277,154.604
8994885,2013-08-15,10.17,2904,158.778
8994885,2013-08-14,28.32,9431,139.64
8994885,2013-08-12,25.47,8725,138.166
8994885,2013-08-11,30.49,11796,130.452
8994885,2013-08-10,24.38,7156,163.988
8994885,2013-08-08,25.51,8503,141.82
8994885,2013-08-07,27.88,9346,145.474
8994885,2013-08-05,25.46,8542,141.116
8994885,2013-08-04,20.39,8876,117.778
8994885,2013-08-02,20.5,6837,141.434
8994885,2013-07-31,12.25,3966,154.23
8994885,2013-07-27,41.26,13844,152.314
8994885,2013-07-26,25.43,8528,145.718
8994885,2013-07-24,28.44,9227,150.394
8994885,2013-07-22,10.21,3584,145.18
8994885,2013-07-17,18.85,6195,149.204
8994885,2013-07-15,16.17,5831,127.468
8994885,2013-07-11,25.42,8640,141.262
8994885,2013-07-07,30.35,12327,133.992
8994885,2013-07-04,25.32,8784,142.086
8994885,2013-07-03,35.49,11887,148.582
8994885,2013-07-01,25.32,8070,147.626
8994885,2013-06-28,45.93,15411,150.092
8994885,2013-06-27,25.31,8219,146.92
8994885,2013-06-26,25.22,8310,147.14
8994885,2013-06-24,10.04,3942,122.088
8994885,2013-06-22,35.52,12067,145.292
8994885,2013-06-21,10.11,3513,147.338
8994885,2013-06-20,10.1,3241,152.668
8994885,2013-06-17,8.09,3285,136.476
8994885,2013-06-15,45.91,16487,152.608
8994885,2013-06-14,15.19,5388,139.018
8994885,2013-06-13,25.26,8638,145.288
8994885,2013-06-12,25.31,8567,146.802
8994885,2013-06-11,12.4,4745,140.034
8994885,2013-06-10,8.06,3218,128.206
8994885,2013-06-08,30.35,10237,142.408
8994885,2013-06-06,25.39,8291,145.438
8994885,2013-06-05,25.29,8425,150.53
8994885,2013-06-04,12.11,4689,133.654
8994885,2013-06-03,8.03,3081,130.232
8994885,2013-06-01,30.33,10521,146.96
8994885,2013-05-30,20.28,6640,152.76
8994885,2013-05-26,20.24,8183,128.346
12362801,2015-03-29,10.51,3172,153.286
12362801,2015-01-11,8.3,2827,148.274
12362801,2014-09-21,21.44,5532,168.42
12362801,2014-08-24,12.6,4113,137.164
12362801,2014-08-09,7.1,2605,142.034
12362801,2014-07-27,10.44,3843,139.188
12362801,2014-07-05,21.42,7118,163.56
12362801,2014-07-05,7.06,2673,138.238
12362801,2014-04-24,9.97,2809,163.416
12362801,2014-04-19,30.45,8909,159.128
12362801,2014-04-12,27.63,8906,157.738
12362801,2014-04-01,10.09,2769,163.462
12362801,2014-03-24,9.54,2794,163.658
12362801,2013-11-02,10.91,3180,161.64
12362801,2013-10-31,12.8,3585,154.03
12362801,2013-10-26,13.37,4467,166.834
12362801,2013-10-19,9.96,2867,164.112
12362801,2013-10-15,9.13,3041,155.318
12362801,2013-10-12,8.78,2660,166.974
5072565,2015-12-27,15.37,5087,146.83
5072565,2015-12-25,11.64,3981,143.718
5072565,2015-12-20,12.95,4156,153.07
5072565,2015-12-05,8.11,2454,160.978
5072565,2015-12-02,7.87,2615,145.018
5072565,2015-11-26,7.92,2619,142.35
5072565,2015-11-23,24.42,8200,154.136
5072565,2015-11-20,11.38,3856,145.068
5072565,2015-11-16,17.51,5687,144.188
5072565,2015-11-12,9.44,3040,147.608
5072565,2015-10-21,9.69,3295,145.586
5072565,2015-10-09,7.61,2934,143.552
5072565,2015-09-24,13.67,5420,123.634
5072565,2015-09-21,9.23,3338,140.842
5072565,2015-08-30,9.86,3615,136.348
5072565,2015-08-09,11.4,4072,144.14
5072565,2015-07-08,3.36,1107,145.26
5072565,2015-07-07,4.63,1547,147.33
5072565,2015-07-04,4.66,1684,140.488
5072565,2015-07-03,11.96,4469,143.182
5072565,2015-06-12,4.66,1472,146.932
5072565,2015-06-05,4.58,1337,160.214
5072565,2015-05-17,9.25,3363,143.176
5072565,2015-05-12,6.74,2542,143.128
5072565,2015-04-27,5.01,1788,139.67
5072565,2015-04-27,4.67,1388,165.878
5072565,2015-03-16,10.51,3477,150.098
5072565,2015-03-08,8.22,2682,151.198
5072565,2015-03-04,4.72,1312,168.254
5072565,2015-03-03,6.7,2260,150.522
5072565,2015-02-11,4.65,1336,153.426
5072565,2015-01-09,8.36,2956,155.436
7967148,2015-07-24,5.01,1500,152.636
7967148,2015-07-24,26.56,6279,171.216
7967148,2015-02-13,5.74,2137,136.144
7967148,2015-02-13,24.52,5396,173.994
7967148,2014-11-29,16.09,4658,145.97
7967148,2014-09-24,15.1,3271,171.658
7967148,2014-09-18,22.24,5351,162.996
7967148,2014-09-03,18.28,4499,165.842
7967148,2014-08-28,15.28,3436,174.36
7967148,2014-07-16,8.28,2494,148.356
7967148,2014-07-16,13.37,3933,142.502
7967148,2014-07-13,33.89,8460,158.116
7967148,2014-07-11,5.98,1946,142.302
7967148,2014-07-09,11.14,3019,162.8
7967148,2014-07-09,7.32,2474,157.252
7967148,2014-07-07,8.12,1912,162.034
7967148,2014-07-06,35.13,9691,157.904
7967148,2014-07-03,4.09,818,187.18
7967148,2014-07-02,5.45,1637,154.484
7967148,2014-07-01,19.91,5223,160.452
7967148,2014-06-28,10.92,3453,144.1
7967148,2014-06-28,8.02,1933,167.842
7967148,2014-06-27,4.03,1272,142.058
7967148,2014-06-27,2.03,642,137.418
7967148,2014-06-27,17.54,4121,163.154
7967148,2014-06-26,15.52,4474,149.826
7967148,2014-06-25,5.04,1644,133.684
7967148,2014-06-24,17.72,4303,172.306
7967148,2014-04-23,10.21,2688,156.348
7967148,2014-04-22,15.7,4262,154.878
7967148,2014-04-18,22.68,6671,147.538
7967148,2014-04-17,3.08,613,179.634
7967148,2014-04-16,6.2,2084,143.912
7967148,2014-04-12,18.17,4249,171.468
7967148,2014-04-10,30.23,8690,140.514
7967148,2014-03-25,16.08,3706,167.854
7967148,2014-03-18,5.53,1601,154.408
7967148,2014-03-13,32.1,8816,147.596
7967148,2014-03-11,13.21,3087,168.59
7967148,2014-02-28,28.27,7630,149.95
7967148,2014-02-26,6.76,2126,146.416
7967148,2014-02-12,8.55,2227,153.226
6601602,2015-11-22,21.13,6888,144.06
6601602,2015-11-02,44.33,10693,174.528
6601602,2015-10-14,17.97,4514,160.808
6601602,2015-09-28,21.44,5016,170.418
6601602,2015-07-16,17.04,6694,131.81
6601602,2015-06-17,9.87,2563,163.536
6601602,2015-06-15,35.36,11650,148.578
6601602,2015-06-14,11.92,4159,137.286
7181149,2015-09-20,17.06,5566,155.734
7181149,2015-09-09,11.1,3521,145.468
7181149,2015-09-05,26.57,8385,155.646
7181149,2015-08-30,18.09,6031,156.928
7181149,2015-08-24,12.21,4044,154.242
7181149,2015-08-20,11.22,3539,158.164
7181149,2015-08-02,5.22,1980,142.278
7181149,2014-10-31,12.27,4151,165.408
7181149,2014-02-22,13.13,3849,157.556
7181149,2014-02-02,18.87,5622,171.506
7181149,2014-01-19,18.29,5629,170.492
7181149,2013-09-13,12.66,4053,164.58
7181149,2013-09-11,11.12,3471,163.44
1668573,2015-07-15,7.82,2414,147.554
1668573,2014-11-07,7.17,2467,143.888
1668573,2014-11-03,8.1,2884,137.14
1707239,2015-12-29,15.0,4490,130.568
1707239,2015-12-27,13.65,4477,139.634
1707239,2015-12-12,12.1,3991,145.846
1707239,2015-12-08,4.94,1649,167.422
1707239,2015-11-21,14.17,4930,137.692
1707239,2015-11-13,10.07,3219,132.704
1707239,2015-11-09,9.6,2967,136.798
1707239,2015-11-01,25.95,8539,135.884
1707239,2015-10-31,15.7,5524,142.828
1707239,2015-10-19,7.43,2399,128.264
1707239,2015-10-17,7.21,1958,149.046
1707239,2015-10-13,19.8,7142,132.992
1707239,2015-10-10,12.84,3834,134.784
1707239,2015-10-10,7.34,2315,131.826
1707239,2015-09-20,10.11,2369,168.586
1707239,2015-09-18,5.54,1507,150.094
1707239,2015-09-09,6.99,2071,128.622
1707239,2015-09-05,32.5,9785,160.95
1707239,2015-09-02,13.29,3879,135.418
1707239,2015-08-30,28.33,8822,129.454
1707239,2015-08-28,17.03,5213,156.99
1707239,2015-08-28,5.24,1612,125.51
1707239,2015-08-26,14.98,4151,147.548
1707239,2015-08-15,17.33,5817,151.33
1707239,2015-08-11,12.15,3233,147.908
1707239,2015-08-08,16.25,5025,136.862
1707239,2015-08-07,7.92,2556,125.27
1707239,2015-08-05,11.95,3373,152.148
1707239,2015-08-03,15.04,4892,142.138
1707239,2015-07-31,8.0,2287,144.804
1707239,2015-07-30,4.75,1410,138.19
1707239,2015-07-25,7.19,2183,133.412
1707239,2015-07-23,13.72,4707,140.818
1707239,2015-07-20,12.04,3628,143.252
1707239,2015-07-17,11.85,3792,142.016
1707239,2015-07-13,7.01,2132,143.904
1707239,2015-07-11,6.96,1921,142.172
1707239,2015-07-02,2.04,839,113.864
1707239,2015-07-02,1.85,671,118.498
1707239,2015-06-29,6.5,2114,122.19
1707239,2015-06-21,4.34,1327,135.044
1707239,2015-06-18,14.0,4916,125.972
1707239,2015-06-13,5.56,2471,149.628
1707239,2015-04-25,22.27,6015,166.172
1707239,2015-04-23,6.97,2096,133.168
1707239,2015-04-20,6.92,1776,147.958
1707239,2015-04-18,12.39,3775,146.826
1707239,2015-04-17,2.01,644,130.352
1707239,2015-04-16,9.25,3303,141.528
1707239,2015-04-10,11.28,3863,134.264
1707239,2015-04-03,12.3,3613,133.864
1707239,2015-03-27,12.1,3427,141.408
1707239,2015-03-12,10.67,3391,137.718
1707239,2015-02-28,13.93,4462,148.228
1707239,2015-02-26,12.13,3697,137.83
1707239,2015-02-14,10.04,3066,146.012
1707239,2015-02-02,9.48,2827,150.622
1707239,2015-01-29,7.81,2157,142.2
1707239,2015-01-21,4.26,1393,140.752
1707239,2015-01-21,3.96,1216,144.112
1707239,2015-01-21,5.83,1616,145.842
1707239,2015-01-17,12.29,4183,145.204
1707239,2015-01-14,3.37,909,141.39
1707239,2015-01-01,13.62,4860,129.234
1707239,2014-12-26,9.92,3809,142.346
1707239,2014-12-25,7.26,2099,139.57
1707239,2014-12-21,2.42,749,127.904
1707239,2014-12-15,17.04,4835,145.084
1707239,2014-12-10,5.92,1888,128.292
1707239,2014-12-10,3.26,986,134.634
6532016,2015-12-14,12.06,4361,165.95
6532016,2015-12-11,9.89,3989,159.798
6532016,2015-11-25,11.98,4120,169.15
6532016,2015-11-22,13.42,4518,173.99
6532016,2015-11-16,9.98,3408,172.554
6532016,2015-10-25,10.43,3575,170.552
6532016,2015-10-12,15.54,5236,176.234
6532016,2015-10-07,11.8,3951,179.208
6532016,2015-09-13,16.34,5809,175.712
6532016,2015-08-23,10.68,3562,165.296
6532016,2015-08-16,12.91,4666,172.364
6532016,2015-08-09,10.18,3634,170.206
6532016,2015-08-02,10.66,3503,173.52
6532016,2015-07-27,10.53,3532,171.452
6532016,2015-07-13,12.77,4204,175.354
6532016,2015-06-28,11.11,3523,174.75
6532016,2015-05-31,16.73,5580,177.044
6532016,2015-05-24,11.2,3817,175.722
6532016,2015-04-26,13.42,4604,178.538
6532016,2015-04-22,10.78,3649,168.626
6532016,2015-02-22,14.3,4873,173.91
6532016,2015-02-09,12.47,4312,173.894
6532016,2015-02-01,12.89,4152,176.036
6532016,2015-01-25,9.96,3171,182.862
6532016,2015-01-18,12.3,4135,169.804
6532016,2015-01-07,7.07,2380,174.404
6532016,2014-12-21,7.45,2402,178.006
6532016,2014-11-21,9.06,2914,172.07
6532016,2014-11-18,2.93,1891,139.004
6532016,2014-11-18,11.17,3671,175.758
6532016,2014-11-02,6.84,2407,162.444
6532016,2014-10-22,7.53,2402,176.014
6532016,2014-10-10,5.35,1800,187.482
6532016,2014-10-08,7.14,2402,173.022
851531,2014-12-30,6.03,1932,141.132
851531,2014-12-24,4.66,1501,136.584
851531,2014-12-05,5.68,1785,134.308
851531,2014-12-03,3.22,1074,130.876
851531,2014-11-26,3.73,1110,142.146
851531,2014-11-06,4.19,1328,126.37
851531,2014-10-31,7.23,2247,141.796
851531,2014-10-24,7.31,2177,150.72
851531,2014-10-08,7.21,2280,138.448
851531,2014-10-03,7.13,2166,141.722
851531,2014-09-30,6.12,2237,127.954
851531,2014-09-21,20.32,6357,143.652
851531,2014-09-03,5.49,2054,121.836
851531,2014-09-02,7.34,2586,128.92
851531,2014-08-26,7.15,2312,136.328
851531,2014-08-08,5.02,1810,127.346
6582710,2015-12-24,10.84,3050,158.994
6582710,2015-12-09,12.85,3602,153.026
6582710,2015-12-04,12.01,3598,144.584
6582710,2015-12-02,11.88,2971,159.684
6582710,2015-11-29,20.6,6082,155.808
6582710,2015-11-26,11.82,3032,159.722
6582710,2015-11-24,13.58,3600,158.588
6582710,2015-11-23,16.0,4805,146.808
6582710,2015-11-21,12.04,3595,139.37
6582710,2015-11-10,10.22,3148,136.542
6582710,2015-11-08,13.9,3754,149.142
6582710,2015-11-05,13.61,3601,153.02
6582710,2015-11-03,14.69,3935,153.39
6582710,2015-10-31,14.92,4094,150.528
6582710,2015-10-29,19.89,4937,161.572
6582710,2015-10-27,16.04,3922,161.462
6582710,2015-10-22,13.7,3600,156.554
6582710,2015-10-21,16.46,4377,157.672
6582710,2015-10-15,9.82,2577,158.434
6582710,2015-10-11,13.17,3600,145.212
6582710,2015-10-10,15.92,3754,169.166
6582710,2015-10-08,16.2,4204,158.334
6582710,2015-10-06,12.08,2888,165.978
6582710,2015-10-03,4.17,1060,150.95
6582710,2015-10-01,9.92,2438,158.368
6582710,2015-09-22,9.99,2394,159.896
6582710,2015-09-20,10.06,3046,137.76
6582710,2015-09-17,12.07,2855,165.88
6582710,2015-09-15,12.34,3076,160.194
6582710,2015-09-12,9.1,2120,168.658
6582710,2015-09-10,11.21,2661,162.562
6582710,2015-09-03,10.04,2353,164.798
6582710,2015-08-29,9.95,3000,138.484
6582710,2015-08-27,2.75,805,148.678
6582710,2015-08-27,9.3,2210,159.246
6582710,2015-08-27,1.94,591,132.156
6582710,2015-08-25,2.97,824,152.566
6582710,2015-08-25,3.7,979,144.92
6582710,2015-08-23,9.98,2259,165.13
6582710,2015-08-22,13.82,4108,144.588
6582710,2015-08-16,15.92,4448,145.146
6582710,2015-08-08,13.97,3945,145.06
6582710,2015-08-06,15.99,4135,154.88
6582710,2015-08-02,15.88,4484,144.762
6582710,2015-07-30,13.97,3636,154.366
6582710,2015-07-26,15.91,4549,144.716
6582710,2015-07-19,21.1,5667,155.032
6582710,2015-07-05,32.26,10961,140.888
6582710,2015-07-01,14.95,4519,138.352
6582710,2015-06-28,16.99,4702,150.486
6582710,2015-06-07,11.08,3273,144.844
6582710,2015-03-31,12.23,3600,137.99
6582710,2015-03-05,12.31,3600,142.12
6582710,2015-01-04,30.53,9348,141.558
6582710,2014-12-25,21.0,6185,149.31
6582710,2014-12-01,10.64,3600,147.376
6582710,2014-11-26,13.35,4046,139.952
6582710,2014-11-22,44.76,14240,142.46
6582710,2014-11-19,11.87,3779,134.868
6582710,2014-11-12,11.24,3282,143.258
6582710,2014-11-03,15.18,4338,146.194
6582710,2014-10-22,11.2,3630,132.61
6582710,2014-10-20,10.18,2923,150.122
6582710,2014-10-17,11.15,3278,141.668
6582710,2014-10-04,27.36,8078,138.918
6582710,2014-09-27,15.24,4495,140.876
6582710,2014-09-25,17.23,4786,148.258
6582710,2014-09-24,11.97,3596,140.258
6582710,2014-09-17,13.24,3956,141.422
6582710,2014-08-28,12.04,3600,147.564
6582710,2014-06-28,15.01,4512,147.954
6582710,2014-06-27,13.44,3811,156.658
6582710,2014-06-21,30.33,8741,150.978
6582710,2014-06-18,12.15,3674,143.73
6582710,2014-06-14,15.68,4515,152.268
6582710,2014-06-02,31.09,9009,151.56
2060912,2015-10-27,5.37,1847,161.3
2060912,2015-10-01,4.99,1952,154.406
2060912,2015-09-22,10.23,4108,148.892
2060912,2015-08-11,5.83,2443,147.464
2060912,2015-07-31,5.01,2081,150.628
2060912,2015-06-24,5.17,2202,140.678
2060912,2015-05-15,3.67,1589,132.364
2060912,2015-05-02,4.99,1675,158.946
2060912,2015-04-18,4.98,1667,161.274
2060912,2015-04-16,4.97,1733,158.362
2060912,2015-02-18,5.01,1784,155.438
2060912,2015-02-14,4.98,1793,154.378
2060912,2015-02-05,5.11,2061,144.028
2060912,2015-01-31,3.22,1201,153.142
2060912,2015-01-29,4.99,2070,145.536
2060912,2014-12-03,5.01,2035,173.096
2060912,2014-10-07,6.24,2356,150.434
2060912,2014-09-03,3.09,1184,144.72
2060912,2014-08-28,5.38,1966,160.23
2060912,2014-08-07,5.0,2035,140.774
2060912,2014-08-05,8.31,3207,152.778
2060912,2014-08-02,8.29,2984,152.084
2060912,2014-08-01,7.0,2506,150.276
2060912,2014-07-28,7.7,2895,148.81
2060912,2014-07-26,7.24,2636,154.582
2060912,2014-07-24,7.99,2926,153.016
2060912,2014-07-20,10.07,3871,151.924
2060912,2014-07-19,7.11,2915,149.012
2060912,2014-07-18,7.19,3310,133.686
2060912,2014-06-28,6.36,2192,159.178
2060912,2014-06-11,10.45,4506,136.702
3537163,2014-11-09,20.77,6305,160.946
3537163,2014-10-09,10.02,3235,141.842
3537163,2014-09-30,8.02,2662,137.402
3537163,2014-09-07,11.7,7687,158.706
1423027,2013-08-30,37.65,5683,93.924
6961546,2015-01-06,9.43,2431,132.322
6961546,2014-12-25,10.29,2965,144.642
6961546,2014-12-06,9.58,3594,147.918
6961546,2014-11-09,12.22,3925,138.88
6961546,2014-11-07,10.2,2998,154.834
6961546,2014-11-06,12.3,4122,130.634
6961546,2014-11-01,12.28,3695,140.552
6961546,2014-09-12,8.08,2817,138.166
6961546,2014-06-26,8.05,2334,150.534
6961546,2014-04-19,13.37,4452,136.15
6961546,2014-04-05,15.24,5007,148.054
6961546,2014-04-04,12.25,3482,164.696
6961546,2013-12-14,11.19,3427,158.298
6961546,2013-08-20,9.29,2629,129.648
6961546,2013-06-09,12.71,4230,149.792
6961546,2013-03-27,6.83,2309,156.212
6961546,2012-10-20,7.19,2591,145.34
6961546,2012-10-11,8.25,3278,134.53
4434,2014-03-10,4.9,2800,103.872
4434,2014-03-04,5.23,2827,103.138
4434,2013-10-03,4.23,1667,121.712
1912029,2015-12-06,9.19,3628,172.032
1912029,2015-12-05,13.38,5452,170.982
1912029,2015-11-29,7.41,3207,171.248
1912029,2015-11-06,6.78,2992,168.666
1912029,2015-10-11,21.46,7851,183.17
1912029,2015-10-02,5.53,2364,161.47
1912029,2015-09-13,14.53,6314,169.452
1912029,2015-09-12,10.08,3991,180.408
1912029,2015-09-09,8.34,3586,165.63
1912029,2015-09-07,6.03,2556,172.128
1912029,2015-08-16,10.25,4487,173.616
1912029,2015-08-02,8.23,3662,170.38
1912029,2015-07-30,14.59,6004,165.368
1912029,2015-07-27,10.23,4723,170.314
1912029,2015-07-19,5.12,2271,176.226
1912029,2015-07-19,5.04,2124,188.55
1912029,2015-07-08,10.16,4429,170.252
1912029,2015-07-07,7.97,3317,169.43
1912029,2015-06-21,21.71,8330,184.45
1912029,2015-05-14,9.27,3550,173.72
1912029,2015-04-30,8.21,3075,168.616
1912029,2015-04-19,13.78,5452,174.786
1912029,2015-04-13,10.01,4159,164.282
1912029,2015-03-17,10.2,3896,170.294
1912029,2015-03-15,10.2,4089,165.744
1912029,2015-03-14,10.27,3551,180.87
1912029,2015-03-11,6.42,2533,169.338
1912029,2015-03-01,7.8,3216,168.49
1912029,2015-03-01,8.13,3414,164.818
1912029,2015-02-28,6.54,2681,166.496
1912029,2015-02-25,8.96,3600,173.096
1912029,2015-02-16,15.56,6552,161.716
1912029,2015-02-15,10.29,3840,173.48
1912029,2015-02-02,15.19,6539,161.656
1912029,2015-01-18,10.78,4647,171.21
1912029,2015-01-18,8.22,3314,169.728
1912029,2015-01-15,8.19,3399,169.69
1912029,2015-01-04,13.17,5599,172.02
1912029,2015-01-02,11.18,5016,168.05
1912029,2014-12-27,10.26,4611,175.86
1912029,2014-12-21,8.14,3621,169.898
1912029,2014-09-06,9.8,3700,182.286
1912029,2014-07-27,10.32,3521,184.346
1912029,2014-06-22,21.71,7715,175.056
1912029,2014-06-20,6.14,2417,160.192
1912029,2014-05-04,9.32,3713,159.698
1912029,2014-03-27,8.2,2950,168.74
1912029,2014-03-25,8.23,2985,170.594
1912029,2014-03-20,8.16,3058,164.692
1912029,2014-03-13,8.19,2906,171.236
1912029,2014-03-09,9.34,3076,185.534
1912029,2014-03-01,8.86,3351,168.538
1912029,2014-02-19,8.69,3182,174.9
1912029,2014-02-11,10.19,3809,169.63
1912029,2014-02-09,7.23,2645,169.562
1912029,2014-02-04,10.21,3808,170.718
1912029,2014-02-03,8.22,3302,162.496
1912029,2014-01-28,8.28,3241,170.91
1912029,2014-01-18,9.27,3529,166.974
1912029,2014-01-13,12.12,4958,162.308
1912029,2014-01-08,8.17,3256,165.264
1912029,2014-01-06,11.12,4644,163.444
1912029,2014-01-05,6.38,2454,176.596
1912029,2013-11-25,10.27,4489,159.624
1912029,2013-11-11,10.21,4354,158.42
1912029,2013-10-20,5.16,2450,150.564
1912029,2013-09-15,8.06,3438,164.044
1912029,2013-09-01,10.09,4302,158.508
1912029,2013-09-01,6.13,2477,162.236
1912029,2013-08-25,10.17,4211,159.006
1912029,2013-08-11,7.19,3057,159.338
1912029,2013-08-01,5.61,2418,158.432
1912029,2013-07-23,8.19,3545,154.342
1912029,2013-07-18,5.65,2303,160.144
1912029,2013-07-17,6.28,2710,153.976
1912029,2013-07-05,6.12,2582,160.574
1912029,2013-07-04,6.11,2738,160.032
1912029,2013-07-03,9.15,4160,159.728
1912029,2013-06-23,21.51,8599,181.178
1912029,2013-06-16,10.16,4534,157.246
1912029,2013-06-15,8.16,3719,155.096
1912029,2013-06-14,6.07,2774,158.102
1912029,2013-05-30,6.27,3063,156.494
1912029,2013-05-24,21.52,9861,155.98
1912029,2013-05-20,11.16,5506,145.362
1912029,2013-05-14,5.57,2150,168.408
1912029,2013-05-14,5.56,2673,150.81
1912029,2013-04-30,5.1,2239,157.716
1912029,2013-04-14,5.1,2576,159.322
1912029,2013-04-12,5.12,2319,172.304
1912029,2013-03-21,10.38,5085,159.984
1912029,2013-03-17,10.58,5228,155.02
1912029,2013-03-10,5.6,2636,154.876
1912029,2013-02-28,10.26,5206,157.134
1912029,2013-01-20,10.23,4890,157.466
1912029,2013-01-14,12.73,6240,156.996
1912029,2013-01-13,10.12,4923,155.162
1912029,2012-12-16,10.13,4882,162.728
762872,2015-06-05,10.0,3268,160.588
762872,2015-06-01,9.6,3033,154.166
762872,2015-04-29,10.18,3152,145.53
762872,2015-04-22,13.31,4375,141.158
762872,2015-04-11,13.05,4153,158.006
762872,2015-04-08,12.67,4067,145.25
762872,2015-03-18,10.23,3116,152.326
762872,2015-03-06,11.17,3325,157.728
762872,2015-02-27,11.16,3513,159.704
762872,2015-02-25,10.3,3467,152.788
762872,2015-02-18,14.02,4436,156.282
762872,2015-02-16,7.48,2430,156.468
762872,2015-02-14,7.71,2414,162.262
762872,2015-02-02,13.1,4264,157.394
762872,2015-01-26,7.68,2703,150.008
4938238,2015-12-20,10.12,3644,160.144
4938238,2015-12-16,7.21,2949,147.274
4938238,2015-12-09,5.15,1803,153.306
4938238,2015-12-02,6.14,2262,151.982
4938238,2015-11-15,12.67,4895,149.364
4938238,2015-10-31,8.12,3198,153.878
10099521,2014-05-11,10.63,3907,158.582
10099521,2014-05-01,5.51,2361,136.022
10099521,2014-04-15,6.17,2690,136.232
10099521,2014-04-08,5.09,2297,135.668
10099521,2014-04-08,4.82,2147,155.698
10099521,2014-04-06,9.69,4321,134.062
10099521,2014-04-05,6.27,2741,147.494
10099521,2014-04-03,6.77,2875,137.034
10099521,2014-03-27,7.06,2960,152.888
10099521,2014-03-11,15.29,5234,189.404
10099521,2014-03-06,7.12,2907,156.202
10099521,2014-02-19,7.31,3017,146.254
10099521,2014-02-10,10.55,4090,158.418
10099521,2014-01-11,9.89,3430,186.516
10099521,2013-11-24,15.89,7297,135.28
10099521,2013-11-23,6.1,2719,138.008
10099521,2013-11-21,7.28,3207,145.634
10099521,2013-11-10,11.27,4510,158.458
10099521,2013-11-02,7.25,3179,136.07
10099521,2013-10-27,8.89,3587,146.064
10099521,2013-10-27,9.78,3899,160.786
10099521,2013-10-20,13.11,5986,135.202
10099521,2013-10-12,7.2,2897,141.732
10099521,2013-10-10,7.67,3150,152.086
10099521,2013-10-10,7.66,3150,145.914
10099521,2013-10-08,9.24,4348,149.594
10099521,2013-09-05,6.24,2307,163.076
10099521,2013-08-27,10.01,4239,170.104
10099521,2013-08-22,7.7,2874,145.974
10099521,2013-08-20,7.62,2903,145.856
10099521,2013-08-17,10.35,4369,138.916
10099521,2013-08-17,10.56,4510,157.072
10099521,2013-08-15,9.27,3749,145.122
10099521,2013-08-15,5.66,2395,156.688
10099521,2013-08-13,11.54,4995,149.25
2175400,2014-08-11,21.11,5981,184.562
2175400,2014-06-16,15.97,5512,152.584
12087190,2015-12-01,10.49,3471,148.91
12087190,2015-11-14,6.27,2235,138.624
12087190,2015-10-28,10.79,3397,157.49
12087190,2015-10-16,10.45,3530,152.93
12087190,2015-09-04,11.21,3854,140.116
12087190,2015-07-31,10.72,3666,164.244
12087190,2015-07-31,8.63,2867,144.59
12087190,2015-05-12,10.19,3005,162.876
12087190,2015-04-04,10.36,3327,158.812
12087190,2015-03-29,29.65,6542,172.608
12087190,2015-03-24,17.31,5898,152.058
12087190,2015-03-20,12.34,3861,157.23
12087190,2015-03-19,10.35,3214,158.626
12087190,2015-03-17,10.21,3849,144.956
12087190,2015-03-09,9.94,3087,182.534
12087190,2015-01-28,10.39,3614,163.254
12087190,2014-12-24,15.65,5379,152.454
12087190,2014-08-23,21.34,6557,179.272
12087190,2014-07-05,11.26,3711,155.874
12087190,2014-04-19,16.48,6017,148.0
12087190,2014-04-13,10.2,2764,178.154
12087190,2014-03-13,15.45,4795,152.44
12087190,2014-03-10,10.07,2778,177.558
12087190,2014-03-06,10.19,3082,157.15
12087190,2014-03-02,16.41,5428,158.13
12087190,2014-02-09,14.31,4550,161.972
5979382,2015-12-15,13.57,3729,145.124
5979382,2015-12-08,13.18,3638,145.26
5979382,2015-11-20,10.55,3025,134.874
5979382,2015-11-17,9.85,2777,142.69
5979382,2015-11-03,10.56,2915,146.094
5979382,2015-10-23,12.07,3308,142.094
5979382,2015-10-17,12.05,2885,156.99
5979382,2015-10-14,9.47,2350,152.438
5979382,2015-09-30,10.5,2780,138.96
5979382,2015-09-06,23.53,6116,148.27
5979382,2015-09-05,23.37,5976,146.928
5979382,2015-08-29,13.17,3530,145.998
5979382,2015-08-22,8.0,2025,147.758
5979382,2015-08-14,18.0,4940,144.83
5979382,2015-08-07,12.8,3555,142.316
5979382,2015-07-11,13.72,3623,150.952
5979382,2015-06-30,14.91,3863,145.78
5979382,2015-04-21,7.2,1655,151.342
5979382,2015-03-28,14.98,3679,152.724
5979382,2015-03-17,7.4,1864,160.308
5979382,2015-03-10,11.36,3354,132.882
5979382,2015-03-08,10.29,2773,138.684
5979382,2015-03-07,9.59,2694,143.546
5979382,2015-03-03,8.35,2416,133.094
5979382,2015-02-28,13.76,3591,145.494
5979382,2015-02-18,11.72,3327,141.232
5979382,2015-02-12,20.09,5195,140.632
5979382,2015-02-11,9.15,2410,137.456
5979382,2015-02-07,10.01,2794,139.828
5979382,2015-02-01,9.94,2570,145.92
5979382,2015-01-21,9.89,2747,141.706
2894897,2015-12-18,7.98,2876,119.47
2894897,2015-12-04,7.97,2695,133.312
2894897,2015-11-16,14.24,4222,135.856
2894897,2015-07-26,13.06,3746,134.966
2894897,2015-07-11,9.5,3482,119.818
2894897,2015-06-01,15.71,4592,135.122
2894897,2015-05-06,15.73,4688,135.156
2894897,2015-04-04,9.98,3249,128.516
2894897,2015-03-29,1.51,535,109.072
2894897,2015-03-27,8.15,2776,129.612
2894897,2015-03-19,8.28,2267,134.818
2894897,2015-03-17,11.6,3610,125.67
2894897,2015-03-14,4.62,1689,117.522
2894897,2015-03-13,8.36,2922,126.436
2894897,2015-03-12,12.09,3261,143.764
2894897,2015-03-06,8.89,2886,141.498
2894897,2015-03-01,16.37,4810,130.35
2894897,2015-02-24,11.65,3781,119.114
2894897,2015-02-20,16.46,5271,127.648
2894897,2015-02-18,11.61,3254,140.632
2894897,2015-02-06,8.05,2412,125.5
2894897,2015-01-05,14.9,4430,133.844
2894897,2015-01-04,20.36,5750,141.89
2894897,2014-12-24,11.64,3135,151.354
2894897,2014-12-20,2.34,744,137.966
2894897,2014-12-08,11.87,3717,134.976
2894897,2014-12-04,9.22,3237,129.424
2894897,2014-11-19,8.38,2469,132.57
2894897,2014-10-09,5.08,1441,151.438
2894897,2014-09-15,1.96,578,136.94
2894897,2014-03-10,20.23,5593,145.384
2894897,2014-02-27,13.41,3607,145.038
12202944,2015-09-11,1.96,715,137.024
12202944,2015-08-02,11.05,5390,131.744
13779308,2014-05-31,7.09,2806,159.234
13779308,2014-05-15,5.08,1980,158.878
13779308,2014-05-10,7.11,3100,153.76
13779308,2014-05-04,7.14,2985,153.962
13779308,2014-04-28,5.12,2072,156.558
6216280,2015-10-03,7.67,2660,164.106
6216280,2015-06-26,13.12,4726,163.676
6216280,2015-06-23,10.35,3748,168.274
6216280,2015-06-07,12.24,4446,166.752
6216280,2015-05-27,9.11,3225,163.48
6216280,2015-05-15,10.31,3865,167.722
6216280,2014-12-22,10.33,3711,169.714
6216280,2014-12-06,10.4,3659,165.65
6216280,2014-11-23,13.36,4785,165.136
6216280,2014-11-17,15.58,5813,159.938
6216280,2014-11-02,13.11,4990,162.582
6216280,2014-10-18,13.27,5126,161.906
6216280,2014-10-12,10.27,3484,174.952
6216280,2014-10-05,13.55,5399,159.33
6216280,2014-06-16,8.27,3083,153.894
6216280,2014-06-01,8.29,3102,152.354
6216280,2014-05-26,7.97,3025,150.22
15326644,2015-04-20,15.12,4375,163.942
15326644,2014-08-27,15.07,4547,160.662
15326644,2014-04-25,16.95,5043,145.07
15326644,2014-04-19,15.01,4458,155.85
15326644,2014-04-11,14.99,4442,147.89
15326644,2014-03-30,21.6,6579,163.24
15326644,2014-02-11,11.19,3322,152.708
15326644,2013-12-29,10.62,3182,160.678
1342020,2014-11-08,15.99,6501,152.656
6000431,2015-02-10,14.87,4297,151.308
6000431,2014-10-02,11.43,3094,165.376
983950,2015-12-20,9.63,3064,135.512
983950,2015-12-08,10.92,2904,168.71
983950,2015-12-06,9.02,3008,135.04
983950,2015-11-06,13.92,4262,137.318
983950,2015-11-05,12.85,3716,145.034
983950,2015-10-31,14.63,4272,142.264
983950,2015-10-22,11.25,3150,139.288
983950,2015-10-05,15.44,5094,138.834
983950,2015-09-27,12.63,3510,168.878
983950,2015-06-21,15.55,4910,144.982
983950,2015-06-14,10.35,2918,163.176
983950,2015-06-13,13.27,4575,143.464
983950,2015-06-10,10.27,3122,146.606
983950,2015-06-09,9.88,3146,144.108
983950,2015-03-01,16.26,4873,142.324
983950,2015-02-27,10.16,3088,139.452
983950,2015-02-17,14.19,4194,137.866
983950,2015-02-11,11.47,3444,153.428
983950,2015-02-01,10.97,3126,148.104
983950,2014-11-22,11.19,3003,141.224
983950,2014-11-21,13.63,3805,140.502
983950,2014-11-09,13.35,3381,145.458
983950,2014-11-08,17.73,5016,146.622
983950,2014-11-07,12.23,3323,141.244
983950,2014-11-06,11.84,3194,137.868
983950,2014-10-27,19.07,5366,128.312
983950,2014-10-23,20.68,4915,161.904
983950,2014-10-23,19.38,5502,135.556
983950,2014-10-09,13.67,3260,160.876
983950,2014-10-08,17.33,4451,139.356
983950,2014-09-28,13.08,2973,166.578
983950,2014-09-24,20.12,4764,148.784
983950,2014-09-24,11.79,3424,130.296
983950,2014-09-20,10.94,3010,130.262
983950,2014-09-19,17.62,5591,117.896
983950,2014-09-18,18.8,4500,153.406
983950,2014-09-13,14.77,3600,152.712
983950,2014-09-10,17.75,4851,135.38
983950,2014-09-06,10.82,2700,158.302
983950,2014-08-27,10.72,2696,160.82
983950,2014-08-14,14.32,4017,148.2
983950,2014-08-10,21.73,6977,147.296
983950,2014-07-20,10.38,3357,153.326
983950,2014-06-14,10.58,3588,150.13
983950,2014-06-12,11.26,3677,132.008
983950,2014-06-07,11.22,3197,150.188
983950,2014-04-17,12.53,3428,127.374
983950,2014-04-10,14.15,3942,133.172
983950,2014-04-05,18.18,4798,140.586
983950,2014-03-29,13.12,3690,138.234
983950,2014-03-26,14.18,3619,150.158
983950,2014-03-20,17.75,4696,134.762
983950,2014-03-11,14.15,3602,144.932
983950,2014-02-27,18.43,4672,149.104
983950,2014-02-25,11.54,3049,147.852
983950,2014-02-18,10.53,3039,130.28
983950,2014-01-29,22.38,5865,145.524
983950,2014-01-11,13.29,3603,145.994
983950,2014-01-09,14.19,3923,139.17
983950,2013-12-17,12.69,3600,130.404
983950,2013-12-06,15.28,4290,143.654
2484395,2015-09-12,17.77,4892,156.034
2484395,2015-09-04,11.94,3534,149.594
2484395,2015-07-26,14.38,3650,153.544
2484395,2015-06-21,10.5,2767,145.906
2484395,2015-06-13,21.32,5281,157.638
2484395,2015-05-03,7.0,1950,142.714
2484395,2015-05-01,20.38,5341,144.936
2484395,2015-04-07,16.72,4446,158.712
11314348,2015-10-19,9.96,2745,138.356
11314348,2015-10-13,14.86,4443,160.81
11314348,2014-05-07,14.59,4732,158.67
11314348,2014-05-03,19.33,6753,157.036
11314348,2014-04-28,25.72,7489,175.14
11314348,2014-04-24,14.61,4830,161.01
1086745,2015-12-29,9.73,2707,149.376
1086745,2015-12-05,10.18,2895,149.432
1086745,2015-10-11,10.96,3005,147.636
1086745,2015-10-09,8.23,2405,141.606
1086745,2015-09-25,9.72,2652,153.284
1086745,2015-09-23,11.29,3111,150.818
1086745,2015-09-15,12.15,3398,159.364
1086745,2015-06-17,11.69,3662,145.126
1086745,2015-05-26,6.63,2440,129.732
1086745,2015-04-26,43.21,14679,145.77
1086745,2015-04-21,7.25,2104,140.464
1086745,2015-03-12,10.5,3004,153.338
1086745,2015-02-12,16.35,4864,152.79
1086745,2015-02-09,15.23,4513,154.986
1086745,2015-01-22,7.34,2141,145.14
1086745,2015-01-16,10.21,3063,160.16
1086745,2014-12-21,12.17,3606,153.912
1086745,2014-12-18,9.42,2893,146.402
1086745,2014-12-08,7.24,2157,148.792
1086745,2014-11-29,15.91,4896,155.352
1086745,2014-11-25,10.12,3061,150.368
1086745,2014-11-23,12.65,3618,154.31
1086745,2014-11-21,12.29,3605,154.028
1086745,2014-11-18,12.35,3607,157.34
1086745,2014-11-11,6.47,2708,118.166
1086745,2014-10-20,11.2,3480,134.916
1086745,2014-10-16,11.9,3740,139.692
1086745,2014-10-05,14.12,4513,139.504
1086745,2014-09-30,25.34,8101,147.766
3558042,2015-08-01,10.02,2672,164.436
3558042,2015-07-23,10.59,2836,161.85
3558042,2015-07-15,10.03,2971,162.788
3558042,2015-07-10,10.23,3182,141.122
3558042,2015-07-06,14.43,4576,166.622
3558042,2015-06-21,20.96,6188,170.046
3558042,2015-05-01,11.67,3769,144.566
3558042,2015-02-16,10.19,3241,153.9
3558042,2014-10-09,8.2,2308,157.834
653747,2015-10-19,33.01,9400,147.752
653747,2015-08-22,2.5,1089,103.69
2207788,2014-06-27,10.07,3554,161.544
2207788,2014-06-21,10.09,3646,160.564
2207788,2014-06-09,7.27,2677,161.582
2207788,2014-05-30,7.07,2606,156.97
2207788,2014-05-21,10.08,3760,158.274
2207788,2014-05-04,15.24,5488,160.656
2207788,2013-12-24,12.06,4497,160.602
2207788,2013-12-11,12.26,4904,154.422
2207788,2012-11-05,11.55,3913,152.502
2207788,2012-11-03,11.4,3877,159.07
2207788,2012-10-24,8.45,2694,154.904
2207788,2012-10-18,9.32,3136,155.986
2207788,2012-10-08,8.59,3163,138.806
2207788,2012-10-05,8.31,2687,155.818
2207788,2012-09-26,9.3,3128,154.082
2207788,2012-09-14,8.3,2663,150.99
2207788,2012-09-12,8.33,2869,141.862
2207788,2012-09-09,12.15,4210,143.226
2207788,2012-09-07,8.22,2719,148.716
2207788,2012-09-02,10.2,3423,149.412
2207788,2012-08-24,8.25,2749,150.466
2207788,2012-08-22,8.49,2663,160.398
2207788,2012-08-13,12.19,4187,156.93
2207788,2012-08-07,10.08,3518,155.49
2207788,2012-07-20,8.4,2950,141.276
2207788,2012-07-16,10.14,3411,155.49
2207788,2012-07-11,8.2,2713,144.862
2207788,2012-05-19,10.49,3516,151.764
2207788,2012-05-17,10.86,3349,165.9
2207788,2012-05-09,12.4,4095,159.71
2207788,2012-05-03,10.51,3342,158.38
2207788,2012-04-30,9.76,3163,157.002
2207788,2012-04-20,10.15,3453,141.196
2207788,2012-04-15,10.74,3643,158.154
2207788,2012-04-14,8.36,2742,145.258
2207788,2012-04-10,8.22,2767,146.482
2207788,2012-03-31,8.23,2954,141.212
2207788,2012-03-30,8.18,2754,145.93
2207788,2012-03-23,8.19,3127,129.104
2207788,2012-03-17,8.12,2727,144.194
1708694,2015-04-24,6.96,2321,165.816
1708694,2015-03-21,9.12,3051,151.846
1708694,2015-03-14,16.25,5948,145.2
1842744,2015-12-26,12.56,4127,136.542
1842744,2015-11-14,13.14,4193,142.992
1842744,2015-11-13,12.02,3554,141.802
1842744,2015-11-11,15.82,5086,140.5
1842744,2015-11-07,10.57,3252,148.812
1842744,2015-11-06,12.7,3901,142.296
1842744,2015-10-23,12.12,3452,149.194
1842744,2015-09-13,21.27,5419,161.828
1842744,2015-09-09,14.06,8418,143.08
1842744,2015-08-13,8.82,2634,150.346
1842744,2015-08-02,20.97,5716,158.632
1842744,2015-07-12,15.21,4585,143.044
1842744,2015-06-27,29.83,8780,153.13
1842744,2015-06-21,20.68,5532,152.432
1842744,2015-04-30,12.2,3454,137.466
1842744,2015-04-29,12.22,3529,135.492
1842744,2015-04-12,17.36,5406,140.59
1842744,2015-02-28,11.9,3530,145.422
1842744,2015-02-14,18.06,6115,132.63
1842744,2015-02-08,15.21,3817,158.068
1842744,2015-01-17,12.53,4146,140.478
1842744,2015-01-04,10.13,2619,156.41
1842744,2014-11-22,16.02,4774,138.532
1842744,2014-11-16,4.92,1195,162.688
1842744,2014-10-26,6.27,1864,144.128
1842744,2014-09-27,13.51,5039,143.396
1842744,2014-09-20,15.55,4700,145.144
1842744,2014-09-13,4.18,1324,128.292
1842744,2014-09-09,5.87,1740,136.482
1842744,2014-09-06,13.99,3957,148.498
1842744,2014-09-04,5.11,1325,153.09
1842744,2014-08-24,13.99,4059,137.248
1842744,2014-08-10,34.2,11620,137.626
1842744,2014-08-09,13.22,3905,138.264
1842744,2014-08-02,3.05,901,136.448
1842744,2014-07-30,6.68,1860,146.912
1842744,2014-07-27,1.99,520,152.74
1842744,2014-07-26,13.08,3728,154.878
1842744,2014-07-25,2.0,533,148.292
1842744,2014-07-18,8.0,2124,152.402
1842744,2014-07-14,8.85,2519,150.23
1842744,2014-07-12,8.35,6123,146.02
1842744,2014-07-06,21.22,6099,157.914
1842744,2014-06-27,10.29,2846,142.834
1842744,2014-06-03,12.76,3762,140.758
13005985,2015-08-28,15.01,5147,138.244
13005985,2015-01-09,10.02,3173,142.582
4003530,2015-07-30,8.72,3564,154.178
4003530,2015-04-20,10.47,4148,162.016
4003530,2015-03-08,6.6,2610,158.058
4003530,2014-09-11,8.59,3307,159.588
4003530,2014-08-07,8.76,3305,161.548
14671923,2015-12-28,20.91,6093,178.624
14671923,2015-12-24,3.08,1000,159.044
14671923,2015-12-13,21.0,8488,171.746
14671923,2015-12-11,1.6,617,148.838
14671923,2015-12-09,11.1,3946,162.78
14671923,2014-03-13,10.16,2864,174.24
4357738,2015-03-08,30.29,5593,139.856
4357738,2015-02-14,5.85,2556,146.454
4357738,2014-10-21,11.48,4676,192.152
4357738,2014-10-15,9.37,3818,154.058
4357738,2014-10-09,12.65,5301,146.142
4357738,2014-10-07,8.31,3274,162.384
4357738,2014-09-23,9.32,3686,154.976
4357738,2014-09-22,7.0,2940,149.88
4357738,2014-09-12,12.47,4924,156.96
4357738,2014-09-09,7.87,3161,138.128
4357738,2014-03-22,8.46,3723,148.452
4357738,2014-02-13,6.0,2574,153.2
4357738,2014-02-03,11.52,5071,127.838
4357738,2014-01-27,6.68,2903,131.914
4357738,2013-12-28,9.55,3602,168.104
4357738,2013-12-23,5.83,2432,154.092
4357738,2013-08-18,4.22,2193,147.35
4357738,2013-06-25,7.61,3334,161.276
4357738,2013-06-21,10.51,5074,156.708
4357738,2013-06-15,30.27,4420,135.936
4357738,2013-06-04,5.91,2419,152.866
4357738,2013-05-21,31.62,4428,131.064
4357738,2013-04-06,5.18,2550,143.934
4357738,2013-03-31,6.13,3008,149.478
738963,2014-05-30,11.94,6469,145.798
738963,2014-05-06,6.01,2961,142.274
5346596,2015-12-13,9.46,3540,153.728
5346596,2014-04-13,8.01,3846,145.896
4457345,2014-08-02,8.43,3778,159.45
2164708,2015-12-31,22.57,6893,144.276
2164708,2015-12-26,21.69,6853,136.7
2164708,2015-12-26,12.1,3650,144.002
2164708,2015-09-06,21.42,5357,171.18
2164708,2015-09-03,10.11,2498,163.502
2164708,2015-09-01,7.34,2225,133.41
2164708,2015-08-13,11.04,3386,137.332
2164708,2015-05-21,9.24,2590,153.754
2164708,2015-03-26,10.05,2667,161.126
2164708,2015-03-08,20.94,6062,152.216
2164708,2015-02-08,14.4,4802,133.842
2164708,2014-11-17,15.59,4691,137.438
2164708,2014-11-10,14.78,4077,148.972
2164708,2014-11-02,18.94,5638,143.2
2164708,2014-10-28,10.25,2885,142.116
2164708,2014-10-23,13.16,4043,140.852
2164708,2014-09-17,9.83,2930,148.51
2164708,2014-09-07,12.12,3482,158.662
2164708,2014-07-03,9.24,2534,150.142
2164708,2014-06-26,9.39,2394,158.336
2164708,2014-06-21,8.67,2542,141.874
2164708,2014-06-05,10.05,2805,153.558
2164708,2014-06-01,7.94,2433,131.148
2164708,2014-05-18,43.75,12077,161.102
2164708,2014-05-05,10.11,3049,142.522
2164708,2014-05-03,13.97,4122,142.866
2164708,2014-05-01,12.28,3505,146.19
2164708,2014-04-27,23.32,7011,141.75
2164708,2014-04-21,8.59,2479,144.052
2164708,2014-04-18,26.27,7905,138.048
2164708,2014-04-03,12.17,3713,143.61
2164708,2014-03-31,10.17,2869,148.424
2164708,2014-02-27,13.37,3696,148.888
2164708,2014-01-16,10.15,2551,159.742
2164708,2014-01-12,21.09,6280,143.102
2164708,2014-01-11,10.08,2984,138.372
2164708,2014-01-09,10.04,2616,151.872
2164708,2014-01-05,18.49,5353,151.392
2164708,2014-01-03,10.21,2904,146.206
2164708,2013-12-30,10.09,2832,145.534
2164708,2013-12-22,25.47,7338,152.664
2164708,2013-12-19,10.42,2787,154.52
2164708,2013-12-17,10.1,2929,150.848
2164708,2013-12-14,23.2,6967,141.898
2164708,2013-12-10,10.11,2810,150.996
2164708,2013-12-02,22.15,6544,146.112
2164708,2013-11-24,19.29,5716,146.69
2164708,2013-11-05,8.11,2259,158.1
2164708,2013-10-31,10.53,3111,143.842
2164708,2013-10-13,10.97,3169,145.034
2164708,2013-09-22,9.23,2579,145.124
2164708,2013-09-15,10.37,2971,141.206
2164708,2013-09-12,9.53,2621,146.176
2164708,2013-09-08,21.46,5376,165.98
2164708,2013-09-01,16.09,4473,145.49
2164708,2013-08-22,14.54,3950,147.272
2164708,2013-07-26,10.24,2829,156.002
2164708,2013-07-20,8.33,2580,137.56
2164708,2013-07-18,12.47,3543,146.272
2164708,2013-05-30,11.77,3479,139.712
2164708,2013-05-19,43.42,12398,151.884
2164708,2013-05-14,7.56,2130,141.622
2164708,2013-05-05,21.81,6176,146.788
4164701,2016-01-01,4.93,1840,137.804
4164701,2015-12-27,9.6,3582,168.264
4164701,2015-12-20,6.61,1925,174.904
4164701,2015-12-16,7.01,2525,136.518
4164701,2015-12-12,4.93,1869,135.64
4164701,2015-12-11,6.5,2431,136.178
4164701,2015-12-05,4.71,1871,135.972
4164701,2015-12-04,6.15,2393,129.726
4164701,2015-12-01,5.18,1863,139.394
4164701,2015-11-29,12.59,3961,172.344
4164701,2015-11-26,5.29,2017,139.204
4164701,2015-11-25,10.13,3526,152.506
4164701,2015-11-21,4.66,1695,140.6
4164701,2015-11-20,6.93,2618,137.406
4164701,2015-11-15,21.15,7426,170.772
4164701,2015-11-15,2.76,1057,131.298
4164701,2015-11-13,4.09,1548,133.042
4164701,2015-11-11,5.18,2000,132.414
4164701,2015-11-10,9.28,3634,134.502
4164701,2015-11-06,6.84,2329,153.966
4164701,2015-11-04,7.68,2752,144.414
4164701,2015-10-30,6.3,2204,147.004
4164701,2015-10-28,8.0,2793,143.13
4164701,2015-10-26,7.16,2532,152.21
4164701,2015-10-23,5.32,2052,131.822
4164701,2015-10-21,6.26,2137,149.666
4164701,2015-10-18,15.8,6053,146.632
4164701,2015-10-17,5.8,2204,135.312
4164701,2015-10-16,7.2,2731,132.876
4164701,2015-10-15,5.29,1953,129.756
4164701,2015-10-14,7.32,2405,150.556
4164701,2015-10-09,7.36,2586,150.464
4164701,2015-10-07,7.83,2802,142.84
4164701,2015-10-04,16.82,7420,130.548
4164701,2015-09-30,7.89,2829,143.55
4164701,2015-09-26,6.43,2347,136.876
4164701,2015-09-23,8.48,3248,152.15
4164701,2015-09-05,6.72,2442,140.996
4164701,2015-09-04,8.0,2841,151.014
4164701,2015-08-28,10.29,3848,151.566
4164701,2015-08-24,5.44,2225,135.196
4164701,2015-08-18,10.19,4362,147.454
4164701,2015-07-08,5.7,2296,135.254
4164701,2015-07-04,10.86,6514,99.538
4164701,2015-06-10,1.59,622,135.368
4164701,2015-06-03,6.9,2577,149.234
4164701,2015-05-23,11.2,4392,150.316
4164701,2015-05-21,5.11,1718,153.91
4164701,2015-05-19,7.03,2569,143.876
4164701,2015-05-18,4.57,1863,132.436
4164701,2015-05-13,5.83,2233,143.898
4164701,2015-05-09,12.64,5101,153.526
4164701,2015-04-30,4.55,1856,129.328
4164701,2015-04-29,8.17,3176,140.176
4164701,2015-04-28,6.15,2469,133.964
4164701,2015-04-25,7.19,2171,174.996
4164701,2015-04-25,1.3,607,130.08
4164701,2015-04-24,1.33,689,128.158
4164701,2015-04-22,8.88,3589,130.174
4164701,2015-04-19,3.18,1085,170.982
4164701,2015-04-14,8.37,3428,141.162
4164701,2015-04-11,10.95,4234,147.11
4164701,2015-04-09,5.53,1802,159.942
4164701,2015-04-07,10.14,3635,153.556
4164701,2014-11-01,6.5,2702,132.116
4164701,2014-10-30,7.47,3054,135.296
4164701,2014-10-27,6.84,2354,146.836
4164701,2014-10-25,6.47,2851,122.678
4164701,2014-10-23,4.31,1913,120.086
4164701,2014-10-17,7.23,3020,121.048
4164701,2014-10-15,8.32,3678,114.416
4164701,2014-10-13,8.46,3602,121.302
4164701,2014-10-11,5.18,2104,129.666
4164701,2014-10-10,7.43,3006,132.492
4164701,2014-10-08,6.95,2703,130.954
4164701,2014-10-06,6.56,3012,129.208
4164701,2014-10-05,4.06,1803,129.818
3714939,2013-04-28,14.52,4917,142.622
3714939,2013-04-21,14.23,5467,141.178
3714939,2013-04-07,20.93,6920,149.966
3714939,2013-03-13,8.94,3602,121.776
3714939,2012-12-12,9.83,3906,128.788
3714939,2012-12-03,10.06,4637,114.626
3808,2015-10-12,44.96,17240,142.268
3808,2015-09-06,42.97,14678,143.288
3808,2015-08-13,5.33,1735,131.66
3808,2015-08-05,20.48,7055,142.442
3808,2015-07-25,5.47,1784,135.6
3808,2015-07-22,4.6,1511,132.254
3808,2015-07-14,7.34,2446,135.872
3808,2015-06-21,20.55,7360,144.398
3808,2015-06-11,8.05,2711,131.906
3808,2015-06-03,9.2,3275,134.736
3808,2015-05-24,44.39,16618,142.7
3808,2015-05-15,3.96,1292,144.962
3808,2015-05-07,4.9,1586,138.73
3808,2015-04-12,14.48,4989,143.2
3808,2015-04-10,5.07,1584,135.826
3808,2015-03-28,10.0,3387,141.032
3808,2015-03-22,9.37,3109,144.352
3808,2015-03-18,6.17,1959,141.376
3808,2015-03-08,4.56,1577,133.176
3808,2015-03-02,5.58,1906,139.706
3808,2015-02-26,4.17,1328,141.062
3808,2015-02-21,3.71,1293,129.81
3808,2015-02-05,7.59,2498,143.888
3808,2015-02-01,11.69,3798,150.68
3808,2014-11-02,5.07,1757,135.902
3808,2014-10-19,43.09,16568,147.126
3808,2014-08-28,4.97,1471,148.6
3808,2014-08-17,43.14,16457,137.44
2719148,2014-09-27,10.05,3169,159.668
2719148,2014-09-25,8.26,2701,156.92
2719148,2014-09-05,8.37,2800,156.55
2719148,2014-08-26,12.81,4371,151.216
2719148,2014-08-02,21.4,6638,162.582
2719148,2014-07-19,21.5,6743,159.602
2719148,2014-05-22,10.24,3885,153.27
2719148,2014-05-10,10.29,3603,153.61
2719148,2014-05-08,12.59,4036,172.464
2719148,2014-05-03,11.03,3580,161.206
2719148,2014-03-15,10.06,3280,162.698
2719148,2014-03-10,11.24,3913,167.02
2719148,2014-02-03,10.68,3939,158.244
2719148,2014-01-12,15.35,5867,161.296
2719148,2013-11-16,10.09,2934,175.688
2719148,2013-10-26,10.2,3429,159.86
2719148,2013-08-16,10.21,3003,157.92
2719148,2013-08-04,12.24,3931,157.126
2719148,2013-06-24,13.96,5125,151.456
2719148,2013-06-14,11.14,3945,151.044
2719148,2013-06-12,14.17,5329,151.184
2719148,2013-05-29,12.14,4884,148.586
2719148,2013-05-25,9.91,3166,172.46
2719148,2013-05-18,10.38,3938,151.734
2719148,2013-05-16,12.28,4873,150.736
2719148,2013-05-05,14.49,5554,154.512
2719148,2013-05-04,8.43,2779,157.904
2719148,2013-04-13,9.31,3952,145.388
2719148,2013-03-23,7.6,2662,162.454
9221677,2015-12-09,9.98,3404,139.994
9221677,2015-11-29,10.02,3675,131.564
9221677,2015-11-22,10.05,3230,164.836
9221677,2015-11-09,15.95,5262,142.332
9221677,2015-11-05,13.56,4329,151.784
9221677,2015-11-04,10.96,3524,147.43
9221677,2015-11-02,23.18,7712,142.298
9221677,2015-10-31,15.96,4781,158.15
9221677,2015-10-28,14.61,4611,152.474
9221677,2015-10-24,16.01,5327,141.59
9221677,2015-10-22,15.94,4903,149.526
9221677,2015-10-18,27.26,9216,140.068
9221677,2015-10-15,18.04,6065,136.152
9221677,2015-10-10,18.97,6240,142.4
9221677,2015-10-08,19.07,5854,153.994
9221677,2015-10-07,9.97,3251,145.274
9221677,2015-10-05,19.96,6440,146.86
9221677,2015-10-02,18.91,6258,144.176
9221677,2015-10-01,15.88,4956,154.024
9221677,2015-09-27,29.09,9811,152.872
9221677,2015-09-26,17.96,5738,161.724
9221677,2015-09-24,18.97,6390,144.948
9221677,2015-09-20,30.32,10176,153.974
9221677,2015-09-18,17.93,5850,144.928
9221677,2015-09-15,16.06,4891,158.588
9221677,2015-09-13,26.7,9049,153.982
8549297,2015-09-20,10.69,3591,180.066
2419254,2014-08-19,9.44,3033,163.098
2419254,2014-08-06,8.73,3512,149.54
3362051,2015-11-06,2.66,1025,147.958
3362051,2015-11-05,13.74,4699,137.588
3362051,2015-10-22,2.59,1018,119.822
3362051,2015-10-07,5.31,2236,111.984
3362051,2015-09-30,6.0,2266,123.592
3362051,2015-09-12,5.33,1830,138.042
3362051,2015-08-25,7.99,2876,123.178
3362051,2015-03-24,7.99,2791,182.248
3362051,2015-03-14,15.12,4909,153.346
3362051,2015-03-08,19.28,7572,155.14
3362051,2015-02-21,15.24,5308,156.402
7038373,2013-11-29,11.23,3314,146.86
7038373,2013-11-26,10.49,2819,147.744
7038373,2013-11-22,10.14,2800,149.074
7038373,2013-11-18,11.27,3095,153.378
7038373,2013-11-13,10.4,2908,141.736
7038373,2013-11-09,11.36,3108,147.944
7038373,2013-11-08,9.46,2659,140.926
7038373,2013-11-06,15.42,4125,150.894
7038373,2013-11-04,12.32,3447,151.18
7038373,2013-10-28,13.87,4085,152.502
7038373,2013-10-25,15.16,4283,142.546
7038373,2013-10-24,11.17,3085,144.442
7038373,2013-10-22,16.66,4752,141.486
7038373,2013-10-21,14.18,3933,146.996
7038373,2013-10-18,10.57,2960,148.77
7038373,2013-10-16,11.24,3136,147.776
7038373,2013-10-15,18.9,5427,140.958
7038373,2013-10-09,11.25,3005,146.996
7038373,2013-10-06,8.13,2607,139.888
7038373,2013-10-05,21.19,5881,158.408
7038373,2013-10-04,9.21,2625,153.4
7038373,2013-10-03,12.4,3538,151.504
7038373,2013-10-01,10.61,2882,150.752
7038373,2013-09-30,12.32,3460,150.206
7038373,2013-09-20,10.68,3181,145.778
7038373,2013-09-17,11.29,3282,137.656
7038373,2013-09-15,12.32,3495,143.34
4009109,2015-09-27,43.24,11192,151.97
4009109,2015-09-21,11.31,2987,151.102
4009109,2015-09-16,21.22,6189,148.188
4009109,2015-09-12,17.49,4824,149.074
4009109,2015-09-07,21.9,7715,149.158
4009109,2015-08-09,11.45,3280,150.942
4009109,2015-05-24,43.28,11772,149.772
4009109,2015-05-03,16.47,4370,152.892
4009109,2015-03-06,8.81,2312,153.784
4009109,2015-02-22,20.94,6422,150.138
2692363,2015-12-20,13.33,4808,144.292
2692363,2015-12-19,10.02,3162,158.626
2692363,2015-12-15,11.09,4036,146.258
2692363,2015-12-13,12.0,4460,148.44
2692363,2015-12-01,20.18,7166,149.81
2692363,2015-11-29,13.04,4343,153.318
2692363,2015-11-25,10.0,3282,155.786
2692363,2015-11-21,11.26,3522,168.974
2692363,2015-11-20,10.97,3874,150.526
2692363,2015-11-17,7.97,2679,148.222
2692363,2015-11-10,10.26,3570,153.834
2692363,2015-10-31,9.07,3419,145.108
2692363,2015-10-27,17.17,5872,143.272
2692363,2015-10-24,6.98,2380,142.68
2692363,2015-10-21,8.09,2706,148.0
2692363,2015-10-17,7.18,2462,145.036
2692363,2015-10-10,11.06,3831,150.56
2692363,2015-10-06,7.61,2451,150.004
2692363,2015-09-25,9.84,3481,150.748
2692363,2015-09-23,5.0,1826,140.018
2692363,2015-09-20,42.33,12769,165.234
2692363,2015-09-01,11.58,3446,161.046
2692363,2015-08-30,11.13,3626,152.324
2692363,2015-08-18,16.31,5459,155.392
2692363,2015-08-10,24.12,7524,164.12
2692363,2015-08-08,9.24,3295,148.446
2692363,2015-07-29,11.93,4260,153.566
2692363,2015-07-07,10.02,3389,159.414
2692363,2015-06-19,5.32,1910,152.322
2692363,2015-06-13,12.39,4471,148.286
2692363,2015-06-05,10.13,3616,155.214
2692363,2015-05-26,8.12,2763,159.064
2692363,2015-05-23,13.64,5336,143.71
2692363,2015-05-23,10.59,4199,140.822
2692363,2015-05-19,8.48,3196,143.746
2692363,2015-05-14,9.48,3774,133.23
2692363,2015-05-01,16.69,6222,147.822
2692363,2015-04-28,8.33,2910,151.834
2692363,2015-04-26,21.28,6865,163.596
2692363,2015-04-25,12.46,4528,144.364
2692363,2015-04-23,8.46,3073,143.802
2692363,2015-04-22,11.14,4090,143.274
2692363,2015-04-19,10.44,3831,147.592
2692363,2015-04-10,11.62,4395,150.48
2692363,2015-04-04,10.65,3714,175.072
2692363,2015-03-14,6.07,2088,155.858
2692363,2015-03-13,10.16,4151,147.212
2692363,2015-03-11,10.15,3584,156.55
2692363,2015-02-25,10.3,3849,146.722
2692363,2015-02-20,1.84,671,172.162
2692363,2015-02-15,23.33,9035,144.992
2692363,2015-02-14,36.17,11995,158.412
2692363,2015-02-10,6.04,1894,158.364
2692363,2015-02-08,26.7,10290,150.3
2692363,2015-02-07,5.34,2106,148.728
2692363,2015-02-06,16.13,5806,156.098
2692363,2015-02-04,16.37,5519,162.544
2692363,2015-01-30,9.01,3676,145.614
2692363,2015-01-28,19.22,6595,161.566
2692363,2015-01-25,17.75,6865,157.974
2692363,2015-01-14,5.11,2015,158.104
2692363,2015-01-08,23.59,9146,158.446
2692363,2014-12-19,2.89,1095,141.128
2692363,2014-12-17,8.31,2976,151.032
2692363,2014-12-14,22.43,8647,150.896
2692363,2014-12-09,5.14,1651,152.66
2692363,2014-11-27,4.35,1567,152.788
2692363,2014-11-26,6.32,2208,150.634
2692363,2014-11-17,7.53,2448,153.32
2692363,2014-11-15,13.66,5037,147.19
2692363,2014-11-12,11.92,3929,159.752
2692363,2014-10-30,10.37,4064,147.278
2692363,2014-09-25,6.45,2889,148.588
2692363,2014-09-22,13.89,4663,166.22
2692363,2014-09-13,15.23,5664,150.948
2692363,2014-09-06,25.95,10305,152.344
2692363,2014-09-03,8.47,2743,154.61
2692363,2014-09-02,10.21,3363,159.174
2692363,2014-08-23,22.8,9012,153.858
2692363,2014-08-20,6.12,2304,156.366
2692363,2014-08-13,10.94,3521,166.134
2692363,2014-08-05,5.12,1680,170.694
2692363,2014-06-25,11.18,3994,151.914
2692363,2014-06-05,10.58,3380,156.448
2692363,2014-05-28,11.85,4495,139.282
2692363,2014-05-24,9.73,3380,151.97
2692363,2014-05-09,10.48,3579,152.18
2692363,2014-04-29,6.91,2438,141.32
2692363,2014-04-24,8.04,2669,148.314
2692363,2014-04-15,10.35,3363,148.944
2692363,2014-04-12,23.17,8021,147.462
2692363,2014-04-10,12.21,4202,148.634
2692363,2014-04-05,15.32,5097,150.136
150436,2015-09-13,21.6,5635,170.896
150436,2015-06-30,9.04,2962,150.344
150436,2015-04-26,21.44,5601,174.036
1682336,2015-09-27,42.36,14288,160.606
1682336,2015-09-19,21.47,8275,133.318
1682336,2015-09-09,10.02,3719,129.982
14255438,2015-12-30,7.46,2566,166.342
14255438,2015-12-12,7.36,2464,162.034
14255438,2015-11-24,14.32,5408,164.376
14255438,2015-11-16,11.67,4276,171.618
14255438,2015-11-14,6.99,2449,161.152
14255438,2015-10-23,7.98,2824,162.506
14255438,2015-10-06,9.02,3195,171.654
14255438,2015-09-18,6.55,2301,163.902
14255438,2015-09-02,12.56,4962,163.978
14255438,2015-08-26,7.02,2487,168.96
14255438,2015-08-19,9.32,3557,164.568
14255438,2015-08-08,10.22,3812,166.668
14255438,2015-06-26,13.45,5083,164.784
14255438,2015-06-23,8.38,3047,161.382
14255438,2015-06-12,10.19,3764,166.582
14255438,2015-06-09,10.23,3823,160.288
14255438,2015-05-02,6.63,2070,171.64
14255438,2015-04-25,7.49,2675,159.322
14255438,2015-04-14,10.5,3503,169.41
14255438,2015-02-09,6.67,2392,167.804
14255438,2015-02-07,8.75,3188,158.622
14255438,2015-01-27,6.44,2438,172.166
14255438,2015-01-22,7.19,2881,149.08
14255438,2015-01-16,5.82,2156,156.75
14255438,2015-01-06,5.86,2240,148.2
14255438,2014-12-03,6.52,2629,148.716
14255438,2014-11-25,7.5,2789,157.054
3908642,2015-07-08,9.9,2709,135.912
3908642,2015-05-24,42.78,11790,140.75
14779650,2015-08-02,20.81,9198,183.186
14779650,2015-07-04,10.11,3683,186.966
3088466,2013-07-14,15.69,4189,168.624
3088466,2013-07-09,11.99,3445,166.338
3088466,2013-06-26,12.71,3645,165.176
3088466,2013-06-09,11.0,3010,158.632
3088466,2013-06-08,8.55,2730,150.57
3088466,2013-06-02,20.71,5876,180.0
3088466,2013-05-30,11.69,3119,168.358
3088466,2013-05-26,12.07,3262,168.986
3088466,2013-05-12,21.39,6063,175.428
3088466,2013-05-04,11.02,3114,168.348
3088466,2013-04-21,18.49,5651,170.618
3088466,2013-04-14,22.14,6407,165.198
3088466,2013-03-22,10.96,3048,165.976
3088466,2013-03-10,21.55,5627,184.026
3088466,2013-02-24,22.11,6338,175.222
3088466,2013-01-13,10.18,2660,181.194
3088466,2012-11-18,15.47,4996,151.692
3088466,2012-10-29,10.24,2587,182.74
3088466,2012-10-21,13.91,3579,182.596
3088466,2012-10-15,14.93,3757,178.51
6125990,2013-12-02,5.11,2268,161.636
7516129,2014-01-19,20.45,6644,115.324
7516129,2014-01-17,10.44,3195,121.796
7516129,2014-01-16,10.28,2699,137.076
7516129,2014-01-09,9.04,2654,129.514
7516129,2014-01-07,6.84,1994,131.864
7516129,2013-12-29,22.86,6939,123.164
7516129,2013-12-28,9.7,2818,125.938
7516129,2013-12-26,14.72,4702,114.306
7516129,2013-12-21,25.72,8051,119.484
7516129,2013-12-21,9.23,2706,120.55
7516129,2013-12-19,21.66,6407,125.624
7516129,2013-11-15,11.81,3405,126.502
7516129,2013-11-14,8.44,2635,117.468
7516129,2013-11-13,8.98,2805,122.326
7516129,2013-10-31,10.26,2985,123.314
7516129,2013-10-17,11.63,3457,124.322
7516129,2013-10-16,8.62,2609,112.548
7516129,2013-10-11,11.34,3334,122.962
7516129,2013-10-06,17.37,5480,115.616
7516129,2013-10-04,10.35,2945,122.888
7516129,2013-10-03,11.31,3246,125.65
7516129,2013-10-02,9.28,2678,129.99
7516129,2013-09-28,8.7,2554,122.302
7516129,2013-09-26,8.32,2482,133.814
7516129,2013-09-24,9.1,2823,129.028
7516129,2013-09-20,9.43,2575,121.464
7516129,2013-09-18,14.0,3823,120.506
7516129,2013-09-15,11.58,3506,117.218
7516129,2013-09-14,15.93,4538,118.556
7516129,2013-09-13,14.65,4035,125.832
7516129,2013-09-09,13.11,4057,104.664
7516129,2013-09-08,9.03,2952,114.88
7516129,2013-09-07,22.47,6869,107.776
7516129,2013-09-06,11.32,3193,115.826
7516129,2013-09-05,10.34,3107,113.752
7516129,2013-09-04,12.46,3540,122.0
7516129,2013-09-01,11.22,3522,116.726
7516129,2013-08-30,10.21,3025,107.724
7516129,2013-08-19,14.6,4865,104.192
7516129,2013-08-18,12.37,3769,113.37
7516129,2013-08-17,9.05,2717,113.236
7516129,2013-08-16,10.22,2889,122.296
7516129,2013-08-13,7.93,2456,112.47
7516129,2013-08-13,10.33,2931,118.688
7516129,2013-08-11,11.32,3650,108.87
7516129,2013-08-11,10.22,3128,113.72
7516129,2013-08-10,9.07,2950,109.556
7516129,2013-08-03,10.37,3102,110.5
7516129,2013-07-19,12.42,3650,118.802
7516129,2013-07-18,17.41,4886,116.144
7516129,2013-07-16,12.29,3466,115.212
7516129,2013-07-15,10.73,3358,106.508
7516129,2013-07-14,7.62,2396,105.552
7516129,2013-07-11,10.34,3224,108.568
7516129,2013-07-09,9.2,2939,113.964
7516129,2013-07-04,9.21,2906,115.392
7516129,2013-07-02,10.32,3156,110.794
7516129,2013-07-01,12.37,3835,118.2
7516129,2013-06-28,11.44,3338,112.692
7516129,2013-06-27,10.53,3295,102.08
7516129,2013-06-21,9.72,3295,102.554
7516129,2013-06-20,8.47,2557,115.408
7516129,2013-06-20,10.43,2962,118.872
7516129,2013-06-19,9.31,2780,112.892
7516129,2013-06-13,10.36,2739,130.208
7516129,2013-06-12,13.39,3590,127.38
7516129,2013-06-11,9.35,2597,114.288
7516129,2013-06-09,24.71,7285,111.192
7516129,2013-06-08,8.2,2452,122.978
7516129,2013-06-07,10.31,3023,110.814
7516129,2013-06-05,16.61,5227,105.452
7516129,2013-06-05,12.5,3585,112.462
7516129,2013-06-04,12.32,3611,111.422
7516129,2013-06-03,8.29,2611,113.256
7516129,2013-06-02,14.43,4332,109.3
7516129,2013-05-31,11.44,3281,115.056
7516129,2013-05-29,15.33,3980,127.74
7516129,2013-05-28,12.36,3486,116.214
7516129,2013-05-26,21.23,6925,113.078
7516129,2013-05-22,10.18,3017,117.226
7516129,2013-05-21,10.3,3126,111.564
7516129,2013-05-16,10.38,2714,128.404
7516129,2013-05-15,10.22,2774,127.1
7516129,2013-05-11,9.4,2648,117.662
7516129,2013-05-10,11.47,3187,122.224
7516129,2013-05-06,15.32,4604,120.782
7516129,2013-05-01,14.82,4814,120.494
7516129,2013-04-28,21.79,5408,136.71
7516129,2013-04-28,10.38,3166,120.306
7516129,2013-04-22,12.25,3768,114.178
7516129,2013-04-20,12.29,3462,125.768
7516129,2013-04-17,12.22,3476,121.73
7516129,2013-04-16,16.55,4711,118.976
7516129,2013-04-14,12.34,3968,111.484
7516129,2013-04-09,12.73,3680,123.748
7516129,2013-04-07,15.35,4568,112.03
7516129,2013-04-07,12.53,3585,110.402
7516129,2013-04-05,12.88,3644,121.444
7516129,2013-04-04,15.55,4341,124.21
7516129,2013-04-03,15.44,4213,130.814
7516129,2013-03-31,24.7,7846,110.386
7516129,2013-03-30,19.3,5715,119.336
7516129,2013-03-29,15.46,4865,111.1
7516129,2013-03-22,14.74,4187,126.656
7516129,2013-03-19,13.24,3846,118.434
7516129,2013-03-17,19.59,5688,113.496
7516129,2013-03-16,31.7,9370,118.298
7516129,2013-03-15,19.6,5739,124.478
7516129,2013-03-12,23.54,6929,117.626
7516129,2013-03-10,22.57,6991,108.376
7516129,2013-03-10,13.47,3948,123.656
7516129,2013-03-10,17.04,4792,122.29
7516129,2013-03-08,16.61,4507,128.588
7516129,2013-03-05,20.56,5914,120.77
7516129,2013-03-03,17.59,5589,108.206
7516129,2013-03-02,35.73,11211,112.63
7516129,2013-03-01,14.33,4106,126.3
7516129,2013-02-28,9.54,2764,124.556
7516129,2013-02-27,23.98,7089,121.24
7516129,2013-02-25,14.38,4145,121.752
7516129,2013-02-24,14.7,4307,121.266
7516129,2013-02-23,25.53,7780,111.842
7516129,2013-02-22,16.6,4838,118.926
7516129,2013-02-21,14.54,4293,123.708
7516129,2013-02-20,21.79,6653,118.554
7516129,2013-02-19,15.4,4788,119.302
7516129,2013-02-18,15.4,4457,117.192
7516129,2013-02-17,16.51,4782,114.048
7516129,2013-02-16,34.85,10689,114.336
7516129,2013-02-15,26.83,7940,121.622
7516129,2013-02-14,25.85,7550,122.734
7516129,2013-02-10,12.24,3617,124.19
7516129,2013-02-09,20.92,6159,124.156
7516129,2013-02-09,13.38,3611,138.866
7516129,2013-02-08,22.97,6497,130.008
7516129,2013-02-07,7.86,2171,136.502
7516129,2013-02-06,23.23,6443,132.394
7516129,2013-02-05,8.08,2164,137.832
7516129,2013-02-03,17.56,5639,112.12
7516129,2013-01-31,8.02,2243,137.892
7516129,2013-01-30,14.3,4429,125.79
7516129,2013-01-29,7.95,2397,132.638
7516129,2013-01-27,16.38,4897,119.406
7516129,2013-01-26,32.01,10043,118.714
7516129,2013-01-25,18.65,5462,126.236
7516129,2013-01-24,10.03,2993,130.368
7516129,2013-01-23,16.94,4911,128.29
7516129,2013-01-20,16.45,4813,126.15
7516129,2013-01-19,20.52,6085,129.87
7516129,2013-01-18,24.62,7273,132.43
7516129,2013-01-16,20.81,6075,132.87
7516129,2013-01-15,7.74,2213,145.472
7516129,2013-01-13,23.57,7524,118.718
7516129,2013-01-05,8.31,2305,132.72
7516129,2013-01-03,8.4,2310,134.754
7516129,2013-01-01,10.21,2978,125.816
7516129,2013-01-01,8.31,2717,115.142
7516129,2012-12-30,22.08,7001,127.398
7516129,2012-12-29,21.53,6541,128.716
7516129,2012-12-16,22.7,7781,115.636
7516129,2012-12-06,10.61,2789,135.006
7516129,2012-12-04,9.18,2615,123.91
7516129,2012-12-02,14.32,4536,112.896
6055485,2014-05-10,10.43,3034,154.468
4253141,2014-07-02,10.14,3502,141.86
4253141,2014-04-19,16.28,4993,152.746
4253141,2014-03-21,11.98,4609,136.514
12783742,2015-12-31,6.98,2057,146.432
12783742,2015-12-29,20.52,6181,151.018
12783742,2015-12-26,12.85,3627,154.314
12783742,2015-12-25,6.22,2017,142.554
12783742,2015-12-24,17.76,4981,157.472
12783742,2015-12-23,15.43,5271,145.842
12783742,2015-12-21,9.68,2845,149.024
12783742,2015-12-17,13.04,4212,142.026
12783742,2015-12-13,35.43,5448,168.488
12783742,2015-12-05,2.97,1163,124.818
12783742,2015-12-01,9.97,3159,136.35
12783742,2015-11-29,10.1,2141,136.156
12783742,2015-11-28,10.29,2972,144.742
12783742,2015-11-26,17.93,5301,143.674
12783742,2015-11-21,8.89,2656,146.61
12783742,2015-11-19,16.32,4191,148.462
12783742,2015-11-12,17.56,5371,142.018
12783742,2015-11-11,12.22,1537,159.628
12783742,2015-11-10,9.35,2157,140.46
12783742,2015-11-06,15.11,5165,143.788
12783742,2015-11-04,15.49,5229,143.98
12783742,2015-11-02,13.52,4400,141.392
12783742,2015-11-01,10.31,2455,170.31
12783742,2015-10-23,24.4,5613,146.26
12783742,2015-10-18,5.21,1238,166.066
12783742,2015-10-17,12.92,4238,143.254
12783742,2015-10-16,8.37,2607,141.17
12783742,2015-10-15,18.24,5470,151.612
12783742,2015-10-14,12.94,4496,143.718
12783742,2015-10-13,9.97,2953,154.742
12783742,2015-10-12,9.4,3127,142.646
12783742,2015-10-08,14.05,4289,158.138
12783742,2015-10-06,14.12,4342,154.016
12783742,2015-10-05,9.25,2612,162.622
12783742,2015-09-30,9.26,2778,160.742
12783742,2015-09-29,11.68,3608,156.582
2482049,2015-08-23,12.84,4939,180.76
2474825,2015-06-22,16.61,7595,139.82
2474825,2015-05-14,15.84,5462,132.57
2474825,2015-05-07,9.57,3513,127.594
2474825,2015-05-04,16.03,6270,139.236
2474825,2015-03-14,11.35,4445,144.236
2474825,2015-03-08,11.25,7695,148.518
2474825,2014-12-30,10.25,3337,140.526
2474825,2014-12-25,10.32,3305,134.282
2474825,2014-12-17,14.58,4994,136.468
2474825,2014-12-08,19.88,6439,139.592
2474825,2014-11-09,8.53,2532,166.578
2474825,2014-08-25,15.96,4792,144.412
2474825,2014-07-12,14.38,3598,168.324
2474825,2014-07-01,10.11,3040,154.092
2474825,2014-06-30,15.66,4832,143.244
2474825,2014-06-25,10.18,2903,155.818
2474825,2014-05-15,11.12,3151,152.152
2474825,2014-02-09,7.26,2934,130.824
2474825,2013-11-30,8.74,2620,146.518
2474825,2013-08-24,15.1,4461,151.324
2474825,2013-08-22,16.42,5514,135.002
2474825,2013-08-08,16.53,6050,138.928
203045,2015-03-30,16.54,7295,137.618
203045,2015-03-22,23.14,8634,148.672
203045,2015-02-23,13.3,4897,138.232
203045,2015-02-22,13.2,4944,140.32
203045,2015-02-18,13.15,4819,140.85
203045,2015-02-14,8.39,3132,137.252
203045,2015-02-11,8.47,2990,144.054
203045,2015-02-09,8.58,3070,142.226
203045,2015-01-31,6.76,2316,143.21
203045,2015-01-28,6.76,2376,143.676
203045,2015-01-26,6.93,2510,140.18
203045,2014-11-23,9.77,3345,151.36
203045,2014-11-10,13.13,4561,143.004
203045,2014-11-09,9.99,3201,149.688
203045,2014-10-31,10.49,3913,144.212
203045,2014-10-26,8.42,2696,143.242
203045,2014-10-19,8.31,2833,143.912
203045,2014-10-15,7.3,2403,144.762
203045,2014-10-13,10.12,3372,142.79
203045,2014-09-30,9.16,3196,143.532
203045,2014-09-02,10.06,3574,149.686
203045,2014-08-17,6.23,1972,147.296
203045,2014-07-22,6.63,2410,144.178
203045,2014-04-14,27.1,9305,136.992
203045,2014-04-06,13.35,4786,132.08
203045,2014-04-01,8.82,3151,137.466
203045,2014-03-23,13.23,4780,138.444
203045,2014-03-15,17.06,5477,146.228
203045,2014-02-05,8.83,3014,142.724
203045,2014-01-27,6.69,2394,140.502
203045,2014-01-05,9.99,3518,157.164
203045,2013-11-14,7.31,2425,140.97
203045,2013-10-27,8.25,2850,154.672
203045,2013-04-12,18.29,5809,146.562
203045,2012-11-04,21.36,6799,152.664
203045,2012-09-09,24.69,8961,139.47
203045,2012-08-19,23.44,8161,136.528
203045,2012-07-19,11.56,3930,136.898
6796415,2015-11-05,12.76,4043,133.426
6796415,2015-10-22,21.19,6448,132.112
6796415,2015-10-17,21.76,6527,135.486
6796415,2015-10-09,14.92,4983,130.432
6796415,2015-10-08,9.52,2808,137.558
6796415,2015-10-07,9.79,2928,134.982
6796415,2015-10-07,16.95,4929,139.708
6796415,2015-10-06,9.84,2872,137.526
6796415,2015-10-05,7.82,2337,140.416
6796415,2015-10-03,2.33,699,145.932
6796415,2015-10-03,7.8,2284,139.286
6796415,2015-10-02,2.04,583,134.27
6796415,2015-10-01,16.02,5017,133.406
6796415,2015-09-30,7.82,2228,141.84
6796415,2015-09-26,4.89,1160,172.882
6796415,2015-09-26,7.94,2397,133.4
6796415,2015-09-24,15.89,4738,141.164
6796415,2015-09-20,31.23,9029,142.882
6796415,2015-09-05,16.19,5692,120.668
6796415,2015-09-04,2.24,677,130.152
6796415,2015-09-04,8.32,2622,136.63
6796415,2015-09-03,2.08,635,122.96
6796415,2015-09-03,11.79,3619,130.818
6796415,2015-09-02,8.18,2632,136.55
6796415,2015-08-28,2.0,598,135.054
6796415,2015-08-27,7.98,2425,136.268
6796415,2015-08-25,7.96,2445,139.882
6796415,2015-08-24,25.97,7551,149.82
6796415,2015-08-22,12.32,3976,137.662
6796415,2015-08-20,16.65,4792,146.57
6796415,2015-07-30,14.73,4460,146.014
6796415,2015-07-16,12.14,3862,134.97
6796415,2015-07-09,12.8,3830,139.196
6796415,2015-07-09,20.78,5854,145.69
6796415,2015-07-02,12.32,3527,149.432
6796415,2015-06-27,14.18,4863,138.896
6796415,2015-06-21,21.39,4992,172.54
6796415,2015-06-15,10.13,2347,176.248
6796415,2015-06-01,27.06,7534,146.398
6796415,2015-05-29,12.23,3783,134.714
6796415,2015-04-19,28.5,8169,148.54
6796415,2015-04-10,10.46,3165,141.784
6796415,2015-04-08,15.83,5105,145.522
2595849,2015-01-22,8.35,2669,166.202
2595849,2014-12-13,10.37,3141,166.462
2595849,2014-11-13,10.52,3063,170.208
2595849,2014-11-07,9.19,2703,181.934
2595849,2014-03-25,13.6,3971,160.142
2595849,2014-03-18,10.17,3047,162.502
14111843,2015-12-05,12.27,4093,163.454
14111843,2015-12-04,13.65,4575,158.918
14111843,2015-10-12,11.77,3853,149.276
14111843,2015-09-13,21.29,5973,168.98
14111843,2015-08-30,18.93,6704,148.398
14111843,2015-08-16,21.6,8728,146.99
14111843,2015-08-09,21.98,7970,163.012
14111843,2015-07-22,7.62,2256,160.042
14111843,2015-07-15,13.3,4746,146.702
556109,2015-11-22,21.51,6070,162.65
556109,2015-11-12,10.74,3984,148.814
556109,2015-11-09,19.1,5584,162.896
556109,2015-11-07,8.96,2714,152.758
556109,2015-11-01,8.5,2781,155.934
556109,2015-10-28,10.18,3140,161.552
556109,2015-10-21,6.58,1996,152.88
556109,2015-10-10,6.91,2134,151.962
556109,2015-10-09,6.05,1994,149.51
556109,2015-10-06,6.56,2119,153.104
556109,2015-09-16,8.75,2705,151.954
556109,2015-09-08,15.76,5446,166.23
556109,2015-08-27,8.27,2702,156.178
556109,2015-06-20,8.18,2708,152.616
556109,2015-06-08,17.38,5481,151.446
556109,2015-05-31,10.15,3396,169.444
556109,2015-05-14,8.25,2728,151.656
556109,2015-05-09,7.66,2704,157.628
556109,2015-04-27,10.23,3250,170.304
556109,2015-02-16,8.61,2704,150.406
556109,2015-02-13,7.91,2501,172.684
556109,2015-01-14,8.99,2751,152.326
556109,2015-01-09,8.99,2711,154.292
556109,2015-01-05,24.35,8110,160.22
556109,2014-12-22,5.57,1926,145.524
556109,2014-11-10,9.23,2706,147.762
556109,2014-11-08,7.86,2592,154.388
556109,2014-10-31,13.0,4133,150.154
510054,2015-08-30,27.09,7566,156.224
510054,2015-08-29,10.28,2967,145.294
510054,2015-03-04,8.05,2428,146.902
510054,2015-03-02,8.04,2482,135.516
510054,2015-02-21,8.0,2717,144.046
510054,2015-01-31,8.03,2485,146.1
510054,2015-01-27,8.54,2513,143.138
510054,2015-01-17,8.77,2746,134.034
510054,2015-01-16,8.46,2404,147.112
510054,2015-01-12,8.33,2410,141.352
510054,2015-01-11,8.05,2262,144.854
510054,2015-01-08,7.56,2044,144.79
510054,2014-12-29,8.4,2444,138.534
510054,2014-12-28,9.65,2848,136.562
510054,2014-12-24,12.56,3677,142.776
510054,2014-12-06,8.32,2486,137.45
2369854,2015-06-21,21.52,7543,157.508
2369854,2015-06-08,9.51,3271,164.758
6579857,2013-12-18,9.11,2709,164.532
6579857,2013-11-24,21.67,6024,179.394
6579857,2013-11-20,8.44,2438,160.152
6579857,2013-11-13,9.89,2918,160.558
6579857,2013-10-30,8.53,2587,152.418
6579857,2013-03-28,9.11,3056,144.726
6579857,2013-02-21,8.46,2581,160.854
6579857,2013-02-19,10.31,3111,161.676
6579857,2013-01-20,33.79,7976,166.444
6579857,2012-11-15,8.63,2489,164.934
6579857,2012-11-03,9.29,3017,163.108
6579857,2012-09-01,10.23,3185,155.666
429155,2015-02-14,10.18,2964,176.182
429155,2014-04-15,10.12,2855,171.682
2336853,2014-11-07,11.02,3548,140.332
2336853,2014-03-17,28.11,8023,153.714
2336853,2014-03-03,35.12,10193,147.752
2336853,2014-02-26,16.32,4265,156.522
2336853,2014-02-15,20.47,5729,150.094
2336853,2014-02-08,19.14,5372,146.942
2336853,2014-02-01,15.47,4762,142.618
2336853,2014-01-29,18.26,5245,142.592
2336853,2014-01-22,13.59,4606,130.784
2336853,2014-01-16,17.85,5057,143.688
2336853,2014-01-15,16.05,4633,152.964
2336853,2012-07-09,23.26,6976,142.252
2336853,2012-07-06,9.85,3192,127.036
2336853,2012-07-04,14.61,4677,135.266
2336853,2012-07-03,13.39,3743,141.748
2336853,2012-06-26,11.67,3872,132.176
2336853,2012-06-06,13.26,4522,127.714
2336853,2012-05-27,10.12,2511,172.896
2336853,2012-05-25,10.32,3017,147.248
2336853,2012-05-12,16.8,4802,149.816
2336853,2012-05-07,29.25,8340,152.69
2336853,2012-05-05,16.26,4433,157.076
2336853,2012-05-03,14.74,4398,148.306
2336853,2012-04-25,12.52,3584,154.146
2336853,2012-04-23,33.57,10506,150.38
2336853,2012-04-19,13.2,3611,159.67
2336853,2012-04-09,32.93,11219,142.786
2336853,2012-04-02,29.42,9502,148.816
2336853,2012-03-26,25.75,8530,147.182
2336853,2012-03-12,16.38,5150,148.302
2336853,2012-03-05,12.16,4061,147.748
2336853,2012-01-16,13.35,4386,146.654
2336853,2011-11-25,10.1,4027,133.32
2336853,2011-11-13,42.0,13026,154.356
2336853,2011-11-01,13.04,3936,149.934
2336853,2011-10-26,21.84,6770,146.734
2336853,2011-10-11,12.54,4099,142.632
2336853,2011-10-09,22.78,6862,151.232
2336853,2011-10-02,29.3,10002,141.672
4124709,2014-11-07,12.33,3557,145.4
4124709,2014-10-18,18.91,5540,139.256
5095069,2015-07-13,6.08,2379,152.488
5095069,2015-06-30,6.51,2610,150.528
5095069,2015-05-29,6.0,2745,150.828
5095069,2014-11-15,32.99,10543,162.782
5095069,2014-09-14,43.24,13971,157.744
5095069,2014-09-11,8.8,2816,148.72
5095069,2014-08-29,8.09,2361,168.784
5095069,2014-08-15,6.82,2402,148.51
5095069,2014-08-14,12.6,3815,160.944
5095069,2014-08-05,6.03,2075,147.386
5095069,2014-07-03,8.42,2717,160.48
5095069,2014-06-25,8.86,2584,152.886
5095069,2014-06-24,5.72,2192,139.344
5095069,2014-05-30,6.26,2163,149.628
5095069,2014-05-27,6.12,2027,145.924
5095069,2014-05-24,5.91,2005,148.49
5095069,2014-05-22,6.44,2215,151.35
5095069,2014-05-19,5.64,1891,147.594
5095069,2014-05-13,6.73,2271,150.904
5095069,2014-04-24,6.67,2692,145.82
5095069,2014-04-05,7.29,2509,157.152
5095069,2014-03-22,6.73,2586,144.012
5095069,2013-12-25,9.5,3144,163.81
2237368,2015-08-05,10.05,2806,175.258
2237368,2015-04-23,28.19,8545,157.804
2237368,2015-04-19,10.26,2911,156.828
2237368,2015-03-21,9.98,2392,182.542
2237368,2015-03-08,12.28,3558,154.84
2237368,2015-03-05,15.35,4519,155.844
2237368,2015-03-02,10.06,2949,163.742
2237368,2015-02-14,16.25,4747,160.352
2237368,2015-02-07,9.88,2976,153.306
2237368,2015-02-05,12.01,3457,160.204
4584909,2015-12-29,11.35,3705,141.344
4584909,2015-12-25,10.27,3391,147.618
4584909,2015-12-08,14.19,4721,143.704
4584909,2015-12-04,12.27,4019,142.104
4584909,2015-12-02,12.32,4242,142.446
4584909,2015-12-01,10.4,3837,138.864
4584909,2015-11-27,10.54,3640,138.902
4584909,2015-11-25,12.12,4211,139.822
4584909,2015-11-24,12.16,4215,135.548
4584909,2015-11-18,10.12,3406,142.98
4584909,2015-11-08,14.14,4598,144.222
4584909,2015-11-05,12.18,4069,139.424
4584909,2015-10-27,12.14,4054,142.574
4584909,2015-10-25,18.1,6124,143.052
4584909,2015-10-23,10.04,3417,153.298
4584909,2015-10-05,10.3,3449,136.85
4584909,2015-10-04,5.31,1665,158.386
4584909,2015-10-02,12.25,4024,135.69
4584909,2015-09-23,12.18,3984,133.512
4584909,2015-09-11,10.21,3225,137.528
4584909,2015-08-21,12.17,3733,142.938
4584909,2015-08-11,14.28,4373,142.144
4584909,2015-08-05,15.93,5069,136.696
4584909,2015-08-03,12.33,3711,144.058
4584909,2015-08-01,19.12,5756,145.99
4584909,2015-07-30,10.11,2953,144.99
4584909,2015-07-29,10.06,3051,142.642
4584909,2015-07-28,10.15,3109,142.4
4584909,2015-07-26,10.15,3202,136.506
4584909,2015-07-25,10.31,3268,134.92
4584909,2015-07-24,10.64,3388,137.044
4584909,2015-07-22,8.77,2867,140.234
4584909,2015-07-20,35.19,11304,139.318
4584909,2015-07-19,10.06,2931,155.564
4584909,2015-07-17,12.25,3940,138.266
4584909,2015-07-16,14.13,4485,136.276
4584909,2015-07-14,14.37,4231,145.406
4584909,2015-07-12,23.52,7492,133.576
4584909,2015-07-10,12.16,3932,132.746
4584909,2015-07-09,14.23,4235,147.902
4584909,2015-07-07,12.12,3813,136.87
4584909,2015-07-03,14.12,4668,145.926
4584909,2015-06-24,14.13,4608,138.602
4584909,2015-06-19,14.14,4542,133.142
4584909,2015-06-17,12.29,3933,134.446
4584909,2015-06-10,12.27,3885,133.458
4584909,2015-06-08,16.43,5313,134.664
4584909,2015-06-05,14.19,4459,135.75
4584909,2015-06-03,14.27,4458,137.894
4584909,2015-06-01,12.34,3916,132.176
4584909,2015-05-29,14.24,4496,138.962
4584909,2015-05-27,14.33,4624,138.566
4584909,2015-05-22,14.16,4422,144.916
4584909,2015-05-20,14.17,4455,140.708
4584909,2015-05-15,14.38,4524,134.602
4584909,2015-05-12,14.45,4759,133.728
4584909,2015-05-06,14.21,4184,148.548
4584909,2015-04-26,21.21,6360,161.22
4584909,2015-04-24,14.17,4502,142.46
4584909,2015-04-15,14.11,4591,138.066
4584909,2015-04-14,14.35,4373,144.776
4584909,2015-04-12,5.03,1379,167.3
4584909,2015-04-10,14.16,4606,141.706
4584909,2015-04-09,14.27,4489,145.166
4584909,2015-04-07,14.14,4675,140.42
4584909,2015-04-03,14.12,4440,146.904
4584909,2015-04-02,12.03,4495,134.498
4584909,2015-03-27,12.1,3844,144.966
4584909,2015-03-26,12.04,4049,136.852
4584909,2015-03-19,13.86,4591,140.35
4584909,2015-03-17,15.09,4714,144.658
4584909,2015-03-12,15.04,4746,148.848
4584909,2015-02-17,12.23,4166,137.622
4584909,2015-02-12,14.07,4894,138.374
4584909,2015-02-10,10.24,3800,127.696
4584909,2015-02-08,16.97,6255,132.99
4584909,2015-02-05,10.4,3935,133.068
4584909,2015-02-04,10.02,3915,139.566
4584909,2015-01-14,14.41,5303,142.546
4584909,2014-12-30,11.21,3849,141.034
4584909,2014-12-26,9.21,3518,140.496
4584909,2014-12-23,15.09,5076,142.644
4584909,2014-12-21,14.3,4663,145.242
4584909,2014-12-19,15.33,5126,146.422
4584909,2014-12-07,9.99,3174,167.23
4584909,2014-11-01,21.2,7019,143.646
4584909,2014-10-30,13.26,4411,145.0
4584909,2014-10-25,26.1,16859,156.572
4584909,2014-10-14,13.01,4502,143.512
4584909,2014-10-07,11.21,3779,146.538
4584909,2014-09-28,12.35,4080,137.18
1295675,2015-11-25,8.1,2779,143.552
80466,2015-12-30,22.66,6905,139.794
80466,2015-12-26,28.77,8759,148.7
80466,2015-12-24,21.69,6490,139.698
80466,2015-12-09,22.06,6150,157.73
80466,2015-12-04,21.16,6264,153.192
80466,2015-11-24,22.51,6645,92.028
80466,2015-07-12,38.49,12561,150.14
80466,2015-10-13,21.21,6134,154.912
80466,2015-09-13,21.82,6351,153.812
80466,2015-08-30,14.93,4200,95.07
80466,2015-08-29,14.24,3953,162.404
80466,2015-08-16,22.19,6260,151.762
80466,2015-08-15,13.42,4330,134.72
80466,2015-08-07,14.65,4167,159.73
80466,2015-07-30,19.02,6556,134.926
80466,2015-07-11,22.51,6722,151.962
80466,2015-06-07,22.69,6930,141.012
80466,2015-05-23,21.29,6276,150.018
80466,2015-05-25,21.39,6482,153.542
80466,2015-05-20,11.51,3492,157.748
80466,2015-04-25,16.42,5277,133.766
80466,2015-04-14,8.77,2446,155.104
80466,2015-04-12,22.44,6487,156.124
80466,2015-02-08,28.01,9693,137.838
80466,2015-02-07,26.95,8424,139.678
80466,2015-02-02,12.8,3516,158.686
80466,2014-05-26,15.93,4369,157.246
80466,2014-05-24,12.29,3335,156.316
80466,2014-05-18,11.32,3197,138.27
80466,2014-05-11,13.11,3884,138.356
80466,2014-05-04,14.86,4642,128.282
80466,2014-05-03,15.61,4337,152.038
80466,2014-04-27,15.52,4271,155.952
80466,2014-04-22,11.96,3004,161.716
80466,2014-03-10,17.7,4864,154.044
80466,2014-03-03,20.37,5782,148.498
1749538,2015-12-05,6.28,2215,152.27
4318337,2015-01-11,9.47,3872,162.34
4318337,2014-09-12,9.51,3626,157.896
4318337,2014-09-10,7.61,3049,147.254
4318337,2014-09-03,8.54,3380,150.234
4318337,2014-09-01,8.48,3337,152.408
4318337,2014-08-30,9.42,3764,149.604
4318337,2014-08-12,8.61,3388,154.264
4318337,2014-06-02,8.52,3674,151.734
4318337,2014-03-15,12.56,5228,157.256
4318337,2013-09-07,8.51,3340,164.01
4318337,2013-08-08,12.31,4821,159.178
4318337,2013-07-16,8.92,3572,157.444
4318337,2013-05-31,9.83,3620,158.028
4318337,2013-05-11,8.8,3373,150.984
4318337,2013-05-03,10.35,3935,157.684
4318337,2013-04-30,10.02,3759,151.77
4318337,2013-04-26,8.51,3249,156.544
4318337,2013-04-24,10.02,3723,158.14
4318337,2013-04-14,10.17,3118,176.01
371523,2014-07-28,1.52,530,127.23
371523,2014-07-19,3.33,1363,151.326
8349084,2015-12-15,9.17,2810,161.13
8349084,2015-12-08,9.34,3092,143.94
8349084,2015-11-02,8.65,3006,138.082
8349084,2015-09-18,10.68,3315,128.802
8349084,2015-09-07,12.22,3627,139.346
8349084,2015-08-25,12.71,3797,151.884
8349084,2015-08-17,19.34,5681,141.08
8349084,2015-08-15,12.58,3568,142.808
8349084,2015-08-11,12.47,3642,145.104
8349084,2015-08-07,14.04,4380,135.51
8349084,2015-07-29,9.53,2837,134.824
8349084,2015-07-19,15.87,4704,140.822
8349084,2015-07-09,16.07,4616,141.038
8349084,2015-06-29,9.1,2835,141.17
8349084,2015-06-22,9.05,2746,151.07
8349084,2015-06-22,15.91,5106,143.172
8349084,2015-06-19,11.67,3697,147.53
8349084,2015-06-16,11.17,3890,138.332
8349084,2015-04-29,12.15,3716,145.718
8349084,2015-04-20,10.78,3525,146.152
8349084,2015-04-17,12.29,3761,141.726
8349084,2015-04-13,12.21,3973,133.696
8349084,2015-04-01,11.75,4062,127.734
8349084,2015-02-26,9.3,2828,138.44
8349084,2015-02-22,12.12,3685,142.302
8349084,2015-02-18,11.14,3652,131.436
8349084,2015-02-14,9.37,2756,140.304
8349084,2015-01-19,17.63,5790,136.594
8349084,2015-01-15,9.01,2829,134.25
8349084,2015-01-05,12.1,5033,132.878
5703,2015-03-23,10.1,2819,172.186
11992223,2014-04-09,8.92,2467,163.588
11992223,2014-04-03,13.25,3694,167.848
11992223,2014-03-27,10.58,3171,164.01
11992223,2014-03-26,13.58,3809,175.92
11992223,2014-03-23,12.43,3535,169.864
11992223,2014-03-18,9.65,2718,175.432
11992223,2013-11-07,8.95,2466,168.448
11992223,2013-11-02,16.46,4427,166.696
11992223,2013-10-20,12.99,3610,167.734
11992223,2013-10-19,15.45,4614,158.988
11992223,2013-10-18,15.8,4047,169.598
11992223,2013-10-13,10.21,2381,181.512
11992223,2013-10-06,10.14,2478,182.612
11992223,2013-10-04,10.62,3004,170.02
11992223,2013-10-03,9.54,2468,174.468
11992223,2013-09-20,10.7,2988,166.662
11992223,2013-09-19,11.4,2963,168.036
11992223,2013-09-16,7.77,2437,150.484
11992223,2013-09-14,9.44,2460,170.05
11992223,2013-09-11,10.06,2652,167.858
11992223,2013-09-07,12.18,3425,158.786
11992223,2013-09-06,11.04,2976,165.534
11992223,2013-09-04,13.1,3626,167.28
11992223,2013-08-30,10.7,3030,166.396
11992223,2013-08-28,10.73,3045,165.356
11992223,2013-08-27,12.9,3515,167.594
11992223,2013-08-23,11.2,3229,163.812
11992223,2013-08-21,11.19,3278,166.086
11992223,2013-08-20,15.42,4114,171.176
11992223,2013-08-15,15.04,3213,129.59
11992223,2013-08-07,9.42,2623,173.858
11992223,2013-07-07,11.04,3572,171.88
11992223,2013-06-07,10.7,2964,171.124
11992223,2013-05-24,9.27,2593,168.834
11992223,2013-05-06,10.12,2599,172.802
11992223,2013-05-03,13.26,3645,168.058
11992223,2013-05-02,13.87,3811,167.906
11992223,2013-04-27,16.97,4849,166.224
11992223,2013-04-24,11.02,3311,164.278
11992223,2013-04-20,16.38,4739,165.402
11992223,2013-04-14,14.06,4693,152.642
11992223,2013-04-12,11.53,3325,169.044
11992223,2013-04-03,13.93,4136,172.062
11992223,2013-04-02,11.36,3171,174.596
11992223,2013-03-23,9.86,2874,170.038
11992223,2013-02-10,8.99,2514,170.066
11992223,2013-01-27,13.88,4215,169.662
2358,2015-11-03,8.0,2568,133.278
2358,2015-10-06,10.03,3376,130.078
2358,2015-10-04,8.37,2892,130.842
2358,2015-09-22,5.13,1813,119.826
2358,2015-09-16,12.95,3932,137.334
2358,2015-08-09,5.64,1918,128.14
2358,2015-08-08,17.65,5340,138.104
2358,2015-08-05,17.42,5185,148.652
2358,2015-08-03,19.16,5833,142.984
2358,2015-08-01,12.7,3991,136.762
2358,2015-07-29,16.88,5151,141.834
2358,2015-07-26,12.54,3904,135.376
2358,2015-06-28,15.19,4709,145.714
2358,2015-06-21,20.41,5983,162.296
2358,2015-06-06,7.28,1958,164.206
2358,2015-06-04,7.34,2425,138.856
2358,2015-05-30,4.95,1325,162.184
2358,2015-05-23,15.23,4563,145.368
2358,2015-04-24,9.93,2886,149.564
2358,2015-04-23,5.51,1828,126.78
2358,2015-04-11,11.82,3390,147.0
2358,2015-04-02,10.13,3299,139.554
2358,2015-02-22,10.53,3005,152.53
2358,2015-02-17,10.06,2747,148.128
2358,2015-02-15,10.63,3002,153.62
2358,2015-02-11,10.38,2923,147.17
2358,2015-02-02,10.82,2997,154.17
2358,2015-01-31,3.14,904,151.672
2358,2015-01-24,10.71,3033,152.028
2358,2015-01-18,12.45,3459,154.63
2358,2015-01-17,3.04,883,158.99
2358,2015-01-17,5.02,1185,170.9
2358,2014-12-20,3.16,922,146.886
2358,2014-12-20,5.03,1174,174.044
2358,2014-12-20,3.22,842,149.826
2358,2014-12-14,8.08,2128,156.06
2358,2014-10-27,10.08,2816,140.482
2358,2014-10-18,8.29,2437,138.062
2358,2014-10-12,10.92,2977,143.156
2358,2014-08-02,13.0,3785,144.288
2358,2014-07-31,7.62,2109,144.76
2358,2014-07-22,7.94,2022,158.032
2358,2014-05-24,2.94,899,137.422
2358,2014-05-24,5.0,1158,171.838
2358,2014-05-24,2.91,795,146.208
5746423,2015-05-02,12.94,4480,138.116
5746423,2015-04-29,14.12,4679,146.216
5746423,2015-03-18,17.99,5281,154.024
5746423,2015-03-11,17.66,5551,149.824
5746423,2015-03-04,16.04,4981,145.352
5746423,2015-02-26,17.81,5572,150.584
5746423,2015-02-08,17.74,5661,144.918
5746423,2015-02-02,25.56,7059,160.082
5746423,2015-01-27,17.86,5604,151.268
5746423,2014-11-26,17.92,5904,145.06
5746423,2014-11-16,10.49,3306,144.794
5746423,2014-10-14,16.91,5600,141.902
5746423,2014-10-08,14.45,4929,136.97
5746423,2014-03-20,21.31,5923,157.94
5746423,2014-01-29,17.92,5833,144.288
5746423,2014-01-26,26.65,8635,150.284
5746423,2014-01-24,18.66,6002,147.484
5746423,2014-01-10,18.45,6059,147.64
5746423,2013-12-15,26.03,8371,148.336
5746423,2013-12-10,16.42,5044,145.472
5746423,2013-11-30,10.91,3617,143.506
5746423,2013-11-29,15.52,4621,150.438
5746423,2013-11-15,15.91,4879,145.34
5746423,2013-11-05,16.85,5213,148.034
5746423,2013-10-08,17.52,5201,148.806
5746423,2013-10-01,11.89,4087,136.192
5746423,2013-09-27,9.25,3069,138.226
5746423,2013-09-23,10.15,2472,175.354
5746423,2013-09-15,21.44,5415,172.118
5746423,2013-09-10,14.34,4705,139.338
5746423,2013-08-17,8.22,3325,128.638
5746423,2013-08-11,20.22,5755,161.116
5746423,2013-06-28,15.47,5188,136.142
5746423,2013-06-26,15.48,5533,134.412
5746423,2013-06-25,14.19,4950,136.934
5746423,2013-06-23,21.51,5535,170.66
5746423,2013-06-16,10.21,2571,177.272
5746423,2013-06-12,12.31,4309,140.332
5746423,2013-06-08,43.17,12790,170.046
5746423,2013-05-29,17.68,6067,144.238
5746423,2013-05-26,31.6,9732,156.492
5746423,2013-05-26,19.41,6169,153.438
5746423,2013-04-21,43.11,13776,171.096
5746423,2013-04-17,16.25,4999,163.002
5746423,2013-04-05,18.41,5191,163.524
5746423,2013-04-03,19.33,6346,147.488
5746423,2013-03-29,20.41,6594,140.94
5746423,2013-03-27,19.41,6283,148.29
5746423,2013-03-25,15.76,5445,141.224
5746423,2013-03-24,21.8,5394,174.386
5746423,2013-03-15,17.47,5705,142.676
5746423,2013-03-14,17.6,4763,161.816
5746423,2013-03-04,10.08,2500,175.276
5746423,2013-03-01,15.91,5827,138.75
5746423,2013-02-22,20.92,6301,158.68
5746423,2013-02-19,16.74,6328,140.378
5746423,2013-02-13,18.35,6671,139.826
5746423,2013-02-06,20.0,6965,145.412
5746423,2013-02-01,14.73,5094,142.444
5746423,2013-01-30,17.26,6077,144.286
5746423,2013-01-27,19.3,7326,143.882
5746423,2013-01-26,8.98,3549,135.14
5746423,2013-01-24,19.5,6252,152.766
5746423,2013-01-17,19.43,6343,152.682
5746423,2013-01-15,17.97,6278,140.216
5746423,2013-01-13,30.72,9812,152.918
5746423,2013-01-08,15.19,5257,140.52
5746423,2013-01-06,26.76,9233,145.678
5746423,2012-12-25,17.47,6053,145.454
5746423,2012-12-24,16.34,5280,147.924
5746423,2012-12-18,13.36,4911,137.054
5746423,2012-12-16,26.74,9428,146.8
2915343,2015-09-10,16.0,5011,151.532
2915343,2015-06-21,21.44,6367,162.85
2915343,2015-06-09,12.82,4134,148.986
2915343,2015-06-02,12.39,3963,148.134
2915343,2015-05-27,11.32,3573,149.648
2915343,2015-05-17,10.87,3430,151.374
2915343,2015-04-05,12.72,4066,145.68
2915343,2015-03-29,20.7,6724,148.822
2915343,2015-02-22,15.86,5304,148.786
2915343,2015-02-09,18.44,5797,153.744
2915343,2015-02-01,19.79,6570,151.326
2915343,2015-01-19,26.55,8659,149.008
2915343,2015-01-18,10.26,3216,154.03
2915343,2015-01-04,23.34,7619,154.236
2915343,2014-12-22,16.08,5296,156.724
2915343,2014-11-03,20.08,6665,144.766
2915343,2014-10-03,10.54,3334,145.63
3820045,2015-12-22,10.34,3471,141.16
3820045,2015-12-14,12.23,4361,131.592
3820045,2015-12-03,10.75,4052,142.68
3820045,2015-11-29,24.12,8872,137.266
3820045,2015-10-14,9.58,3530,126.408
3820045,2015-09-26,11.17,4088,133.7
3820045,2015-09-14,21.36,8129,137.974
3820045,2015-09-14,6.84,2068,146.916
3820045,2015-08-19,10.26,3257,139.612
3820045,2015-07-27,6.91,2384,124.9
3820045,2015-07-21,27.86,10231,131.474
3820045,2015-07-17,21.31,6757,143.462
3820045,2015-07-13,6.51,2396,116.464
3820045,2015-07-12,27.6,10363,139.752
3820045,2015-07-08,9.2,3050,136.586
3820045,2015-06-29,20.53,7252,140.67
3820045,2015-06-14,26.61,9952,137.014
3820045,2015-06-08,5.84,2376,112.566
3820045,2015-05-25,18.97,5858,145.326
3820045,2015-05-19,6.98,2691,123.086
3820045,2015-05-12,9.28,3193,133.24
3820045,2015-05-06,9.18,3228,131.622
3820045,2015-05-04,5.92,2584,132.782
3820045,2015-04-30,11.73,4274,137.486
3820045,2015-04-28,10.6,3810,129.85
3820045,2015-04-13,8.82,3110,127.808
3820045,2015-04-08,7.08,2546,128.124
3820045,2015-04-07,18.14,6557,139.402
3820045,2015-03-31,14.1,4641,139.35
3820045,2015-03-28,7.25,2459,138.326
3820045,2015-03-16,15.62,5856,132.476
3820045,2015-02-27,14.52,4979,145.244
3820045,2015-02-24,14.39,5167,138.188
3820045,2015-01-16,8.82,3124,135.21
3820045,2014-12-19,7.2,2433,141.15
3820045,2014-12-11,9.27,3217,136.664
3820045,2014-12-05,8.55,2912,140.016
3820045,2014-11-24,7.62,2803,130.646
3820045,2014-11-07,8.43,2604,150.972
3820045,2014-11-06,12.43,4171,141.3
3820045,2014-10-31,7.98,2765,137.692
3820045,2014-10-28,8.6,2893,141.21
3820045,2014-10-10,10.15,3439,142.032
4226525,2015-09-02,6.03,1796,140.92
4226525,2015-06-14,21.51,5549,157.45
4226525,2015-05-25,10.04,2454,156.586
4226525,2015-05-03,9.72,2396,162.206
4226525,2015-03-02,7.46,2197,140.986
4226525,2015-02-10,8.15,2486,140.778
4226525,2015-01-04,9.8,2753,149.386
4226525,2014-12-25,6.56,2099,136.82
4226525,2014-12-25,6.86,2342,137.63
4226525,2014-12-16,9.29,2742,132.422
4226525,2014-11-03,10.2,2847,151.77
745030,2015-12-29,5.84,1688,133.476
745030,2015-12-26,1.55,506,162.692
745030,2015-12-26,5.0,1263,177.584
745030,2015-12-25,3.13,874,143.832
745030,2015-12-25,22.66,5289,154.958
745030,2015-12-19,13.14,3825,139.162
745030,2015-12-18,10.03,2247,163.812
745030,2015-12-14,9.81,2739,142.138
745030,2015-12-12,7.8,2147,140.336
745030,2015-12-09,11.9,3683,130.44
745030,2015-12-03,10.03,2324,158.04
745030,2015-12-01,26.21,7827,140.772
745030,2015-11-30,10.06,3065,134.72
745030,2015-11-30,11.02,2888,157.914
745030,2015-11-27,13.18,3594,139.708
745030,2015-11-25,10.73,3319,138.874
745030,2015-11-25,8.36,2093,154.418
745030,2015-11-20,7.46,1992,155.258
745030,2015-11-18,22.57,6788,140.61
745030,2015-11-13,8.71,2798,142.594
745030,2015-11-13,10.13,2387,160.652
745030,2015-11-10,8.46,2668,147.216
745030,2015-11-06,5.02,1081,163.026
745030,2015-11-03,12.76,4199,149.306
745030,2015-11-03,14.14,4444,146.87
745030,2015-11-01,9.24,2810,156.712
745030,2015-10-30,20.6,5214,167.386
745030,2015-10-28,14.99,4770,137.084
745030,2015-10-22,4.78,1173,150.402
745030,2015-10-21,12.1,3555,134.418
745030,2015-10-16,2.57,733,152.488
745030,2015-10-16,5.0,1121,166.308
745030,2015-09-29,10.48,3101,137.442
745030,2015-09-23,7.15,1900,160.394
745030,2015-09-03,15.25,4276,140.508
745030,2015-09-02,5.94,1657,133.154
745030,2015-08-26,5.83,1762,146.716
745030,2015-08-25,10.32,2761,153.638
745030,2015-08-24,14.82,4711,142.91
745030,2015-08-21,9.46,2440,156.302
745030,2015-08-19,2.67,773,147.388
745030,2015-08-19,8.96,2540,151.372
745030,2015-08-13,13.16,4084,155.34
745030,2015-08-10,7.56,2241,130.95
745030,2015-08-10,9.06,3061,133.772
745030,2015-08-07,9.04,2366,148.808
745030,2015-08-06,8.01,2369,129.564
745030,2015-08-06,6.57,1623,156.384
745030,2015-08-03,7.18,2340,120.324
745030,2015-08-03,7.74,2330,139.464
745030,2015-07-30,12.06,3085,155.538
745030,2015-07-29,7.32,2136,131.696
745030,2015-07-29,7.02,1657,157.386
745030,2015-07-28,7.35,2137,130.956
745030,2015-07-28,11.14,3477,130.188
745030,2015-07-27,7.15,1995,137.546
745030,2015-07-26,7.12,1887,134.848
745030,2015-07-24,7.32,2082,135.262
745030,2015-07-21,6.2,1962,140.25
745030,2015-07-20,4.68,1264,145.342
745030,2015-07-20,12.4,3209,149.538
745030,2015-07-17,5.11,1551,144.814
745030,2015-07-15,6.37,1712,153.65
745030,2015-07-14,9.6,2947,153.01
745030,2015-07-13,10.13,3130,158.564
745030,2015-07-12,6.99,2102,138.824
745030,2015-07-10,6.71,1881,154.972
745030,2015-07-09,2.69,778,151.754
745030,2015-07-08,5.08,1245,155.182
745030,2015-07-08,1.71,817,99.9
745030,2015-07-07,6.33,1746,162.882
745030,2015-07-02,2.02,584,154.214
745030,2015-07-02,4.96,1166,163.638
745030,2015-06-24,2.6,574,155.156
745030,2015-06-13,5.03,1132,160.37
745030,2015-06-12,12.32,3287,143.976
745030,2015-06-11,10.56,2858,142.434
745030,2015-06-10,4.96,1164,174.716
745030,2015-06-10,5.09,1180,163.778
745030,2015-06-07,25.92,7243,148.182
745030,2015-06-06,9.83,2251,174.788
745030,2015-06-04,8.56,2493,155.394
745030,2015-06-03,8.13,2151,157.768
745030,2015-05-31,31.96,9151,161.126
745030,2015-05-28,10.74,3080,141.778
745030,2015-05-20,6.03,1823,124.526
745030,2015-05-19,12.89,3124,156.478
745030,2015-05-14,4.99,1154,156.768
745030,2015-05-14,10.52,2564,157.804
745030,2015-05-12,12.42,3750,144.826
745030,2015-05-04,18.84,5922,153.048
745030,2015-05-03,5.76,1711,145.388
745030,2015-05-03,9.96,2217,165.24
745030,2015-05-01,11.27,3423,140.276
745030,2015-04-30,2.59,638,140.448
745030,2015-04-28,9.79,2524,146.48
745030,2015-04-25,9.14,3005,145.556
745030,2015-04-23,4.39,1305,146.808
745030,2015-04-17,17.36,4413,150.814
745030,2015-04-16,5.86,1698,155.83
745030,2015-04-12,10.04,3570,122.742
745030,2015-04-10,7.9,2295,133.776
745030,2015-04-08,21.34,5315,162.944
745030,2015-04-07,7.65,2291,135.29
745030,2015-04-04,21.35,5709,159.072
745030,2015-04-01,10.11,2527,155.582
745030,2015-03-31,6.87,1825,149.372
745030,2015-03-29,14.33,4178,140.416
745030,2015-03-25,7.02,1685,159.616
745030,2015-03-21,12.79,3823,142.804
745030,2015-03-21,4.99,1176,153.166
745030,2015-03-13,6.93,1755,148.594
745030,2015-03-12,7.69,2748,160.928
745030,2015-03-09,5.01,1106,161.948
745030,2015-03-05,5.18,1553,150.204
745030,2015-03-03,9.39,9929,146.83
745030,2015-02-24,5.07,1493,135.91
745030,2015-02-20,12.69,3118,162.65
745030,2015-02-18,11.43,3994,146.072
745030,2015-02-11,11.45,3234,133.904
745030,2015-02-11,7.37,1878,151.56
745030,2015-02-09,10.98,2726,160.088
745030,2015-02-08,10.13,3501,148.154
745030,2015-02-07,9.21,2551,152.566
745030,2015-02-02,30.2,8357,151.558
745030,2015-02-01,9.7,3089,162.326
745030,2015-01-30,5.02,1129,167.224
745030,2015-01-27,3.07,979,141.174
745030,2015-01-25,9.95,2798,158.092
745030,2015-01-20,12.5,3754,137.378
745030,2015-01-18,10.73,3008,170.0
745030,2015-01-15,6.32,2442,120.696
745030,2015-01-14,14.93,8703,145.282
745030,2015-01-12,11.14,3208,145.364
745030,2015-01-11,8.25,2187,155.854
745030,2015-01-09,11.41,3296,179.05
745030,2015-01-09,11.53,3278,145.092
745030,2015-01-07,5.03,1171,160.016
745030,2015-01-05,23.11,6207,147.364
745030,2015-01-04,10.25,2500,153.634
745030,2014-12-29,27.08,6844,166.026
745030,2014-12-27,8.83,2474,155.978
745030,2014-12-16,14.09,4388,135.244
745030,2014-12-14,13.51,3155,163.346
745030,2014-12-12,4.3,1207,137.322
745030,2014-12-10,9.8,2691,151.398
745030,2014-12-10,13.94,3429,163.654
745030,2014-12-03,24.55,7379,143.09
745030,2014-11-30,9.85,2369,166.13
745030,2014-11-28,10.11,2949,141.038
745030,2014-11-27,25.73,7094,151.894
745030,2014-11-23,8.03,1968,158.528
745030,2014-11-19,6.58,1871,145.872
745030,2014-11-18,13.62,3277,168.528
745030,2014-11-14,6.2,1900,124.242
745030,2014-11-13,13.49,3577,150.584
745030,2014-11-08,24.24,6825,148.958
745030,2014-10-26,8.13,2341,155.058
745030,2014-10-26,21.69,5472,159.268
745030,2014-10-24,10.57,3267,136.986
745030,2014-10-23,13.74,3283,163.832
745030,2014-10-21,12.06,3583,142.65
745030,2014-10-17,2.42,659,155.94
745030,2014-10-17,9.99,2426,158.398
745030,2014-10-16,10.52,2808,147.854
745030,2014-10-08,5.9,1524,151.686
745030,2014-10-07,5.72,1670,141.106
745030,2014-10-07,3.06,844,135.83
745030,2014-09-24,5.66,1702,129.036
745030,2014-09-21,9.91,2629,149.076
745030,2014-09-19,10.06,2359,167.826
745030,2014-09-13,5.21,1453,132.112
745030,2014-09-12,5.92,1495,153.212
745030,2014-09-11,8.26,2349,143.202
8936532,2013-03-10,8.19,2460,153.886
4146688,2015-12-31,10.07,2586,152.738
4146688,2015-12-31,2.69,840,124.494
4146688,2015-12-27,16.04,4872,132.052
4146688,2015-12-26,14.96,4558,134.51
4146688,2015-12-24,13.73,4850,117.226
4146688,2015-12-22,13.39,3873,137.764
4146688,2015-12-15,13.12,3742,143.606
4146688,2015-12-01,12.82,3690,144.63
4146688,2015-11-30,1.38,527,116.352
4146688,2015-11-29,10.02,2591,153.1
4146688,2015-11-12,15.58,4455,140.758
4146688,2015-11-10,15.16,4524,137.434
4146688,2015-11-03,14.98,4683,132.66
4146688,2015-10-24,23.17,7185,137.748
4146688,2015-10-20,11.96,3547,139.022
4146688,2015-10-10,17.84,6299,135.73
4146688,2015-10-06,14.19,4809,124.202
4146688,2015-09-08,13.99,4528,126.896
4146688,2015-08-29,14.48,4534,132.9
4146688,2015-07-23,3.15,1017,121.714
4146688,2015-07-09,13.1,3876,149.63
4146688,2015-07-09,2.04,513,147.512
4146688,2015-07-07,8.63,2625,147.686
4146688,2015-06-30,13.94,4508,137.118
4146688,2015-06-25,8.86,2978,115.078
4146688,2015-06-21,21.52,5724,152.962
4146688,2015-06-18,8.35,2821,123.722
4146688,2015-06-13,16.7,5289,134.442
4146688,2015-06-12,8.16,2763,122.068
4146688,2015-05-28,15.29,5040,136.39
4146688,2015-05-23,23.59,7025,139.264
4146688,2015-05-21,14.06,4731,126.54
4146688,2015-04-21,4.37,1489,124.284
4146688,2015-04-19,5.76,1914,115.068
4146688,2015-04-18,3.11,741,156.374
4146688,2015-04-18,4.73,1486,123.008
4146688,2015-04-16,4.84,1206,151.39
4146688,2015-04-16,3.99,1314,118.844
4146688,2015-04-14,10.03,3034,136.394
4146688,2015-04-10,18.64,5883,127.828
4146688,2015-04-09,14.32,5124,118.538
4146688,2015-04-04,30.98,8500,145.602
4146688,2015-03-20,8.9,2771,120.482
4146688,2015-03-17,14.67,4326,138.918
4146688,2015-03-12,15.45,4264,139.176
4146688,2015-03-10,3.18,976,135.928
4146688,2015-03-07,28.02,8036,142.984
4146688,2015-03-05,16.31,4880,126.244
4146688,2015-02-26,3.14,1205,105.82
4146688,2015-02-24,2.75,958,119.644
4146688,2015-02-24,4.69,1254,141.43
4146688,2015-02-24,4.67,1206,149.224
4146688,2015-02-24,3.17,1163,108.794
4146688,2015-02-23,2.34,804,115.43
4146688,2015-02-22,2.36,659,132.502
4146688,2015-02-20,15.26,4710,126.906
4146688,2015-02-17,15.33,4673,125.236
4146688,2015-02-16,12.35,3943,124.02
4146688,2015-02-08,10.02,2380,158.634
4146688,2015-02-05,19.34,5235,147.984
4146688,2015-01-06,9.81,3264,136.96
4146688,2015-01-06,3.54,1232,118.718
4146688,2015-01-01,1.7,649,117.85
1481127,2015-12-27,25.86,8197,133.636
1481127,2015-12-19,25.56,8048,136.014
1481127,2015-11-29,15.43,5237,129.09
1481127,2015-11-14,33.61,10841,139.76
1481127,2015-11-11,10.35,3116,140.108
1481127,2015-11-09,10.32,3339,121.042
1481127,2015-09-10,14.3,4221,129.62
715469,2016-01-01,21.18,7091,162.538
715469,2015-12-17,20.08,6922,153.894
715469,2015-11-04,12.02,4049,163.068
715469,2015-10-25,23.21,8630,162.426
715469,2015-10-21,20.35,7659,158.524
715469,2015-10-11,10.01,3347,160.396
715469,2015-10-02,10.0,3746,141.544
715469,2015-10-01,8.0,3033,142.99
715469,2015-09-12,30.55,11154,162.306
68129,2014-12-06,10.83,3423,146.656
1058434,2015-11-20,10.42,3550,151.094
1058434,2015-11-15,8.28,2597,150.7
1058434,2015-10-10,14.16,4590,161.182
1058434,2015-04-05,12.33,3619,168.666
2083091,2014-07-27,13.69,4365,146.704
5086939,2014-02-01,9.61,3004,137.326
5086939,2013-09-27,12.63,2445,118.842
5086939,2013-09-21,14.04,4328,145.662
5086939,2013-09-06,12.35,2321,114.562
5086939,2013-09-03,12.55,2534,108.154
5086939,2013-06-08,8.18,2454,142.108
5086939,2013-01-13,9.36,2860,137.87
5086939,2012-10-24,13.26,2618,116.068
5086939,2012-10-16,10.24,1899,105.49
5086939,2012-10-06,11.91,1999,109.69
5086939,2012-09-19,9.9,3030,138.382
5086939,2012-06-30,10.16,2932,148.37
9484057,2015-11-29,14.33,5395,152.856
9484057,2015-10-02,7.16,2469,155.696
9484057,2015-09-27,14.98,5140,153.68
9484057,2015-08-13,5.01,1968,140.774
3085942,2015-03-14,10.58,2897,155.38
3085942,2015-03-08,8.46,2561,145.75
3085942,2014-06-23,10.26,2836,147.454
3085942,2014-05-15,9.29,2575,146.0
3085942,2014-05-14,8.04,2370,134.564
3085942,2014-05-11,13.38,3696,151.14
3085942,2014-05-09,9.18,2530,148.77
3085942,2014-04-25,12.79,3614,146.99
3085942,2014-04-17,10.33,2967,151.732
3085942,2014-04-14,11.31,3408,150.838
3085942,2014-04-06,13.22,3673,155.366
3085942,2014-03-28,13.47,3796,150.642
3085942,2014-03-14,12.45,3567,151.38
3085942,2014-03-09,16.05,4888,150.592
3085942,2014-01-14,12.06,3363,139.374
3085942,2014-01-09,16.27,4944,135.72
3085942,2014-01-06,15.43,4305,154.79
3085942,2013-12-29,17.9,4949,152.138
3085942,2013-12-26,12.09,3382,151.52
3085942,2013-12-19,13.17,3726,153.354
3085942,2013-12-08,13.4,3833,149.458
3085942,2013-12-05,13.34,3810,148.138
3085942,2013-12-03,12.26,3404,150.034
3085942,2013-12-02,10.1,2918,146.756
3085942,2013-11-20,11.61,3197,148.648
478585,2015-12-28,11.36,3536,150.626
478585,2015-12-22,13.04,4403,148.098
478585,2015-12-20,11.32,3622,148.47
478585,2015-12-12,12.93,4104,148.432
478585,2015-12-10,17.77,5860,145.448
478585,2015-12-09,16.39,4949,153.13
478585,2015-12-05,14.65,4582,147.326
478585,2015-11-28,19.47,6399,141.442
478585,2015-11-21,12.97,4234,142.59
478585,2015-11-19,11.35,3894,132.502
478585,2015-11-18,11.37,3593,141.002
478585,2015-11-15,11.84,3601,144.278
478585,2015-11-14,11.64,3979,150.242
478585,2015-11-10,16.17,5278,139.058
478585,2015-11-10,11.4,3723,140.606
478585,2015-11-07,12.91,4440,147.126
478585,2015-11-04,16.15,5145,144.992
478585,2015-10-31,17.83,5847,137.85
478585,2015-10-28,12.93,4348,139.49
478585,2015-10-28,11.38,3987,136.996
478585,2015-10-23,12.87,3925,158.988
478585,2015-10-16,12.12,3806,144.798
478585,2015-10-16,13.02,4390,148.128
478585,2015-10-07,12.99,4622,140.35
478585,2015-10-05,11.32,3460,149.818
478585,2015-10-02,12.17,4041,144.58
478585,2015-10-01,14.6,5038,145.778
478585,2015-09-30,14.6,4906,147.644
478585,2015-09-26,13.01,4251,143.98
478585,2015-09-22,14.6,4917,143.606
478585,2015-09-02,11.32,3684,152.032
478585,2015-08-29,29.56,10519,143.978
478585,2015-08-27,11.33,3952,155.646
478585,2015-08-25,12.94,4537,149.288
478585,2015-08-22,17.8,6223,146.75
478585,2015-08-21,11.33,4068,147.538
478585,2015-08-20,12.92,4362,155.82
478585,2015-08-19,14.56,4965,153.948
478585,2015-08-18,11.32,3967,149.402
478585,2015-08-16,11.46,3883,146.198
478585,2015-08-02,29.75,10461,141.166
478585,2015-07-30,12.96,4240,149.296
478585,2015-07-28,11.35,3874,149.116
478585,2015-07-25,11.52,4072,148.25
478585,2015-04-29,13.04,4004,152.078
478585,2014-10-05,34.48,10942,148.242
2076057,2015-11-03,10.59,3413,162.852
2076057,2015-10-22,10.21,3765,142.534
2076057,2015-10-20,14.24,5293,140.018
2076057,2015-10-15,15.47,5843,137.36
2076057,2015-10-12,17.11,6075,145.376
2076057,2015-10-10,21.71,8007,140.754
2076057,2015-10-03,14.04,5175,142.338
2076057,2015-09-23,17.24,6407,144.262
2076057,2015-09-19,16.66,6411,133.79
2076057,2015-09-08,11.13,3994,141.824
2076057,2015-09-06,10.7,3885,140.654
2076057,2015-09-01,17.11,6185,143.526
2076057,2015-08-18,11.06,3989,139.978
2076057,2015-07-31,10.14,3694,142.68
2076057,2015-07-25,11.13,4394,137.39
2076057,2015-07-21,11.0,4316,133.186
2076057,2015-07-11,15.42,6463,131.568
2076057,2015-07-07,13.67,5574,134.156
2076057,2015-06-30,10.31,4044,137.252
2076057,2015-06-20,15.54,6129,139.352
2076057,2015-06-14,11.04,4179,139.28
2076057,2015-06-02,10.43,3871,147.942
2076057,2015-05-14,10.95,3885,145.722
2076057,2015-04-21,10.38,4055,138.302
2076057,2015-04-04,14.17,5149,142.922
2076057,2015-02-21,9.99,4048,130.226
2076057,2015-02-07,12.03,4390,146.624
2076057,2014-12-28,14.5,5214,152.964
2076057,2014-12-24,10.15,3866,152.034
2076057,2014-12-06,9.97,3481,152.336
2076057,2014-11-27,10.99,3867,147.15
2076057,2014-11-21,10.14,3469,147.014
2076057,2014-10-22,11.93,4101,139.492
2076057,2014-12-09,10.29,3757,136.844
2076057,2014-10-14,10.95,3692,144.812
2076057,2014-10-11,17.01,6164,137.89
2076057,2014-10-09,11.81,4192,140.31
2076057,2014-10-04,10.97,3949,143.624
2076057,2014-09-24,10.08,3699,140.452
2076057,2014-09-23,11.2,3917,142.732
2076057,2014-09-20,14.27,5317,135.114
2076057,2014-09-12,10.95,3572,150.634
2076057,2014-08-30,15.05,5166,142.714
2076057,2014-08-26,11.18,3942,142.234
2076057,2014-08-23,13.0,4705,138.026
2076057,2014-08-16,13.02,4381,144.068
2076057,2014-08-14,12.42,4264,142.164
2076057,2014-08-01,11.04,3901,137.406
2076057,2014-07-30,11.67,4116,137.44
2076057,2014-07-23,10.82,3902,134.388
2076057,2014-07-16,11.69,4039,136.548
2076057,2014-07-05,17.53,6401,136.83
2076057,2014-06-28,12.99,4326,144.652
2076057,2014-06-15,12.21,3988,145.81
2076057,2014-06-01,16.1,6021,134.43
2076057,2014-05-24,16.06,5414,143.928
2076057,2014-05-17,12.0,4443,131.88
2076057,2014-05-16,13.22,5036,133.6
2076057,2014-05-10,13.05,4512,144.12
2076057,2014-05-03,12.94,4231,144.602
2076057,2014-04-19,21.16,8039,143.256
2076057,2014-04-16,11.93,4568,132.598
2076057,2014-04-06,20.06,7509,138.296
2076057,2014-03-25,11.99,3928,150.656
2076057,2014-03-18,14.0,5051,146.668
2076057,2014-03-13,10.49,4070,130.182
2076057,2014-03-11,12.0,3869,153.76
2076057,2014-03-08,16.29,6445,132.302
2076057,2014-02-26,10.26,3816,139.016
2076057,2014-02-21,17.12,6250,141.932
2076057,2014-02-15,16.23,6285,137.38
2076057,2014-02-11,10.2,3412,152.826
1907590,2015-10-28,8.84,2755,146.218
1907590,2015-10-11,14.97,4794,137.58
1907590,2015-10-01,8.86,2971,127.622
1907590,2015-09-22,9.91,3172,143.062
1907590,2015-08-20,8.41,2677,134.71
1907590,2015-06-16,10.64,3050,146.458
1907590,2015-05-31,20.11,5628,154.402
1907590,2015-05-27,8.54,2399,149.41
1907590,2015-05-22,8.63,2783,147.966
1907590,2015-05-01,8.67,2496,144.212
1907590,2015-04-16,10.31,3534,129.622
1907590,2015-04-14,10.9,3245,148.576
1907590,2015-04-13,7.41,2207,148.324
1907590,2015-03-29,20.26,7022,153.874
1907590,2015-03-25,10.23,3149,144.054
1907590,2015-03-22,11.01,3531,142.038
1907590,2015-02-25,10.72,3906,116.992
1907590,2015-02-20,11.22,3484,135.788
1907590,2015-01-26,14.13,4295,133.338
1907590,2014-12-15,12.31,3702,144.152
1907590,2014-12-05,10.99,3501,137.298
1907590,2014-10-19,13.58,3310,147.558
1907590,2014-04-19,10.64,3130,146.64
12080152,2015-05-18,7.42,2934,134.358
12080152,2015-05-07,15.68,6069,141.038
12080152,2015-04-10,7.63,3108,124.002
12080152,2015-04-09,7.57,3005,124.23
12080152,2015-04-06,8.18,2962,139.58
12080152,2015-03-25,8.23,2347,157.64
12080152,2015-01-13,9.79,3909,149.232
12080152,2014-10-23,12.54,4597,136.704
1601558,2015-12-20,20.59,6360,147.068
1601558,2015-12-19,4.95,1790,129.762
1601558,2015-12-12,5.17,1889,128.186
1601558,2015-12-07,10.0,3068,152.01
1601558,2015-12-06,19.63,6506,139.542
1601558,2015-12-05,5.26,2039,127.874
1601558,2015-12-05,6.53,1965,154.942
1601558,2015-11-29,13.93,4770,136.072
1601558,2015-11-28,5.06,1350,174.534
1601558,2015-11-28,6.98,1937,164.97
1601558,2015-11-26,14.7,4686,151.754
1601558,2015-11-15,13.21,4286,138.344
1601558,2015-10-18,22.9,7342,142.034
1601558,2015-10-08,7.96,2377,156.396
1601558,2015-10-07,7.8,2254,159.476
1601558,2015-09-22,3.23,796,166.728
1601558,2015-09-20,3.04,1057,138.504
1601558,2015-09-20,2.99,1004,140.84
1601558,2015-09-16,6.0,2342,89.888
1601558,2015-09-13,42.14,14399,105.468
1601558,2015-09-10,7.15,2436,172.834
1601558,2015-09-08,7.39,2530,176.692
1601558,2015-09-06,14.42,4962,159.748
1601558,2015-09-04,10.35,3507,167.894
1601558,2015-09-01,14.31,4787,175.988
1601558,2015-08-30,18.22,5593,186.25
1601558,2015-08-25,10.14,3230,147.832
1601558,2015-08-20,10.11,3034,155.038
1601558,2015-08-18,6.93,1964,163.844
1601558,2015-08-16,32.46,12219,129.924
1601558,2015-08-14,17.89,5407,157.706
1601558,2015-08-12,16.6,5041,153.054
1601558,2015-08-10,23.21,8381,142.978
1601558,2015-08-09,9.87,3698,140.028
1601558,2015-07-29,6.92,1945,162.216
1601558,2015-07-27,10.11,2865,165.802
1601558,2015-07-16,11.98,4001,132.95
1601558,2015-07-13,14.58,4607,154.618
1601558,2015-07-09,6.25,2023,141.248
1601558,2015-07-01,6.49,2041,152.744
1601558,2015-06-30,13.12,4267,141.988
1601558,2015-06-28,6.47,2215,135.588
1601558,2015-06-27,9.83,2706,172.53
1601558,2015-06-25,6.39,2055,142.644
1601558,2015-06-18,5.05,1687,138.052
1601558,2015-06-16,5.24,1877,133.668
1601558,2015-06-10,21.25,6170,167.23
1601558,2015-05-31,21.19,5890,170.022
1601558,2015-05-28,10.66,3542,141.952
1601558,2015-05-16,6.04,1873,157.278
1601558,2015-05-13,12.8,3582,169.964
1601558,2015-05-07,7.95,2255,165.0
1601558,2015-05-05,8.26,2908,137.594
1601558,2015-04-29,6.82,1947,160.654
1601558,2015-03-31,18.17,5281,161.846
13406764,2015-06-16,6.11,2260,165.34
13406764,2015-06-14,6.1,2227,169.052
13406764,2015-06-13,6.15,2263,168.806
13406764,2015-06-12,6.13,2285,166.742
13406764,2015-06-11,5.46,2029,154.39
13406764,2015-06-05,6.15,2316,164.388
13406764,2015-06-04,5.38,2033,161.398
13406764,2015-05-30,7.12,2713,163.216
13406764,2015-05-29,7.12,2619,166.272
13406764,2015-05-28,7.23,2708,161.84
13406764,2015-05-27,7.09,2632,164.744
13406764,2015-05-24,7.48,2802,166.178
13406764,2015-05-23,6.57,2409,162.082
13406764,2015-05-21,6.5,2467,168.632
13406764,2015-05-20,6.34,2404,163.362
13406764,2015-05-18,6.51,2498,169.21
13406764,2015-05-17,6.13,2317,168.396
13406764,2015-05-15,6.13,2319,163.054
13406764,2015-05-14,5.65,2168,162.404
13406764,2015-05-13,5.49,2066,167.214
13406764,2015-05-12,5.26,1979,171.488
13406764,2015-05-10,5.28,2034,167.182
13406764,2015-05-09,5.06,1936,167.914
13406764,2015-05-08,4.98,1898,175.038
13406764,2015-05-07,4.24,1594,169.792
13406764,2015-05-06,3.58,1339,163.542
13406764,2015-05-05,3.14,1220,161.194
13406764,2015-05-04,2.5,989,154.036
13406764,2015-04-29,3.42,1376,171.868
13406764,2015-04-28,2.54,962,161.878
13406764,2015-04-15,3.22,1275,163.474
13406764,2015-04-11,6.17,2282,161.834
13406764,2015-04-08,5.02,1898,162.05
13406764,2015-04-04,4.53,1755,168.002
13406764,2015-04-03,4.28,1616,160.06
13406764,2015-04-02,4.16,1562,160.998
13406764,2015-03-26,5.18,1925,163.802
13406764,2015-03-25,5.14,1892,166.886
13406764,2015-03-24,5.14,1874,164.764
13406764,2015-03-23,5.21,1893,164.838
13406764,2015-03-22,5.14,1875,164.19
13406764,2015-03-21,4.59,1684,164.434
13406764,2015-03-20,4.49,1668,168.52
13406764,2015-03-18,4.21,1539,168.156
13406764,2015-03-14,4.18,1577,164.59
13406764,2015-03-12,4.2,1564,165.44
13406764,2015-03-10,4.14,1522,161.72
13406764,2015-03-06,4.14,1506,166.142
13406764,2015-03-04,4.12,1516,163.606
13406764,2015-03-03,3.62,1331,161.908
13406764,2015-03-02,3.41,1208,163.766
13406764,2015-02-21,3.36,1262,161.192
13406764,2015-01-20,3.31,1212,163.976
13406764,2015-01-19,2.47,908,161.418
13406764,2015-01-03,5.19,1953,167.372
13406764,2015-01-02,5.1,1933,161.338
13406764,2014-12-31,4.62,1805,162.168
13406764,2014-12-29,3.16,1272,172.664
13406764,2014-12-28,2.5,986,181.264
13406764,2014-12-22,2.47,966,169.776
13406764,2014-12-19,2.69,1086,171.948
13406764,2014-12-18,2.25,914,167.516
13406764,2014-12-17,2.11,836,170.636
13406764,2014-12-16,1.58,632,158.134
13406764,2014-11-26,2.33,922,164.034
13406764,2014-11-23,3.02,1212,176.752
13406764,2014-11-22,2.11,807,164.464
13406764,2014-11-10,2.49,962,164.022
13406764,2014-11-09,2.05,784,157.608
13406764,2014-10-26,3.19,1226,164.424
13406764,2014-10-25,2.35,918,160.212
13406764,2014-10-24,1.6,640,156.188
13406764,2014-10-05,4.22,1624,163.7
13406764,2014-10-04,4.01,1566,169.358
13406764,2014-10-03,3.36,1246,170.988
13406764,2014-09-30,3.31,1279,165.052
13406764,2014-09-29,2.59,1022,158.478
13406764,2014-09-20,6.16,2402,165.96
13406764,2014-09-17,5.18,2026,163.762
13406764,2014-09-15,4.51,1744,168.468
13406764,2014-09-14,4.19,1635,168.578
13406764,2014-09-13,3.52,1356,166.126
13406764,2014-09-11,3.14,1229,165.798
13406764,2014-09-05,4.25,1651,167.17
13406764,2014-08-24,3.27,1265,161.442
13406764,2014-08-17,10.13,3695,151.688
13406764,2014-08-15,8.69,3114,150.322
13406764,2014-08-14,7.19,2702,143.804
13406764,2014-08-12,6.06,2307,158.072
13406764,2014-08-10,7.16,2705,164.75
13406764,2014-08-09,5.07,1982,154.67
13406764,2014-08-07,7.14,2712,156.354
13406764,2014-08-05,7.13,2702,157.438
13406764,2014-08-02,7.09,2675,167.08
13406764,2014-08-01,7.09,2652,163.89
13406764,2014-07-31,6.62,2523,162.394
13406764,2014-07-30,6.15,2281,159.162
13406764,2014-07-22,5.07,1946,161.814
13406764,2014-07-17,5.46,1914,163.948
13406764,2014-07-15,6.96,2525,161.41
13406764,2014-07-11,7.12,2661,164.014
13406764,2014-07-10,6.3,2319,168.55
13406764,2014-07-08,6.49,2360,165.44
13406764,2014-07-05,6.14,2251,166.22
13406764,2014-07-02,6.22,2282,164.772
13406764,2014-07-01,5.67,2112,161.924
13406764,2014-06-29,5.67,2065,167.626
13406764,2014-06-27,5.29,1955,165.688
13406764,2014-06-26,5.26,1997,172.342
13406764,2014-06-25,5.16,1952,176.706
13406764,2014-06-24,4.58,1722,167.758
13406764,2014-06-22,4.3,1657,169.7
13406764,2014-06-19,4.27,1611,168.976
13406764,2014-06-17,4.12,1565,160.828
13406764,2014-06-16,3.74,1385,159.204
13406764,2014-06-12,2.49,976,155.16
13406764,2014-06-11,1.66,666,152.912
13406764,2014-05-29,3.5,1336,168.436
13406764,2014-05-28,3.5,1359,170.622
13406764,2014-05-27,3.35,1297,160.322
13406764,2014-05-15,4.11,1564,169.64
13406764,2014-05-12,3.1,1205,175.728
13406764,2014-05-11,2.37,912,163.482
13406764,2014-04-28,7.3,2704,162.8
13406764,2014-04-25,7.11,2554,163.03
13406764,2014-04-23,6.71,2467,164.852
13406764,2014-04-22,6.23,2283,166.376
13406764,2014-04-19,6.13,2217,156.962
13406764,2014-04-14,7.44,2763,157.042
13406764,2014-04-12,7.2,2575,162.574
13406764,2014-04-10,6.62,2469,157.788
13406764,2014-04-09,6.55,2407,167.492
200833,2015-10-08,8.37,3056,139.174
200833,2015-08-18,6.07,2267,144.138
200833,2014-09-14,10.25,3248,176.702
200833,2014-08-23,8.07,3005,124.18
200833,2014-08-02,8.03,3060,127.222
200833,2014-07-28,8.13,2822,141.652
200833,2014-07-25,9.07,4005,115.022
200833,2014-07-08,8.33,3150,133.606
2612870,2014-12-16,7.01,2834,178.888
2612870,2014-11-20,10.59,4464,178.322
2612870,2014-10-31,6.88,2828,179.04
2612870,2014-10-28,6.62,2765,179.428
2612870,2014-10-08,5.56,2402,165.702
2612870,2014-10-03,6.62,2860,168.116
2612870,2014-09-28,8.38,3715,175.962
2612870,2014-09-01,8.66,3541,179.15
2612870,2014-08-28,6.86,2837,178.324
2612870,2014-08-12,9.21,3948,167.968
2612870,2014-08-07,7.33,3290,166.91
2612870,2014-08-05,8.15,3528,171.848
2612870,2014-08-01,8.57,3715,175.82
2612870,2014-07-30,7.08,3131,172.278
2612870,2014-07-25,7.7,3339,176.408
2612870,2014-07-19,6.41,2898,170.574
2612870,2014-07-02,7.01,3022,175.616
2612870,2014-06-23,7.14,3249,166.46
2612870,2014-06-19,6.69,2903,164.952
2612870,2014-06-16,8.12,3566,171.304
2612870,2014-05-31,5.3,2296,170.166
2612870,2014-05-21,7.79,3388,169.216
2612870,2014-05-18,7.15,3032,178.112
2612870,2014-05-12,6.92,2884,181.214
2612870,2014-04-29,5.93,2592,165.878
2612870,2014-04-24,5.84,2482,171.148
2612870,2014-04-22,6.58,2786,167.34
2612870,2014-04-18,5.83,2576,163.384
2612870,2014-01-14,6.32,2765,171.288
2612870,2014-01-02,5.9,2643,166.644
2612870,2013-12-31,8.99,4142,176.028
2612870,2013-12-24,10.46,4543,164.226
2612870,2013-12-17,9.23,4158,166.992
2612870,2013-12-12,6.77,2946,161.294
2612870,2013-12-04,8.48,3595,175.674
2612870,2013-12-02,10.36,4194,179.736
2612870,2013-11-27,11.21,4630,182.08
2612870,2013-11-18,8.14,3612,171.792
2612870,2013-11-13,9.91,4155,177.902
2612870,2013-11-11,7.77,3324,174.186
2612870,2013-11-07,6.14,2705,164.4
2612870,2013-10-29,6.55,3131,161.938
2612870,2013-10-16,7.67,3601,153.426
2612870,2013-10-09,10.35,4329,167.594
2612870,2013-10-03,6.41,3001,155.842
2612870,2013-09-30,6.37,2892,172.658
2612870,2013-09-25,8.66,3663,179.424
2612870,2013-08-27,10.01,4290,173.652
2612870,2013-06-02,8.27,3259,191.22
2612870,2013-05-28,8.0,3612,177.488
2612870,2013-04-14,10.22,3941,186.572
2612870,2013-03-20,10.07,4034,185.114
2612870,2013-03-12,8.05,3319,183.482
2612870,2013-01-10,6.59,2591,186.706
2612870,2013-01-07,6.54,2693,186.494
2612870,2012-12-25,5.81,2392,182.792
2612870,2012-12-06,6.07,2442,171.892
2612870,2012-11-15,7.11,3002,179.08
2612870,2012-11-13,5.98,2484,169.036
2612870,2012-11-10,5.22,2252,178.72
2612870,2012-11-09,5.14,2099,183.132
2612870,2012-11-07,4.03,1653,149.34
2479025,2015-12-27,12.29,2818,158.88
2479025,2015-12-19,6.84,1698,154.212
2479025,2015-12-18,8.5,2248,141.476
2479025,2015-11-07,7.76,1902,157.044
2479025,2015-10-23,15.18,3783,154.022
2479025,2015-10-09,14.18,3531,165.642
2479025,2015-10-02,14.88,4103,136.76
2479025,2015-09-09,10.75,2310,194.098
2479025,2015-08-23,6.31,1636,147.278
2479025,2015-08-01,12.29,3366,164.01
2479025,2015-07-21,8.26,2310,136.458
2479025,2015-07-11,8.16,2359,137.01
2479025,2015-07-03,12.66,3246,142.372
2479025,2015-06-27,8.67,2296,140.026
2479025,2015-06-14,8.6,2222,144.772
2479025,2015-06-04,8.14,1896,152.67
2479025,2015-05-30,10.16,2393,164.906
2479025,2015-05-03,10.18,2402,156.346
2479025,2015-04-25,8.24,2301,137.936
2479025,2015-04-22,14.96,4890,141.632
2479025,2015-04-08,6.83,1461,168.796
2479025,2015-03-27,8.06,1992,152.834
2479025,2015-03-22,5.03,1278,152.548
2479025,2015-03-14,8.09,1999,148.508
2479025,2015-03-07,20.47,5161,146.034
2479025,2015-03-01,17.31,4453,149.084
2479025,2015-02-28,8.12,2016,153.368
2479025,2015-02-23,16.2,4065,151.622
2479025,2015-02-14,8.08,2333,135.7
8974660,2014-02-22,7.91,2698,150.0
10841339,2015-12-27,9.99,2771,162.422
10841339,2015-12-26,10.58,3029,162.224
10841339,2015-11-16,10.08,2853,160.236
10841339,2015-10-27,9.96,2572,155.416
10841339,2015-10-25,10.09,2588,160.844
10841339,2015-10-11,10.17,2594,168.952
10841339,2015-09-16,9.99,2736,162.816
10841339,2015-08-09,6.55,1876,165.484
10841339,2015-07-26,10.26,2661,163.23
10841339,2015-06-14,10.16,2688,159.674
10841339,2015-05-21,6.7,1737,156.59
10841339,2015-05-17,10.09,2556,164.276
10841339,2015-04-05,10.1,2781,156.458
10841339,2015-04-05,10.96,2887,161.112
10841339,2015-03-21,10.1,2296,178.68
10841339,2015-03-10,10.07,2278,173.366
10841339,2015-03-02,17.03,5050,157.464
10841339,2014-12-27,10.15,2796,157.402
10841339,2014-12-13,10.09,2534,168.83
10841339,2014-11-14,10.2,2639,157.51
10841339,2014-11-13,10.16,2573,164.174
10841339,2014-10-04,10.33,2499,170.6
4443471,2015-11-21,11.39,3547,141.66
4443471,2015-11-13,17.85,5620,149.864
4443471,2015-10-13,15.04,4368,142.026
4443471,2015-10-09,12.5,3753,143.48
4443471,2015-10-08,16.59,5195,138.61
4443471,2015-09-22,18.06,5396,144.032
4443471,2015-09-10,17.79,5371,146.398
4443471,2015-09-06,13.13,3773,143.238
4443471,2015-08-17,23.1,7170,140.494
4443471,2015-07-20,17.43,4869,139.55
4443471,2015-07-08,13.09,3820,144.028
4443471,2015-06-17,15.05,4446,138.222
4443471,2015-06-06,21.4,6545,141.66
4443471,2015-05-29,12.74,3911,144.678
4443471,2015-05-02,14.51,4346,143.168
4443471,2015-04-25,16.32,4913,142.668
4443471,2015-04-24,9.99,3127,143.364
4443471,2015-04-16,12.15,3568,141.598
4443471,2015-03-07,17.5,5482,135.412
4443471,2015-01-12,16.02,5085,138.064
4443471,2014-12-31,16.56,5342,135.92
4443471,2014-12-25,8.04,2489,133.28
4443471,2014-12-08,9.98,2675,167.858
4443471,2014-10-16,9.42,2977,134.984
80101,2015-12-25,5.17,1668,154.06
80101,2015-10-29,13.93,4084,160.278
80101,2015-07-25,10.26,2748,163.332
80101,2015-07-23,7.88,2253,172.278
80101,2015-06-18,11.38,3337,164.022
80101,2015-05-14,6.13,1809,158.416
80101,2015-04-02,13.98,4035,160.758
80101,2015-02-13,6.31,2273,159.08
80101,2015-02-07,5.19,1757,160.154
80101,2014-12-27,16.24,4864,151.506
80101,2014-12-17,4.14,1582,140.398
10719156,2015-04-08,10.11,4012,154.788
8170078,2015-11-14,11.37,3434,158.586
8170078,2015-08-29,11.8,3755,158.294
8170078,2015-08-20,42.08,9994,150.748
8170078,2015-08-07,11.55,3397,162.624
8170078,2015-06-13,20.02,6210,168.882
8170078,2015-04-11,12.17,3526,158.62
8170078,2015-04-03,12.15,3651,158.168
8170078,2015-03-31,12.09,3605,155.258
8170078,2015-03-28,12.1,3636,159.098
8170078,2015-03-21,12.2,3530,161.774
8170078,2015-03-14,12.09,3533,161.156
8170078,2015-02-21,11.26,3372,162.792
8170078,2015-02-07,11.29,3375,161.198
8170078,2015-01-24,11.32,3597,160.21
8170078,2015-01-17,11.33,3431,162.856
8170078,2014-12-31,11.28,3393,164.374
8170078,2014-06-14,20.11,6227,167.214
5607830,2015-10-30,7.4,2527,143.084
5607830,2015-07-22,10.18,3018,143.79
5607830,2015-07-16,10.18,3084,147.25
5607830,2015-05-30,7.13,2463,135.318
5607830,2015-05-08,10.19,2815,162.656
5607830,2015-05-06,10.23,3175,145.272
5607830,2015-04-08,10.12,3173,150.33
5607830,2015-02-27,8.13,2659,139.428
5607830,2015-02-22,9.2,3126,152.614
5607830,2015-02-20,10.14,3204,160.174
5607830,2014-09-30,8.03,2326,158.584
5607830,2014-09-19,10.0,3067,159.382
5607830,2014-06-20,7.53,2312,160.402
5727574,2015-12-25,27.48,9677,126.736
3411439,2015-12-16,10.78,3465,130.802
3411439,2015-12-05,21.23,6476,133.12
3411439,2015-12-03,12.49,3825,139.816
3411439,2015-11-28,15.59,4671,132.628
3411439,2015-11-21,19.98,6274,120.34
3411439,2015-11-14,6.59,1889,139.486
3411439,2015-11-01,20.67,5585,150.438
3411439,2015-10-18,11.8,3112,150.918
3411439,2015-10-11,21.03,5448,147.516
3411439,2015-09-19,20.9,6243,135.006
3411439,2015-09-13,21.29,5593,156.66
3411439,2015-08-30,26.82,7616,149.948
3411439,2015-08-22,18.26,5393,140.974
3411439,2015-08-20,11.72,3674,126.534
3411439,2015-08-19,9.81,2548,161.806
3411439,2015-07-01,5.3,1454,148.774
3411439,2015-06-25,4.6,1231,152.938
3411439,2015-06-14,20.91,6172,144.246
3411439,2015-06-07,5.98,1708,147.57
3411439,2015-06-05,3.15,1098,114.392
3411439,2015-05-28,9.6,2556,156.806
3411439,2015-04-24,12.81,4109,129.462
3411439,2015-04-12,4.84,1280,149.488
3411439,2015-03-15,43.03,11640,138.822
3411439,2015-02-14,24.18,6744,138.49
3411439,2015-01-03,17.73,5079,140.132
3411439,2015-01-02,12.54,3550,140.98
3411439,2014-11-30,2.44,997,114.134
3411439,2014-09-23,7.31,2310,120.1
848177,2015-07-29,4.22,1821,150.16
848177,2015-07-19,6.21,2704,160.332
2218816,2015-10-15,5.29,1602,141.122
2218816,2015-09-26,4.16,1482,184.724
2218816,2015-09-26,5.99,1926,163.078
3987593,2015-11-27,8.09,2790,177.042
3987593,2015-11-14,5.64,1954,170.436
3987593,2015-11-13,6.06,2062,181.682
3987593,2015-10-01,6.66,2191,174.574
3987593,2015-08-26,6.1,1932,184.614
3987593,2015-08-11,5.08,1675,169.782
3987593,2015-03-22,5.1,1623,185.524
126898,2015-11-10,5.87,2324,141.034
126898,2015-08-08,7.31,2717,132.276
126898,2015-07-26,10.33,3655,158.282
126898,2015-06-09,7.28,2728,134.214
126898,2015-06-08,8.45,3047,152.144
126898,2015-05-30,8.12,2730,156.156
126898,2015-05-24,6.8,2494,151.61
126898,2015-05-16,6.55,2382,148.974
126898,2015-04-30,7.04,2526,157.35
126898,2015-03-11,17.6,7302,148.728
126898,2015-02-04,6.54,2569,140.022
2119401,2015-11-16,5.71,1978,158.876
2119401,2015-11-15,8.57,2929,165.626
2119401,2015-10-18,6.23,2430,146.558
2119401,2015-10-07,6.14,2133,162.164
2119401,2015-09-06,13.49,5151,149.402
2119401,2015-08-16,21.16,8403,150.024
2119401,2015-07-22,10.31,3764,150.036
2119401,2015-07-09,4.26,1663,147.428
2119401,2015-06-13,8.54,2826,162.232
2119401,2015-06-05,7.09,2595,150.324
2119401,2015-05-19,6.22,2253,150.72
2119401,2015-04-20,5.59,1960,157.642
2119401,2014-11-18,5.92,2095,151.572
2119401,2014-11-11,5.82,1994,159.904
10917968,2015-12-29,13.0,3832,150.814
10917968,2015-12-26,37.16,12141,149.152
10917968,2015-12-24,11.64,3602,143.668
10917968,2015-12-19,10.65,3425,150.382
10917968,2015-12-17,12.01,3843,144.576
10917968,2015-12-16,8.97,3168,133.588
10917968,2015-12-12,21.17,7044,136.982
10917968,2015-12-05,11.32,3662,155.968
10917968,2015-12-01,8.96,3002,149.732
10917968,2015-11-30,9.05,3364,133.784
10917968,2015-11-29,24.04,8108,146.784
10917968,2015-11-28,13.03,4510,139.832
10917968,2015-11-22,33.95,11365,148.428
10917968,2015-11-15,35.85,12126,145.668
10917968,2015-11-10,14.25,4387,158.862
10917968,2015-11-08,15.95,5290,152.316
10917968,2015-11-07,11.15,3606,150.016
10917968,2015-11-06,9.3,3161,149.016
10917968,2015-11-04,9.16,3163,140.062
10917968,2015-10-26,12.16,4017,153.252
10917968,2015-10-24,13.44,4295,157.668
10917968,2015-10-18,23.0,7860,165.338
10917968,2015-10-17,13.31,4626,163.506
10917968,2015-10-02,10.36,3637,145.548
10917968,2015-08-31,12.4,4308,136.976
10917968,2015-08-28,11.94,3600,157.398
10917968,2015-08-25,10.8,3600,173.076
10917968,2015-08-23,26.24,8702,147.858
10917968,2014-06-14,14.98,4655,154.276
80118,2015-09-24,7.25,2735,108.29
80118,2015-04-19,22.7,8790,137.804
80118,2014-07-12,4.25,1823,99.984
80118,2014-05-31,6.29,3640,106.874
80118,2014-05-27,6.39,3590,103.028
80118,2014-05-17,6.73,3248,108.104
80118,2014-05-12,6.99,2068,158.474
80118,2014-05-06,7.05,2196,158.88
80118,2014-04-24,7.13,2258,153.508
80118,2014-03-25,6.12,2041,141.428
80118,2014-03-02,7.22,2659,132.566
80118,2014-02-27,7.0,2367,145.786
80118,2014-02-22,7.0,2524,141.574
80118,2014-02-19,7.05,2598,138.45
80118,2014-01-22,7.06,2571,135.08
80118,2014-01-21,8.14,2663,144.93
80118,2014-01-19,9.87,3156,155.98
80118,2014-01-18,9.96,3142,148.596
80118,2014-01-12,9.62,3069,152.986
80118,2014-01-05,16.46,6135,132.718
80118,2014-01-04,4.64,2133,115.612
80118,2014-01-02,13.24,4704,142.868
80118,2013-12-28,7.08,2258,141.454
80118,2013-12-25,5.27,2017,124.152
80118,2013-12-14,10.05,3722,127.886
80118,2013-12-13,7.1,2848,119.708
80118,2013-12-12,10.21,3355,140.896
80118,2013-12-10,7.03,2493,135.688
80118,2013-12-04,7.02,2671,121.734
80118,2013-12-01,17.17,6070,138.612
80118,2013-12-01,9.19,3061,139.374
80118,2013-11-28,7.09,3022,126.64
80118,2013-11-27,10.23,3295,139.928
80118,2013-11-21,12.47,4617,132.738
80118,2013-11-20,10.2,3642,129.986
80118,2013-11-19,11.54,4305,128.722
80118,2013-11-15,7.26,2812,120.41
80118,2013-11-10,7.14,3024,122.864
80118,2013-11-09,19.54,6454,147.098
80118,2013-11-09,7.06,2392,134.94
80118,2013-11-06,10.22,3252,146.204
80118,2013-11-05,12.23,4279,138.984
80118,2013-11-03,19.38,6573,146.932
80118,2013-11-02,10.56,4185,121.99
80118,2013-11-01,7.03,3308,107.816
80118,2013-10-31,12.95,4439,138.982
80118,2013-10-29,12.08,4010,139.928
80118,2013-10-18,6.98,2598,124.608
80118,2013-10-17,7.94,2680,135.288
80118,2013-10-08,6.96,2409,130.812
80118,2013-10-07,7.04,2964,121.542
80118,2013-10-04,5.28,2338,107.448
80118,2013-10-03,6.96,2271,143.2
80118,2013-10-01,8.01,2724,132.856
80118,2013-09-30,7.07,2645,125.726
80118,2013-09-26,7.0,2329,137.476
80118,2013-09-25,6.98,2464,136.1
80118,2013-09-18,7.09,2287,140.644
80118,2013-09-14,10.46,3957,127.504
1956196,2015-04-19,24.89,9514,142.746
1956196,2015-04-02,9.59,3590,136.554
1956196,2015-03-08,13.73,4893,139.418
1956196,2015-03-06,14.15,6199,123.06
3472071,2015-07-14,10.37,2994,150.07
3472071,2015-07-09,11.52,3432,151.146
3472071,2015-06-23,11.25,3152,153.974
3472071,2015-06-06,10.42,3165,155.112
3472071,2015-05-19,15.04,4232,165.852
3472071,2015-05-06,11.15,3148,167.358
3472071,2015-04-08,10.84,3153,156.652
3472071,2015-04-01,12.86,3691,156.184
3472071,2015-02-21,15.53,4550,155.934
3472071,2015-02-05,12.02,3991,165.852
3472071,2015-01-28,11.51,3332,161.836
3472071,2015-01-21,11.25,3575,156.114
3472071,2014-12-31,12.78,3718,165.61
3472071,2014-12-23,10.15,2961,174.214
3472071,2014-12-22,10.72,3251,157.316
3472071,2014-10-05,13.15,3080,188.848
3472071,2014-10-03,11.65,3398,161.798
3472071,2014-09-08,11.45,3270,158.94
3472071,2014-09-06,11.2,3420,161.5
3472071,2014-08-31,17.54,5128,173.418
3472071,2014-08-29,15.1,4391,162.482
3472071,2014-08-26,14.32,4098,168.082
3472071,2014-08-20,8.2,2514,159.108
3472071,2014-08-14,9.82,3513,162.812
3472071,2014-08-11,12.04,3441,158.122
3472071,2014-08-09,14.14,4049,181.188
3472071,2014-08-08,3.45,1177,156.654
3472071,2014-08-05,3.53,1253,169.342
3472071,2014-07-24,7.2,2434,166.852
3472071,2014-07-13,6.18,2018,163.974
3472071,2014-07-11,5.48,1712,155.038
3472071,2014-07-10,3.89,1205,171.44
3472071,2014-07-06,15.8,4508,166.282
3472071,2014-07-01,7.15,2062,158.85
3472071,2014-06-30,11.89,3330,164.914
3472071,2014-06-27,6.15,1622,156.178
3472071,2014-06-26,3.54,1074,167.206
3472071,2014-06-23,12.37,3686,153.68
3472071,2014-06-17,2.06,652,152.562
3472071,2014-06-12,6.04,1759,153.246
3472071,2014-05-29,4.7,1115,191.13
3472071,2014-05-20,12.05,3551,172.688
3472071,2014-04-18,17.98,5245,172.784
3472071,2014-04-16,7.08,6788,171.334
3472071,2014-04-15,9.71,3378,174.12
3472071,2014-04-14,12.84,3686,180.15
3472071,2014-04-06,5.42,1297,188.722
3472071,2014-03-30,21.27,5183,195.092
3472071,2014-03-19,13.85,4014,175.322
3472071,2014-02-17,18.08,5213,168.396
4264744,2014-12-12,2.46,797,158.486
4264744,2014-12-11,8.04,2555,150.178
4264744,2014-11-26,10.13,3302,147.76
4264744,2014-11-23,10.43,3349,155.012
283321,2015-10-04,14.65,4935,155.992
283321,2015-09-20,9.97,3568,137.952
283321,2015-09-09,9.75,3864,143.266
283321,2015-09-01,9.12,3516,131.938
283321,2015-07-12,10.03,3408,139.67
283321,2015-05-18,5.5,2241,142.466
283321,2014-09-27,15.42,4866,170.918
8294504,2016-01-01,8.2,3122,141.784
8294504,2015-12-29,8.48,3197,159.34
8294504,2015-12-28,10.11,3865,147.224
8294504,2015-12-27,8.14,3229,142.372
8294504,2015-12-22,7.22,2725,139.064
8294504,2015-12-10,15.16,6110,139.454
8294504,2015-12-09,10.06,3945,146.642
8294504,2015-12-02,7.23,2733,137.044
8294504,2015-12-02,9.2,4048,141.47
8294504,2015-12-01,15.64,6142,140.026
8294504,2015-11-30,10.15,4053,140.264
8294504,2015-11-27,7.08,2844,137.028
8294504,2015-11-22,7.05,2742,136.432
8294504,2015-11-10,10.76,4363,139.926
8294504,2015-11-08,17.04,6667,137.748
8294504,2015-11-02,7.16,2820,132.04
8294504,2015-09-12,7.7,2980,136.982
8294504,2015-08-28,7.7,2960,135.95
8294504,2015-08-27,6.1,2427,139.334
8294504,2015-08-07,7.67,3094,140.53
8294504,2015-07-08,29.78,12182,144.404
8294504,2015-07-01,10.13,3921,141.13
8294504,2015-06-26,9.62,3678,138.984
8294504,2015-06-15,15.51,6351,147.894
8294504,2015-06-12,11.38,3601,176.956
8294504,2015-06-04,8.04,3067,141.49
8294504,2015-05-21,15.65,6399,151.952
8294504,2015-05-10,10.09,3750,137.292
8294504,2015-04-30,9.31,3444,139.134
8294504,2015-04-30,9.19,3327,137.172
8294504,2015-04-26,20.95,6643,176.664
8294504,2015-04-21,11.04,4189,142.664
8294504,2015-04-20,11.98,4740,143.182
8294504,2015-04-17,7.97,3172,139.856
8294504,2015-04-17,10.98,3601,163.264
8294504,2015-04-15,7.42,2987,138.734
8294504,2015-04-06,21.34,8299,160.2
8294504,2015-03-30,9.07,3161,154.38
8294504,2015-03-29,10.68,4109,141.962
8294504,2015-03-23,12.0,4208,151.036
8294504,2015-03-18,10.19,4296,142.402
8294504,2015-03-14,10.07,3837,141.496
8294504,2015-03-06,9.03,3266,140.926
8294504,2015-02-24,9.98,3770,141.786
8294504,2015-02-20,10.33,3783,140.358
8294504,2015-02-16,8.02,3071,141.046
8294504,2015-02-12,8.03,3043,139.33
8294504,2015-02-02,19.98,7578,140.05
1638160,2015-12-06,18.15,5833,163.156
1638160,2015-11-15,17.29,6527,153.302
1638160,2015-10-10,15.03,5291,154.152
1638160,2015-10-06,11.04,3828,154.964
1638160,2015-10-04,10.43,3782,156.82
1638160,2015-06-08,14.45,5113,164.39
1638160,2015-06-01,14.54,5197,160.962
1638160,2015-02-16,13.49,4761,153.95
1638160,2015-02-09,14.93,5175,150.59
1638160,2015-02-02,13.99,5018,153.614
1638160,2015-01-26,11.98,4434,157.39
1638160,2014-12-07,17.96,5913,170.84
1638160,2014-11-24,11.91,4181,168.212
1638160,2014-10-06,17.25,6064,148.94
1638160,2014-09-29,17.48,6060,152.626
1638160,2014-06-20,10.96,3603,147.13
1638160,2014-05-19,15.04,5035,160.186
8353647,2015-12-31,5.01,1739,157.062
8353647,2015-12-19,12.39,4272,155.332
8353647,2015-12-17,5.99,2039,156.532
8353647,2015-12-10,11.37,3814,155.45
8353647,2015-12-07,8.22,2906,156.938
8353647,2015-12-06,8.57,2987,156.398
8353647,2015-12-04,7.69,2511,160.832
8353647,2015-11-17,6.97,2319,153.54
8353647,2015-10-22,6.15,2163,145.65
8353647,2015-10-14,5.27,1745,159.62
8353647,2015-10-11,12.19,4105,164.762
8353647,2015-10-10,5.44,1847,157.756
8353647,2015-10-08,6.01,2065,157.07
8353647,2015-10-06,4.98,1749,151.306
8353647,2015-10-02,5.96,2082,174.122
8353647,2015-09-09,5.21,1844,152.148
8353647,2015-08-27,7.95,2781,156.852
8353647,2015-08-24,6.01,2142,158.768
8353647,2015-08-22,11.96,4209,158.296
8353647,2015-08-16,6.19,2424,144.248
8353647,2015-08-06,3.43,1796,118.868
8353647,2015-07-21,3.0,1231,149.6
8353647,2015-07-19,10.0,3378,167.808
8353647,2015-07-11,5.95,2346,137.266
8353647,2015-06-07,10.36,3595,173.086
8353647,2015-05-31,13.32,4711,158.412
8353647,2015-05-24,9.96,3425,167.206
8353647,2015-05-11,8.07,2682,167.766
8353647,2015-05-08,7.01,2357,166.534
8353647,2015-05-03,10.0,3580,172.672
8353647,2015-04-28,5.04,1851,160.656
8353647,2015-04-12,6.37,2204,162.626
8353647,2015-04-11,6.98,2472,166.71
8353647,2015-03-14,7.25,2383,168.002
8353647,2015-03-07,6.0,2019,161.66
8353647,2015-02-08,9.99,3493,163.494
8353647,2015-01-24,7.13,2580,154.362
8353647,2014-12-22,5.65,2545,138.216
8353647,2014-12-17,5.3,2048,153.198
8353647,2014-11-30,7.9,3468,158.98
432096,2015-11-08,21.15,6562,169.588
432096,2015-10-31,13.63,5345,151.192
432096,2015-10-16,14.64,2710,112.764
432096,2015-08-29,21.27,6735,165.312
432096,2015-08-21,14.52,2621,122.858
432096,2015-05-21,12.1,4486,145.516
432096,2015-04-26,45.75,14271,156.044
432096,2015-04-23,8.84,3204,140.79
432096,2015-04-14,10.75,4201,148.492
432096,2015-04-06,20.51,7623,139.006
432096,2015-04-06,9.82,3458,138.542
432096,2015-03-26,23.24,8844,143.862
432096,2015-03-24,9.53,3364,144.796
432096,2015-02-26,22.29,8457,146.872
432096,2015-02-10,16.2,5925,144.106
432096,2015-02-05,12.75,4519,146.496
432096,2015-01-30,16.26,5928,146.294
432096,2015-01-29,7.01,2739,148.0
432096,2015-01-22,18.17,6963,152.832
432096,2014-11-13,8.54,2889,143.282
432096,2014-11-08,8.27,2958,147.626
432096,2014-11-06,10.3,3895,150.598
432096,2014-11-01,21.58,6878,173.162
432096,2014-10-09,13.02,4751,143.96
432096,2014-10-02,8.17,2711,149.772
432096,2014-09-25,7.98,3136,137.61
432096,2014-09-18,18.97,7652,142.858
432096,2014-09-02,10.4,3893,138.878
432096,2014-08-30,21.32,6490,166.472
432096,2014-08-28,10.76,4104,138.2
432096,2014-08-23,13.0,4595,145.088
432096,2014-08-21,11.79,4325,141.742
432096,2014-08-09,19.59,7114,153.354
432096,2014-07-31,8.64,3389,137.466
432096,2014-07-01,7.12,2714,137.582
432096,2014-06-24,7.59,2797,151.672
432096,2014-06-12,10.7,3935,139.536
432096,2014-05-25,42.79,14282,160.674
432096,2014-05-20,9.75,3646,136.986
432096,2014-05-13,10.01,4117,131.314
432096,2014-05-10,15.99,6477,135.122
432096,2014-05-05,7.11,2716,139.64
432096,2014-05-01,16.49,6228,141.774
432096,2014-04-29,10.11,3860,141.85
432096,2014-03-28,20.63,8102,137.41
432096,2014-03-25,10.15,3600,145.576
432096,2014-03-20,11.67,4187,147.696
432096,2014-03-13,18.23,6746,142.946
432096,2014-02-27,12.83,4505,148.852
432096,2014-02-20,9.06,3573,144.354
432096,2014-02-13,11.8,4193,151.466
432096,2014-01-23,18.42,6704,152.522
432096,2014-01-16,10.45,3762,151.41
432096,2014-01-05,7.31,2706,146.05
432096,2014-01-01,7.11,2753,145.674
432096,2013-12-12,7.58,2713,143.746
432096,2013-12-05,7.13,2853,133.666
432096,2013-12-01,16.84,5929,154.308
432096,2013-11-26,7.08,2831,141.04
432096,2013-11-21,7.15,2895,138.864
432096,2013-11-04,43.22,15245,155.04
432096,2013-10-30,8.54,3232,134.064
432096,2013-10-20,11.16,3354,175.352
432096,2013-10-08,10.43,3991,152.738
432096,2013-09-27,24.53,9433,120.362
432096,2013-09-26,7.57,2670,148.526
432096,2013-09-05,9.94,3777,135.67
432096,2013-08-31,21.17,6828,164.476
432096,2013-08-15,17.08,6301,144.008
432096,2013-08-08,10.5,4007,111.762
432096,2013-08-04,16.3,6119,145.606
432096,2013-07-29,16.22,6233,140.276
432096,2013-07-07,14.14,5157,146.68
432096,2013-07-04,9.93,3660,137.81
432096,2013-03-22,30.49,12501,140.612
432096,2013-03-07,31.0,11674,146.412
432096,2013-02-14,9.79,3775,151.586
432096,2013-02-07,11.77,4451,143.952
432096,2013-01-22,7.22,3654,149.14
432096,2013-01-17,9.51,3514,148.964
432096,2013-01-15,10.48,3735,160.0
432096,2013-01-10,10.77,3981,146.184
432096,2013-01-08,16.71,7049,140.662
432096,2013-01-05,16.37,6363,153.01
432096,2013-01-03,10.41,3843,152.442
432096,2013-01-01,8.51,3144,155.422
432096,2012-11-15,10.21,3814,137.394
432096,2012-11-05,10.36,3487,156.726
432096,2012-10-25,16.66,5796,144.54
432096,2012-10-21,21.52,7395,145.878
432096,2012-10-20,16.31,5954,137.716
432096,2012-10-18,8.78,3318,135.216
432096,2012-10-04,18.72,6777,141.02
432096,2012-09-27,10.37,3734,136.788
432096,2012-09-22,21.02,6723,162.158
432096,2012-09-13,21.68,7813,142.9
432096,2012-09-07,16.45,5874,145.558
432096,2012-09-01,21.18,6778,156.218
432096,2012-08-30,7.19,2694,144.366
432096,2012-08-26,13.13,4119,154.982
432096,2012-08-23,19.71,8561,139.916
432096,2012-08-18,10.36,3604,145.128
432096,2012-08-11,10.78,3500,152.88
432096,2012-08-09,22.42,7988,143.65
432096,2012-08-07,7.21,2675,143.52
432096,2012-08-02,13.92,5017,139.93
432096,2012-07-21,13.37,4444,146.206
432096,2012-07-12,11.54,4225,135.86
432096,2012-07-08,12.56,4092,149.24
432096,2012-07-05,16.71,5881,141.782
432096,2012-06-30,15.03,2632,112.704
432096,2012-06-29,15.21,2775,119.588
432096,2012-06-28,12.67,4591,139.646
432096,2012-06-21,9.72,3516,148.606
432096,2012-06-05,10.66,4100,148.292
432096,2012-05-31,10.36,3716,138.616
432096,2012-05-06,16.1,5784,148.326
432096,2012-04-26,8.18,2611,154.84
432096,2012-04-18,14.95,2561,122.97
432096,2012-04-12,9.4,3539,141.478
432096,2012-03-29,8.37,3036,144.236
432096,2012-03-28,15.21,2871,123.15
432096,2012-03-15,9.11,3305,148.814
432096,2012-03-06,11.59,4521,149.408
432096,2012-02-21,9.04,3578,147.712
432096,2012-02-16,12.3,4546,144.27
432096,2012-02-02,8.65,3229,147.462
432096,2012-01-31,7.97,2977,143.082
432096,2012-01-19,13.11,4915,142.61
244128,2015-12-06,10.06,3184,149.348
244128,2015-11-09,41.97,13701,157.474
10344170,2014-11-13,9.23,2863,155.278
10344170,2014-07-18,10.18,3504,142.144
10344170,2014-07-15,16.39,5198,154.954
10344170,2014-06-29,22.09,6762,153.306
10344170,2014-06-24,21.17,7655,135.648
10344170,2014-06-19,11.88,3937,142.586
10344170,2014-06-12,12.06,4748,135.01
10344170,2014-06-07,15.38,5724,138.452
10344170,2014-06-05,12.85,3945,151.248
10344170,2014-06-04,11.75,3594,152.34
10344170,2014-05-28,12.61,3831,156.844
10344170,2014-05-24,20.26,7021,144.94
10344170,2014-05-21,13.07,3881,160.534
10344170,2014-05-15,11.6,3393,154.364
10344170,2014-05-09,20.54,6280,152.62
10344170,2014-04-28,22.64,6918,152.306
10344170,2014-04-22,17.0,5318,151.438
10344170,2014-04-20,23.16,7322,152.018
10344170,2014-04-11,12.84,3815,152.146
10344170,2014-04-06,21.39,6123,165.956
10344170,2014-03-30,21.7,6092,170.556
10344170,2014-03-23,10.48,3489,153.786
10344170,2014-03-20,15.51,5337,147.602
10344170,2014-03-14,18.87,5621,152.57
10344170,2014-02-28,23.65,7917,149.344
10344170,2014-02-26,10.82,3382,147.406
10344170,2014-02-23,20.45,6251,156.184
10344170,2014-02-21,9.45,2947,146.552
10344170,2014-02-16,18.31,6453,142.604
10344170,2014-02-10,19.34,5864,158.184
10344170,2014-02-01,13.75,4202,158.916
10344170,2014-01-30,17.93,6341,143.482
10344170,2014-01-26,14.45,4802,155.552
10344170,2014-01-19,15.41,4620,162.592
10344170,2014-01-08,11.24,3627,146.504
10344170,2014-01-05,12.12,3611,159.378
10344170,2013-12-26,11.76,4020,144.052
10344170,2013-12-01,15.11,4352,166.704
10344170,2013-11-28,15.53,5565,139.008
10344170,2013-11-26,11.61,3321,157.032
10344170,2013-10-27,12.67,4333,143.628
10344170,2013-10-11,11.18,3563,141.882
10344170,2013-10-09,11.71,3535,149.95
10344170,2013-10-03,11.47,3358,158.612
10344170,2013-10-02,10.97,3245,155.314
10344170,2013-09-26,17.24,5732,143.728
10344170,2013-09-15,21.6,5996,165.818
10344170,2013-09-13,11.68,3732,143.906
10344170,2013-08-31,13.19,4033,154.99
10344170,2013-08-30,12.44,3749,155.502
10344170,2013-08-22,10.03,3081,150.59
10344170,2013-08-17,20.94,6449,157.256
10344170,2013-08-02,12.34,3867,143.162
10344170,2013-07-31,11.33,3637,150.69
10344170,2013-07-27,20.24,7572,139.932
10344170,2013-07-19,12.07,3720,152.744
10344170,2013-07-14,17.79,5641,153.588
10344170,2013-07-04,10.27,2865,170.208
10344170,2013-06-09,10.05,2975,151.242
10344170,2013-06-07,11.19,3403,158.422
10344170,2013-06-02,10.14,3675,153.266
10344170,2013-05-29,8.98,3036,140.894
10344170,2013-05-19,42.97,13466,155.002
10344170,2013-04-14,24.07,7244,159.332
10344170,2013-03-30,18.36,5449,155.228
10344170,2013-03-17,24.0,7455,157.426
10344170,2013-03-10,25.89,8102,151.44
10344170,2013-02-24,21.14,6327,159.508
10344170,2013-01-20,17.25,5142,159.73
10344170,2013-01-06,15.3,4467,157.596
10344170,2013-01-05,8.29,3119,140.49
10344170,2012-12-30,14.89,4436,160.856
10344170,2012-12-27,14.07,4158,161.964
10344170,2012-12-02,15.42,4619,167.828
10344170,2012-11-05,10.15,3010,168.904
10344170,2012-10-07,8.02,2524,159.112
10344170,2012-09-09,21.64,6219,163.232
10344170,2012-08-30,10.53,2999,165.412
10344170,2012-08-11,11.53,3425,159.194
10344170,2012-05-14,11.57,3900,150.18
2717503,2015-03-15,24.8,9617,177.606
2717503,2015-02-08,15.06,5368,176.734
7178673,2015-12-28,11.1,2939,170.156
7178673,2015-12-25,17.61,4785,170.856
7178673,2015-11-06,9.18,2535,168.244
7178673,2015-11-05,9.54,2701,167.466
7178673,2015-10-19,12.52,3440,169.836
7178673,2015-10-04,43.19,12446,170.494
7178673,2015-07-15,9.35,2585,171.818
7178673,2015-07-13,12.54,3438,170.084
7178673,2015-07-10,10.5,3119,163.812
7178673,2015-07-09,12.87,3511,169.53
7178673,2015-07-04,21.41,5922,169.556
7178673,2015-06-26,14.63,3895,167.72
7178673,2015-06-14,9.19,2359,181.994
7178673,2015-06-11,12.23,3486,169.024
7178673,2015-05-29,13.74,4086,164.912
7178673,2015-05-25,10.16,2729,171.834
7178673,2015-05-09,10.26,2793,163.328
7178673,2015-05-01,10.46,3058,175.45
7178673,2015-04-28,9.34,2578,176.87
7178673,2015-04-04,10.55,3061,161.498
7178673,2015-03-26,7.29,2186,173.804
7178673,2015-02-03,6.68,2277,176.794
7178673,2015-01-24,6.73,2411,182.21
7178673,2015-01-10,6.92,2386,169.0
7178673,2015-01-06,6.73,2317,167.624
14176671,2014-08-23,6.55,2276,164.746
846598,2015-06-14,20.43,5544,125.552
846598,2011-09-06,31.02,4491,116.59
4176041,2014-04-18,9.88,2977,161.124
4176041,2014-03-30,9.2,3032,150.528
4176041,2014-03-28,7.8,2512,143.552
4176041,2013-10-20,10.0,2642,179.354
4176041,2013-06-03,10.14,2604,178.838
4176041,2013-05-20,10.2,2706,173.28
4176041,2013-04-06,10.18,2880,174.898
8994138,2015-12-27,14.55,4106,127.072
8994138,2015-12-24,14.3,3824,135.142
804189,2015-07-22,6.02,2923,155.51
804189,2015-06-12,5.12,2154,156.942
804189,2015-05-22,6.11,2468,163.314
804189,2015-01-12,7.1,2875,181.836
3041144,2015-12-23,9.05,3320,129.88
10028940,2015-07-09,11.4,4323,133.51
10028940,2015-06-29,8.29,4027,110.316
10028940,2015-04-12,13.68,4775,145.44
10028940,2015-04-11,11.76,4014,147.654
10028940,2015-04-09,11.5,4766,142.948
10028940,2015-03-19,7.51,2455,148.576
10028940,2015-03-17,10.17,3087,151.054
10028940,2015-02-10,12.35,4384,144.856
10028940,2015-01-31,27.82,10824,131.12
10028940,2015-01-29,11.61,4197,146.198
10028940,2015-01-23,15.0,6607,129.9
10028940,2015-01-22,9.88,4170,141.17
10028940,2015-01-16,14.13,6563,132.374
10028940,2015-01-10,12.27,5386,138.41
10028940,2015-01-08,11.73,4472,143.066
10028940,2015-01-01,9.75,4244,155.774
10028940,2014-12-27,5.1,1537,162.82
10028940,2014-12-14,4.39,1401,161.244
10028940,2014-11-21,9.51,5059,122.604
10028940,2014-11-16,4.52,1710,146.654
10028940,2014-11-15,6.61,3032,127.728
10028940,2014-10-26,5.97,2190,142.902
7965241,2013-09-27,6.55,3367,158.982
6572322,2012-05-06,21.51,6417,169.182
6572322,2012-04-21,11.29,3524,154.834
6572322,2012-03-24,21.41,6149,166.832
6572322,2012-03-11,12.74,3751,161.876
6572322,2012-03-03,14.81,4310,159.402
6572322,2012-02-27,14.8,4384,158.284
6572322,2012-02-24,11.99,3577,158.456
6572322,2012-02-18,14.85,4509,166.064
6572322,2011-12-18,14.9,4812,162.85
6572322,2011-12-04,14.81,4838,160.496
12747276,2015-09-25,7.35,2569,156.502
12747276,2015-09-16,6.69,2392,133.332
12747276,2015-03-10,7.07,2388,144.542
12747276,2015-03-07,6.85,2416,144.57
12747276,2015-03-04,6.89,2383,142.588
12747276,2015-02-22,9.52,2996,152.462
12747276,2015-02-21,7.12,2462,145.138
12747276,2015-02-19,9.74,2879,162.704
12747276,2015-02-16,15.59,5398,147.68
12747276,2015-02-15,9.64,3000,156.538
12747276,2015-02-10,14.0,4974,151.136
12747276,2015-02-04,8.8,3019,157.014
12747276,2014-12-02,10.55,3631,140.846
12747276,2014-11-27,10.2,2958,173.446
12747276,2014-11-18,10.45,3623,138.742
12747276,2014-11-12,10.62,3621,161.12
12747276,2014-11-05,8.66,3034,148.214
12747276,2014-11-03,15.41,5441,154.062
12747276,2014-11-02,7.94,2400,174.722
12747276,2014-10-31,10.84,3814,143.116
12747276,2014-10-29,8.71,3015,139.38
12747276,2014-10-22,6.95,2401,148.58
12747276,2014-10-20,10.47,3616,147.132
12747276,2014-10-15,10.32,3621,147.426
12747276,2014-10-12,18.98,6656,155.278
12747276,2014-10-12,9.72,2999,168.862
12747276,2014-10-11,6.89,2387,145.378
12747276,2014-10-09,9.69,2999,169.868
12747276,2014-10-07,7.07,2450,151.952
12747276,2014-10-05,15.17,5400,145.174
12747276,2014-10-04,9.52,3006,163.23
12747276,2014-10-04,6.92,2447,148.194
12747276,2014-09-27,8.8,3070,153.934
12747276,2014-09-24,5.74,1798,173.03
12747276,2014-09-23,8.36,3021,147.714
12747276,2014-09-10,8.58,2979,144.874
12747276,2014-09-08,14.8,5144,154.69
12747276,2014-09-02,15.52,5397,148.982
12747276,2014-08-29,10.52,3620,154.062
12747276,2014-08-24,21.28,6449,175.982
12747276,2014-08-19,8.78,3027,151.086
12747276,2014-08-18,13.28,4530,145.5
12747276,2014-08-14,10.34,3582,143.278
12747276,2014-08-10,20.63,7251,153.788
12747276,2014-08-07,10.61,3601,147.502
12747276,2014-07-28,16.19,5534,167.922
12747276,2014-07-25,10.64,3608,155.91
12747276,2014-07-24,10.53,3613,137.44
12747276,2014-07-17,10.73,3604,149.108
12747276,2014-07-13,16.06,5487,153.498
12747276,2014-07-07,15.0,5078,163.522
12747276,2014-07-03,10.63,3593,154.856
12747276,2014-07-01,8.9,2990,153.862
12747276,2014-06-28,7.3,2586,153.284
12747276,2014-04-23,10.25,3581,153.872
12747276,2014-04-19,12.71,4385,157.942
12747276,2014-04-17,10.36,3583,150.632
12747276,2014-04-14,11.9,4207,152.568
12747276,2014-04-11,10.14,3522,154.314
12747276,2014-04-07,13.47,4695,158.512
12747276,2014-04-03,10.97,3749,165.66
12747276,2014-03-29,9.37,3454,155.262
12747276,2014-03-27,8.5,3010,149.044
12747276,2014-03-21,6.83,2411,153.772
12747276,2014-03-19,8.3,2993,147.642
12747276,2014-03-17,13.39,4785,152.728
12747276,2014-03-16,8.47,2977,154.442
12747276,2014-03-14,10.09,3601,154.192
12747276,2014-03-12,8.5,3036,159.638
12747276,2014-03-10,10.62,3679,163.638
12747276,2014-01-09,8.75,3004,155.89
12747276,2014-01-07,10.7,3601,149.072
12747276,2014-01-03,8.87,2997,162.76
12747276,2013-12-25,10.74,3625,153.232
12747276,2013-12-23,14.38,4830,150.51
12175120,2015-12-30,17.25,5528,140.106
12175120,2015-12-28,18.2,5625,146.878
12175120,2015-12-26,16.28,4819,148.476
12175120,2015-12-24,16.27,4948,153.092
12175120,2015-12-20,16.24,4908,150.058
12175120,2015-12-19,16.42,4923,153.288
12175120,2015-12-13,16.21,4930,150.678
12175120,2015-12-03,11.77,3639,149.77
12175120,2015-12-01,16.13,4726,156.482
12175120,2015-11-29,16.2,4911,151.342
12175120,2015-11-26,15.49,4707,149.78
12175120,2015-11-18,15.75,4788,148.556
12175120,2015-11-16,15.6,4709,151.342
12175120,2015-11-07,15.78,4910,151.216
12175120,2015-11-05,15.78,4883,148.482
12175120,2015-11-02,15.67,4694,154.526
12175120,2015-10-29,17.81,5370,159.376
12175120,2015-10-21,16.21,4776,152.908
12175120,2015-10-14,17.18,5092,149.756
12175120,2015-10-09,11.1,3326,148.01
12175120,2015-10-05,24.51,7074,168.318
12175120,2015-09-27,12.26,3729,149.396
12175120,2015-09-24,12.8,3706,149.078
12175120,2015-09-18,11.26,3541,145.82
12175120,2015-09-16,11.96,3681,144.68
12175120,2015-09-11,7.56,2302,146.288
12175120,2015-09-10,13.07,4003,152.65
12175120,2015-09-03,11.07,3401,147.474
12175120,2015-09-02,11.38,3500,143.474
12175120,2015-08-29,11.65,3720,155.054
12175120,2015-08-28,11.41,3584,154.632
12175120,2015-08-26,7.56,2388,145.63
1055977,2015-12-15,7.42,2784,150.148
1055977,2015-12-10,10.02,3474,142.688
1055977,2015-11-28,10.09,3988,146.664
1055977,2015-11-24,10.04,4185,147.168
1055977,2015-10-05,12.46,4957,141.178
1055977,2015-09-28,7.26,2804,140.066
1055977,2015-08-30,8.73,3576,150.224
1055977,2015-06-20,9.47,4077,147.186
1055977,2015-05-14,8.8,3536,144.74
1055977,2015-05-12,7.15,2925,138.918
1055977,2015-05-07,8.22,2781,166.454
1055977,2015-04-28,9.05,3357,156.796
1055977,2015-04-26,7.35,2800,148.372
1055977,2015-04-23,8.39,2780,167.93
1055977,2014-09-28,7.32,2460,150.524
1048979,2012-08-09,13.83,2251,145.602
1048979,2012-08-07,32.81,4299,156.342
1048979,2012-07-24,41.66,5560,154.238
114073,2015-08-05,20.26,5428,167.032
114073,2015-08-01,7.62,1913,156.586
114073,2015-07-30,7.63,1909,164.978
114073,2015-07-28,7.63,1871,160.962
114073,2015-07-26,7.64,1868,163.172
114073,2015-07-24,7.67,1902,162.958
114073,2015-06-22,14.35,3740,162.034
114073,2015-06-10,12.27,3113,162.344
114073,2015-06-07,12.33,3342,162.17
114073,2015-05-19,12.34,3088,168.08
114073,2015-05-07,10.04,2348,177.752
114073,2015-02-04,8.85,2163,164.206
114073,2015-01-25,8.47,2152,170.964
114073,2015-01-20,9.16,2241,162.348
114073,2015-01-07,10.22,2583,166.864
114073,2015-01-01,15.5,4089,165.104
114073,2014-12-10,10.17,2645,168.29
6721368,2015-12-04,11.04,4023,149.438
6721368,2015-10-13,10.57,3699,153.852
6721368,2015-09-25,10.06,3393,151.686
6721368,2015-08-19,10.53,4363,138.242
6721368,2015-08-18,10.25,3835,143.664
6721368,2015-08-15,10.86,3915,149.642
6721368,2015-08-04,9.15,3251,154.192
6721368,2015-07-03,11.96,4593,144.574
6721368,2015-06-09,10.6,3686,157.622
6721368,2015-04-06,10.19,3707,151.994
6721368,2014-11-20,8.95,3561,150.582
6721368,2014-11-18,7.49,3400,143.024
6721368,2014-09-10,7.48,3802,147.136
3689976,2015-10-17,12.12,4226,148.12
3689976,2015-10-10,7.26,2531,147.752
3689976,2015-10-03,12.5,4676,146.756
3689976,2015-09-26,11.42,4281,142.058
3689976,2015-09-19,12.35,4565,146.498
3689976,2015-09-12,9.18,3314,142.838
3689976,2015-07-29,11.39,4457,135.286
3689976,2014-11-24,10.12,3459,154.256
3689976,2014-10-19,21.25,7012,174.968
3689976,2014-10-18,4.2,1678,138.648
3689976,2014-10-15,2.01,822,135.534
3689976,2014-10-15,3.01,948,159.402
3689976,2014-10-15,3.0,945,157.642
3689976,2014-10-15,3.0,1085,129.252
3689976,2014-10-13,12.1,4523,134.504
3689976,2014-10-08,2.01,928,134.082
3689976,2014-10-08,2.0,573,173.896
3689976,2014-10-08,2.0,570,173.27
3689976,2014-10-08,3.09,1127,132.752
3689976,2014-10-06,20.17,8018,134.232
3689976,2014-10-01,2.03,962,133.446
3689976,2014-10-01,3.0,1116,130.92
3689976,2014-09-27,3.02,1101,130.314
3689976,2014-09-24,8.04,2504,162.024
3689976,2014-09-22,18.81,7461,136.344
3689976,2014-09-20,2.0,867,133.512
3689976,2014-09-19,11.99,4665,141.676
3689976,2014-09-16,12.02,4800,138.146
3689976,2014-09-15,18.08,7048,144.684
3689976,2014-09-14,1.98,941,142.032
3689976,2014-09-13,6.01,1901,167.972
3689976,2014-08-01,10.01,4091,136.986
3689976,2014-05-20,10.57,3944,139.696
3689976,2014-04-12,10.56,3784,145.19
2315790,2015-08-27,10.18,3177,137.98
2315790,2015-03-29,13.42,4545,149.804
2315790,2015-01-18,14.98,4750,149.15
2315790,2015-01-08,12.14,3965,162.572
2315790,2014-12-19,9.45,2768,160.422
2315790,2014-12-12,9.14,2803,159.886
2315790,2014-10-16,11.71,3404,154.364
2315790,2014-10-11,12.46,3646,159.31
2315790,2014-08-14,13.53,3634,151.15
2315790,2014-07-22,8.33,2494,153.83
2315790,2014-07-04,11.72,3500,145.346
2315790,2014-07-02,13.22,4031,147.746
2315790,2014-07-02,17.37,4335,177.022
2315790,2014-06-28,14.29,3982,150.62
2315790,2014-06-24,16.25,4751,159.424
2315790,2014-06-19,14.22,3744,159.616
2315790,2014-05-31,14.26,4240,147.856
2315790,2014-05-05,14.35,3977,162.278
2315790,2014-04-21,12.48,4064,153.814
2315790,2014-04-18,18.41,5551,159.01
2315790,2014-04-17,10.86,3009,162.762
2315790,2014-02-18,10.8,3200,153.364
2315790,2014-02-11,8.47,2568,146.296
2315790,2014-01-26,11.29,3458,156.29
2315790,2014-01-16,11.51,3079,158.154
2315790,2013-12-25,10.28,3056,148.588
2315790,2013-12-24,14.5,4439,145.988
2315790,2013-12-22,17.41,4902,155.532
2315790,2013-11-27,10.21,3145,149.966
11215534,2015-12-15,15.25,4907,148.1
11215534,2015-10-30,21.89,7467,143.956
11215534,2015-09-25,16.03,5557,143.188
11215534,2015-09-09,11.12,3615,143.918
11215534,2015-08-28,36.61,14098,140.324
11215534,2015-08-18,11.78,4150,140.08
11215534,2015-08-15,15.45,5658,142.704
11215534,2015-07-14,12.04,4037,143.83
2934877,2015-12-13,12.95,4760,154.412
2934877,2015-12-08,11.09,4087,157.386
2934877,2015-11-30,11.04,4064,149.532
2934877,2015-11-26,10.96,4161,141.556
2934877,2015-11-24,10.99,3922,154.53
2934877,2015-09-06,7.65,2749,159.876
2934877,2015-08-23,13.17,4898,155.162
2934877,2015-08-03,3.04,1329,128.216
2934877,2015-06-26,5.74,2195,149.808
2934877,2015-06-15,5.43,1819,162.298
2934877,2015-06-06,13.08,4750,156.008
2934877,2015-06-03,6.03,2073,150.816
2934877,2015-05-29,7.89,2659,161.728
2934877,2015-05-13,6.06,1824,158.212
2934877,2015-05-11,5.99,1984,148.564
2934877,2015-05-01,5.61,1729,148.354
2934877,2015-04-28,6.84,2275,159.49
2934877,2015-03-08,8.65,2872,154.676
2934877,2015-02-27,4.6,1740,156.578
2934877,2015-01-02,9.74,3466,140.346
2934877,2014-12-31,5.54,1867,147.634
9622636,2015-01-28,14.95,5834,136.95
9622636,2015-01-21,11.41,4401,141.996
9622636,2015-01-12,9.2,3421,141.432
9622636,2014-11-07,8.81,2927,151.054
9622636,2014-08-08,9.21,2609,173.392
9622636,2014-07-29,8.65,2505,124.332
9622636,2014-05-20,16.26,5514,161.972
9622636,2013-06-03,15.17,4830,169.104
9622636,2013-05-31,8.06,2682,166.228
9622636,2013-05-17,7.15,2376,165.638
9622636,2013-05-15,8.07,2492,170.972
8767606,2014-10-23,22.95,7788,158.376
8767606,2014-10-09,8.72,2659,173.616
8767606,2014-10-09,25.51,9124,160.54
8767606,2014-10-06,15.87,5242,162.282
8767606,2014-09-20,5.94,3428,130.8
8767606,2014-09-20,11.21,3759,161.174
8767606,2014-09-13,12.45,4120,167.58
8767606,2014-03-18,10.17,3142,171.992
8767606,2014-03-10,10.01,3129,168.61
8767606,2014-02-20,13.09,4192,167.312
8767606,2014-02-05,11.08,3533,171.324
8767606,2014-01-24,8.4,2707,168.96
789985,2015-12-13,8.71,3137,132.89
6162923,2014-12-14,10.02,3288,178.682
6162923,2012-10-04,8.43,2918,173.174
6162923,2012-09-30,12.35,4295,171.812
6162923,2012-09-12,8.43,3151,166.976
6162923,2012-09-10,10.37,3836,169.256
6162923,2012-08-18,8.02,3244,161.09
6162923,2012-08-14,7.74,3129,164.514
3916526,2013-10-01,35.7,5506,150.03
2033976,2015-11-08,8.33,3602,153.926
2033976,2015-06-17,8.53,2958,168.586
2033976,2015-06-04,8.22,2858,168.462
1603116,2014-10-02,15.18,4782,157.808
1603116,2014-08-31,13.96,4747,154.486
1603116,2014-06-24,10.18,2893,163.496
1603116,2014-05-31,43.06,14131,161.746
1603116,2014-05-04,21.13,6272,157.688
1603116,2014-05-01,10.95,3244,153.242
1603116,2014-04-27,23.55,7560,160.062
1603116,2014-04-20,13.06,4226,144.29
1603116,2014-04-17,12.8,3604,166.854
1603116,2014-04-14,21.54,6490,164.08
1603116,2014-04-06,19.8,6530,148.212
1603116,2014-04-03,11.51,3423,156.966
1603116,2014-04-01,10.15,3163,155.546
1603116,2014-02-16,10.05,3488,158.304
1603116,2013-09-22,10.14,3190,161.222
1603116,2013-08-24,20.72,6752,157.578
1603116,2013-08-18,17.6,6344,157.508
1603116,2013-07-04,13.98,4633,161.534
1603116,2013-06-23,22.04,7391,157.974
1603116,2013-06-21,15.28,4695,166.034
1603116,2013-06-13,10.22,2988,171.756
3275003,2015-08-31,20.94,5624,170.854
3275003,2015-08-23,12.2,3400,158.586
3275003,2015-08-01,19.96,5581,159.342
3275003,2015-07-17,11.25,3435,143.772
3275003,2015-05-08,15.02,3985,153.998
3275003,2015-05-04,8.62,2212,168.88
3275003,2015-03-21,8.57,2746,126.384
3275003,2015-03-05,21.22,5427,166.368
3275003,2015-02-22,10.92,3361,146.07
3275003,2015-02-10,9.19,2857,128.728
3275003,2015-02-01,21.95,6448,155.062
3275003,2014-12-06,6.54,1838,133.486
3275003,2013-12-01,7.52,1967,162.182
3275003,2013-07-21,14.83,3621,164.052
3275003,2013-06-15,11.48,2884,159.494
3275003,2013-04-13,5.0,1365,159.328
3275003,2013-03-11,21.38,5074,164.496
3275003,2013-02-28,8.51,2304,139.422
3275003,2013-01-31,9.69,2420,178.236
3275003,2013-01-04,10.9,3261,148.76
74718,2014-04-11,10.94,3938,146.258
74718,2014-03-30,21.52,5692,160.326
74718,2014-03-21,8.58,2782,154.198
74718,2014-02-17,10.92,3253,138.362
74718,2014-01-24,13.26,4103,136.986
74718,2014-01-04,8.38,2617,135.95
2568526,2015-12-13,10.05,3452,167.338
2568526,2015-01-07,10.47,3337,154.748
2568526,2015-01-05,10.3,3233,172.54
2568526,2014-12-16,10.16,3291,164.53
2568526,2014-12-12,10.58,3374,162.754
2568526,2014-12-07,10.14,3248,170.654
2568526,2014-12-03,10.46,3659,160.248
2568526,2014-12-02,10.99,3572,173.338
2568526,2014-11-27,10.14,3069,174.708
2568526,2014-11-26,8.1,2445,169.318
2568526,2014-11-25,14.1,4863,152.488
2568526,2014-11-21,10.21,3193,173.38
2568526,2014-11-17,11.11,3832,156.776
2568526,2014-11-08,11.04,4078,151.498
2568526,2014-11-05,10.6,3352,168.118
2568526,2014-10-30,11.19,3843,163.648
2568526,2014-10-25,10.24,3439,163.562
2568526,2014-10-17,10.32,3679,159.738
2568526,2014-10-11,10.29,3438,162.812
2568526,2014-10-01,10.18,3496,173.876
2568526,2014-09-30,10.31,3807,157.378
954504,2015-03-23,8.04,3056,140.41
1356350,2015-07-31,8.34,3012,140.822
1356350,2015-06-29,10.46,3750,173.508
1356350,2015-02-11,17.32,7039,149.082
1356350,2015-02-07,16.65,7171,144.444
1356350,2014-10-11,10.27,3717,159.77
875281,2014-08-03,31.01,9901,150.896
875281,2014-07-19,10.11,3596,134.958
875281,2014-07-06,12.67,3915,157.3
875281,2014-06-24,10.33,3207,142.528
875281,2014-06-21,9.14,3090,142.994
875281,2014-05-26,6.94,3236,119.88
875281,2014-05-14,8.12,2766,137.286
875281,2014-05-03,10.38,3472,139.654
875281,2014-04-26,10.26,2990,156.926
875281,2014-04-11,10.24,2602,175.658
875281,2014-04-06,11.96,3021,187.99
875281,2014-04-01,8.73,3177,132.954
875281,2014-03-23,8.09,2781,135.328
875281,2014-01-31,12.31,4292,135.958
875281,2014-01-14,10.38,3575,139.532
875281,2014-01-13,10.3,3407,142.954
9882712,2015-12-13,10.41,4072,125.408
9882712,2015-11-07,11.85,4311,144.23
9882712,2015-09-26,20.26,7592,121.386
9882712,2015-09-19,32.26,13645,129.782
9882712,2015-09-11,13.55,4761,141.446
9882712,2015-09-06,29.32,12094,121.392
9882712,2015-08-26,9.81,3481,137.58
9882712,2015-08-06,13.7,4811,142.576
9882712,2015-06-10,10.84,3963,140.882
9882712,2015-06-06,15.44,5255,141.164
9882712,2015-05-20,12.96,4281,152.83
9882712,2015-04-26,11.87,3964,151.18
9882712,2015-04-24,13.73,4589,150.694
9882712,2015-04-18,13.76,4597,149.354
9882712,2015-04-10,11.76,4239,152.51
9882712,2015-03-11,12.14,4470,151.276
9882712,2014-11-10,11.37,4371,131.792
9882712,2014-10-02,16.59,6043,131.068
9882712,2014-09-18,14.74,5512,143.872
9882712,2014-06-30,15.03,5962,129.734
9882712,2014-04-10,11.89,4740,145.188
9882712,2014-03-29,10.1,3284,161.474
9882712,2013-11-11,9.09,3407,141.256
9882712,2013-10-14,9.27,3316,140.348
9882712,2013-09-30,9.39,3300,134.552
9882712,2013-09-09,9.23,3766,125.62
9882712,2013-08-19,14.36,6810,135.48
9882712,2013-07-25,10.62,3676,144.844
2461936,2015-10-20,12.24,3259,139.592
2461936,2015-10-17,20.73,5764,133.94
2461936,2015-10-13,16.49,4486,135.986
2461936,2015-10-09,5.69,1223,166.964
2461936,2015-10-05,27.83,8032,134.642
2461936,2015-10-01,6.4,1978,126.96
2461936,2015-10-01,6.99,1847,150.39
2461936,2015-10-01,6.59,1982,127.826
2461936,2015-09-27,15.66,4019,144.39
2461936,2015-09-17,2.48,750,135.32
2461936,2015-09-17,9.98,2382,155.222
2461936,2015-09-17,9.06,2671,127.272
2461936,2015-09-13,3.67,1260,126.274
2461936,2015-09-03,25.58,7104,134.662
2461936,2015-08-25,15.6,4214,134.232
2461936,2015-08-20,16.58,4416,142.666
2461936,2015-08-20,7.5,2253,125.082
2461936,2015-08-15,28.58,7579,148.15
2461936,2015-08-03,15.31,5352,111.814
2461936,2015-08-01,1.7,528,127.0
2461936,2015-07-23,2.78,806,142.3
2461936,2015-07-23,10.19,2409,160.756
2461936,2015-07-23,10.17,3311,124.194
2461936,2015-07-19,20.26,5874,131.886
2461936,2015-07-17,22.11,5765,148.002
2461936,2015-07-16,9.97,2916,128.988
2461936,2015-07-15,11.21,3365,127.8
2461936,2015-07-14,11.79,3491,135.77
2461936,2015-07-14,2.21,922,118.062
2461936,2015-07-14,4.98,1498,134.326
2461936,2015-07-14,5.39,1914,116.392
2461936,2015-07-13,12.39,3984,120.682
2461936,2015-07-11,20.42,5389,142.11
2461936,2015-07-11,13.54,3891,128.322
2461936,2015-07-08,12.06,3997,114.686
2461936,2015-07-07,5.97,2113,110.52
2461936,2015-07-01,20.39,5271,150.43
2461936,2015-06-21,21.03,4903,159.852
2461936,2015-06-19,14.25,4788,112.386
2461936,2015-06-15,16.83,4597,135.532
2461936,2015-06-07,16.19,4665,133.36
2461936,2015-06-06,22.73,6260,141.616
2461936,2015-05-22,15.2,4518,128.794
2461936,2014-10-18,20.59,5597,141.344
2461936,2014-10-17,8.56,2523,126.924
2461936,2014-10-15,10.55,3106,131.338
2461936,2014-10-13,15.5,4049,148.298
2461936,2014-10-12,8.39,2656,124.548
2461936,2014-10-09,17.2,5122,129.096
2461936,2014-10-08,9.32,3144,132.51
2461936,2014-10-08,8.64,2529,127.504
2461936,2014-10-07,12.13,3668,125.642
2461936,2014-10-06,11.14,3386,128.636
2461936,2014-10-05,14.45,3834,144.702
2461936,2014-10-04,12.0,3581,131.908
2461936,2014-10-02,8.24,2562,122.728
2461936,2014-10-01,19.53,5752,133.286
2461936,2014-09-30,10.27,3078,125.158
2461936,2014-09-28,7.59,2247,139.602
2461936,2014-09-26,10.24,3121,119.26
2461936,2014-09-24,21.67,6296,128.65
9232852,2015-12-28,5.67,1908,141.846
9232852,2015-12-24,6.96,2383,145.124
9232852,2015-12-20,12.33,4474,143.942
9232852,2015-12-14,5.69,1904,150.788
9232852,2015-12-04,6.74,2349,147.414
9232852,2015-11-18,5.5,1803,152.244
9232852,2015-10-21,5.99,2059,141.59
9232852,2015-10-16,10.61,3730,137.286
9232852,2015-10-05,11.09,3861,134.528
9232852,2015-10-02,7.52,2506,137.764
9232852,2015-09-27,31.16,9861,153.96
9232852,2015-09-22,3.17,1093,135.834
9232852,2015-09-11,9.2,2797,154.452
9232852,2015-09-05,21.36,6432,164.408
9232852,2015-09-05,3.57,1324,131.694
9232852,2015-09-02,8.99,2686,161.54
9232852,2015-08-18,10.03,3363,139.142
9232852,2015-08-05,4.98,1585,140.732
9232852,2015-07-22,11.37,3716,135.936
9232852,2015-07-14,7.2,2473,137.044
9232852,2015-07-05,9.28,2860,157.996
9232852,2015-07-01,13.12,4033,149.356
9232852,2015-06-30,12.05,3743,141.5
9232852,2015-06-27,13.09,4058,147.418
9232852,2015-06-17,14.0,4558,144.392
9232852,2015-06-15,19.81,5880,161.912
9232852,2015-06-07,16.59,5477,136.944
9232852,2015-05-20,12.76,3410,156.58
9232852,2015-05-19,9.67,2785,146.06
9232852,2015-05-16,8.39,2743,140.572
9232852,2015-05-11,5.1,1251,169.598
9232852,2015-05-05,10.78,3353,141.296
9232852,2015-05-01,5.1,1190,178.636
9232852,2015-05-01,2.2,1038,140.596
9232852,2015-04-30,10.04,3004,146.064
9232852,2015-04-26,19.73,5593,155.04
9232852,2015-04-22,18.65,5149,157.856
9232852,2015-04-21,7.67,2396,152.604
9232852,2015-04-15,18.88,5536,151.736
9232852,2015-04-14,11.04,3426,145.766
9232852,2015-04-11,17.32,5241,153.764
9232852,2015-04-08,18.62,5200,165.446
9232852,2015-03-23,6.07,1785,152.19
9232852,2015-03-21,16.35,5455,145.222
9232852,2015-03-19,13.56,4116,154.918
9232852,2015-03-13,16.7,5371,154.658
9232852,2015-03-04,15.98,5249,143.082
9232852,2015-03-01,8.22,2810,140.284
9232852,2015-02-21,9.5,2831,169.648
9232852,2015-02-18,12.76,4409,142.966
9232852,2015-02-15,16.33,5607,138.144
9232852,2015-02-11,12.36,4211,139.406
9232852,2015-02-07,9.32,2796,123.12
9232852,2015-02-03,10.87,3677,141.476
9232852,2015-01-24,5.07,1722,142.764
9232852,2014-12-15,3.06,1073,140.76
9232852,2014-12-01,11.04,3594,154.7
9232852,2014-11-17,5.08,1538,157.362
9232852,2014-11-14,5.07,1789,148.508
9232852,2014-11-07,5.15,1728,153.69
9232852,2014-10-15,5.11,1587,157.396
9232852,2014-10-07,5.11,1575,152.246
9232852,2014-09-28,3.64,1131,150.976
141794,2015-01-26,18.06,4745,172.074
141794,2014-09-10,16.68,4248,169.9
141794,2014-06-17,11.87,3042,167.006
4264913,2015-12-31,10.28,3116,147.024
4264913,2015-12-20,21.0,6687,148.374
4264913,2015-12-19,27.79,8719,151.662
4264913,2015-12-15,10.18,3160,143.774
4264913,2015-12-10,10.0,3112,138.836
4264913,2015-12-06,22.77,7357,147.086
4264913,2015-11-29,22.37,7422,148.428
4264913,2015-11-22,19.78,6032,149.096
4264913,2015-11-01,22.15,6554,152.29
4264913,2015-05-02,17.58,4918,147.57
4264913,2015-04-22,17.41,4519,160.916
4264913,2015-04-18,21.31,5487,158.378
4264913,2015-04-12,21.48,5831,148.482
4264913,2015-04-11,26.31,7137,156.684
4264913,2015-04-08,13.26,3610,155.806
4264913,2015-04-05,19.63,5477,152.57
4264913,2015-03-29,18.27,5689,148.958
4264913,2015-03-28,21.21,6031,156.982
4264913,2015-03-21,21.76,6292,160.534
4264913,2015-03-08,15.41,4486,150.66
4264913,2015-02-23,14.18,4281,150.768
4264913,2015-02-11,19.52,3785,153.4
4264913,2015-02-06,17.79,5162,156.382
4264913,2015-02-02,16.75,4796,156.752
4264913,2015-01-08,14.8,4237,154.178
4264913,2015-01-02,16.83,5046,150.502
4264913,2014-12-31,17.91,5571,147.304
4264913,2014-12-28,15.24,4477,148.782
4264913,2014-06-21,23.32,6682,151.56
4264913,2014-05-20,15.02,4037,151.146
4264913,2014-04-06,26.4,6984,150.904
4264913,2014-04-05,25.6,6865,150.49
4264913,2014-04-05,12.37,3261,153.144
4264913,2014-02-06,14.64,3865,153.724
4264913,2014-02-05,14.53,3742,154.866
4264913,2013-12-31,15.04,3953,155.03
4264913,2013-10-19,19.96,4936,151.516
4264913,2013-10-13,22.35,5915,150.484
4264913,2013-10-11,12.78,3426,152.694
4264913,2013-10-10,15.19,3846,148.52
4264913,2013-10-09,13.0,3115,156.688
4264913,2013-10-08,10.22,2589,151.17
4264913,2013-10-05,15.46,3916,156.756
4264913,2013-10-04,13.13,3338,147.348
4264913,2013-09-27,13.75,3380,148.666
4264913,2013-09-08,30.85,7703,156.632
4264913,2013-09-03,9.67,2512,145.998
4264913,2013-09-01,31.79,7950,155.588
4264913,2013-08-25,33.34,8934,152.61
4264913,2013-07-25,19.39,5219,142.354
4264913,2013-06-25,12.99,3338,143.54
4264913,2013-06-23,28.55,7462,147.224
4264913,2013-06-22,15.87,4477,151.498
4264913,2013-06-21,17.71,4483,156.89
4264913,2013-06-19,16.93,4316,154.118
4264913,2013-06-18,13.29,3469,145.742
4264913,2013-06-16,23.19,6179,145.536
4264913,2013-06-15,10.85,2944,152.52
4264913,2013-06-13,18.87,4845,149.638
4264913,2013-06-12,12.59,3298,145.842
4264913,2013-06-09,14.74,3425,174.0
4264913,2013-06-07,10.35,2797,152.314
4264913,2013-06-06,13.07,3396,146.36
4264913,2013-06-04,10.46,2732,146.288
4264913,2013-06-02,19.76,4983,150.342
4264913,2013-06-01,12.97,3338,154.036
4264913,2013-05-31,10.01,2816,144.056
4264913,2013-05-31,13.06,3419,144.444
4264913,2013-05-28,16.36,4180,153.896
4264913,2013-05-24,10.92,3072,148.214
4264913,2013-05-22,12.81,3413,154.87
4264913,2013-05-21,9.76,2691,148.148
4264913,2013-05-18,14.46,3779,154.364
4264913,2013-05-17,13.81,3726,148.602
4264913,2013-05-16,17.15,4427,152.346
4264913,2013-05-15,16.88,4469,155.072
4264913,2013-05-14,9.72,2722,151.082
4264913,2013-05-11,17.84,4525,159.988
4264913,2013-05-09,11.92,3253,153.648
4264913,2013-05-09,11.02,3173,143.412
4264913,2013-05-07,9.79,2795,153.782
4264913,2013-05-05,19.29,5367,145.936
4264913,2013-05-04,29.9,8893,150.446
4264913,2013-05-02,21.75,5175,168.672
4264913,2013-05-01,12.81,3408,149.94
4264913,2013-04-28,17.47,4682,147.276
4264913,2013-04-26,18.23,4553,159.554
4264913,2013-04-26,17.41,4537,149.922
4264913,2013-04-25,22.65,5870,158.04
4264913,2013-04-23,18.86,4979,150.214
4264913,2013-04-17,23.92,6298,155.158
4264913,2013-04-14,19.86,5430,150.71
4264913,2013-04-07,12.57,3680,148.414
13149722,2015-11-17,6.15,3188,137.182
13149722,2015-11-17,6.31,2968,138.948
13149722,2015-10-18,10.14,4326,132.95
13149722,2015-10-14,6.92,3314,134.006
13149722,2015-07-04,3.04,1157,150.884
13149722,2015-06-17,1.51,619,147.6
13149722,2015-05-12,6.52,2859,124.988
13149722,2015-04-03,6.76,3342,128.61
13149722,2015-03-20,6.65,3186,138.284
13149722,2015-03-16,1.28,574,137.352
13149722,2015-03-16,1.33,596,136.974
13149722,2015-03-08,1.5,756,137.754
13149722,2015-03-07,2.87,1056,149.774
13149722,2015-02-07,2.93,1084,152.488
13149722,2015-01-30,3.15,1199,150.192
13149722,2015-01-22,6.19,3119,133.94
13149722,2015-01-19,1.94,765,139.91
13149722,2015-01-19,3.06,1157,152.046
13149722,2015-01-13,6.64,3276,139.824
13149722,2015-01-03,2.73,1104,156.778
13149722,2014-12-26,4.63,7534,130.972
13149722,2014-12-22,1.97,834,135.998
13149722,2014-12-22,3.14,1212,150.606
13149722,2014-11-14,6.09,3417,127.34
13149722,2014-06-07,2.67,1135,152.188
13149722,2014-05-03,2.56,1123,151.366
13149722,2014-03-27,1.86,820,131.582
13149722,2014-03-01,2.75,1374,153.378
13149722,2014-02-01,1.29,780,128.884
13149722,2014-01-20,1.33,742,127.926
13149722,2014-01-20,3.46,1438,147.212
13149722,2014-01-04,1.4,604,152.212
2122136,2015-07-11,10.64,3237,144.84
2122136,2015-07-04,10.02,2940,158.268
2122136,2015-07-03,5.82,1694,148.27
2122136,2015-06-23,10.23,2817,149.208
2122136,2015-06-19,10.66,3279,142.288
2122136,2015-06-07,6.73,1929,148.434
2122136,2015-05-31,9.75,2718,156.666
2122136,2015-05-25,18.94,5449,145.106
2122136,2015-04-22,9.3,2785,145.62
2122136,2015-03-15,16.43,4742,152.398
2122136,2015-02-10,10.51,3370,148.358
2122136,2014-11-09,9.97,3088,142.628
3992841,2015-12-28,6.93,1936,164.608
3992841,2015-12-10,2.98,930,153.738
3992841,2015-11-19,4.89,1403,158.192
7430612,2015-10-16,7.72,2947,162.33
7430612,2015-09-13,22.62,9704,167.21
7430612,2015-08-21,8.24,2901,159.296
7430612,2015-08-15,23.05,9969,162.208
7430612,2015-08-07,9.7,3574,160.032
7430612,2015-07-26,18.85,7786,158.386
7430612,2015-06-11,10.3,4075,150.19
7430612,2015-05-31,27.69,10845,153.632
7430612,2015-05-21,11.11,4351,149.272
7430612,2015-05-10,24.93,9909,152.136
7430612,2015-05-07,10.26,4283,140.506
7430612,2015-04-30,10.99,4580,141.93
7430612,2015-04-29,10.09,3960,161.914
7430612,2015-04-23,7.86,3318,154.096
7430612,2015-04-20,18.58,7800,150.762
7430612,2015-04-12,17.47,7545,145.16
7430612,2015-02-16,12.33,5255,152.192
7430612,2014-11-16,10.24,4155,148.834
2587134,2015-12-11,5.3,1809,153.118
2587134,2015-12-10,5.21,1927,154.32
195134,2015-01-11,18.21,5395,120.486
195134,2014-11-16,22.74,6828,139.312
195134,2014-11-02,13.57,4052,121.038
195134,2014-10-05,21.31,5841,143.19
6641862,2015-10-02,13.3,4624,163.07
6641862,2015-09-12,12.22,4119,165.56
6641862,2015-08-01,10.54,3674,167.95
6641862,2015-06-03,11.2,4566,174.634
6641862,2015-04-24,15.15,5272,163.204
6641862,2015-04-19,13.6,5280,142.11
6641862,2015-04-15,13.63,5243,167.164
6641862,2015-03-24,13.95,4891,165.35
6641862,2015-03-14,10.11,3220,180.376
6641862,2015-03-07,21.19,7704,171.7
6641862,2015-02-25,14.88,6131,164.446
6641862,2015-02-22,9.99,3301,179.306
6641862,2015-02-18,14.9,5980,162.364
6641862,2015-02-07,21.27,8110,170.642
6641862,2015-01-24,13.99,5068,166.726
6641862,2014-12-31,14.05,5568,165.232
6641862,2014-12-27,20.75,7661,161.266
6641862,2014-12-24,10.22,4089,169.06
6641862,2014-12-17,3.13,1130,150.368
6641862,2014-12-15,13.47,5035,157.504
6641862,2014-11-29,13.69,5054,168.242
6641862,2014-10-12,42.59,15437,173.116
6641862,2014-09-26,9.96,3625,169.898
14122572,2014-03-18,21.63,8763,159.846
14122572,2014-02-21,10.82,3962,164.386
14122572,2014-02-06,15.36,6606,158.056
5551642,2013-10-13,43.57,12831,168.514
5551642,2013-06-16,10.64,3116,167.494
5551642,2013-04-17,9.48,2743,159.116
5551642,2013-04-07,21.5,6366,173.424
5551642,2013-01-09,9.48,2734,166.444
5551642,2012-11-25,15.37,4525,176.962
5551642,2012-09-19,17.53,5839,160.85
971189,2015-12-31,19.37,12038,135.862
971189,2015-12-21,12.65,5984,141.58
971189,2015-12-19,10.29,5516,144.21
971189,2015-05-27,16.66,5609,140.848
971189,2015-02-26,12.29,3933,132.47
971189,2015-02-03,13.54,4528,136.562
971189,2015-01-08,12.32,3324,157.062
971189,2014-12-15,12.45,4412,150.546
971189,2014-10-31,9.13,2962,146.25
1477239,2013-10-08,6.77,2222,134.276
1477239,2013-10-02,9.52,2927,145.462
1477239,2013-10-01,10.04,3371,130.206
1477239,2012-11-13,8.82,2705,133.754
1477239,2012-08-17,10.17,3498,128.112
1477239,2012-07-22,8.28,2785,126.926
1477239,2012-04-11,10.78,3451,143.448
1477239,2012-04-04,10.86,3703,147.482
1477239,2012-03-28,9.65,3016,151.488
1477239,2012-03-14,10.11,3258,151.356
9198615,2015-09-05,10.09,5046,164.084
9198615,2015-08-27,4.95,2531,154.422
9198615,2015-07-11,9.61,4890,163.118
9198615,2015-06-24,6.64,3198,160.918
9198615,2015-06-12,7.85,3960,157.004
9198615,2014-12-22,6.19,2929,170.04
9198615,2013-10-27,5.04,2384,167.644
9198615,2013-10-13,5.88,2849,161.972
9198615,2013-10-04,6.65,3436,149.852
9198615,2013-09-24,6.55,3098,165.186
9198615,2013-09-16,4.95,2339,173.332
118377,2015-05-24,21.22,7925,153.7
118377,2015-05-18,6.56,2140,176.862
118377,2015-04-26,6.49,2436,170.858
118377,2015-04-19,6.44,2260,170.378
118377,2015-01-02,6.94,2471,160.496
8107339,2015-11-16,9.29,3007,164.04
8107339,2015-11-08,9.37,2893,147.4
8107339,2015-11-05,3.81,1205,164.32
8107339,2015-10-31,5.11,1609,146.168
8107339,2015-10-20,3.05,1109,141.732
8107339,2015-10-15,9.67,3188,142.606
8107339,2015-10-15,9.67,3189,142.442
8107339,2015-10-13,11.4,3441,151.464
8107339,2015-10-13,11.4,3442,151.35
8107339,2015-10-12,16.16,5198,153.66
8107339,2015-10-12,16.17,5199,153.568
8107339,2015-10-08,12.16,3809,148.686
8107339,2015-10-08,12.16,3810,148.588
8107339,2015-10-07,8.8,2791,144.828
8107339,2015-10-06,14.45,4212,159.934
8107339,2015-10-06,16.4,4870,159.024
8107339,2015-10-05,34.39,11370,140.762
8107339,2015-10-05,34.28,11371,140.708
8107339,2015-10-04,12.89,3923,149.648
8107339,2015-10-04,12.89,3924,149.48
8107339,2015-10-01,9.98,3041,147.286
8107339,2015-10-01,9.98,3042,147.182
8107339,2015-09-30,12.15,3781,144.094
8107339,2015-09-30,12.16,3782,143.958
8107339,2015-09-28,29.15,9484,155.668
8107339,2015-09-28,29.15,9485,155.636
8107339,2015-09-25,11.65,3622,153.39
8107339,2015-09-25,11.66,3623,153.238
8107339,2015-09-22,14.69,4342,160.92
8107339,2015-09-22,17.66,5366,159.86
8107339,2015-09-21,11.36,3567,147.784
8107339,2015-09-21,11.36,3569,147.774
8107339,2015-09-20,33.96,11179,149.986
8107339,2015-09-20,33.97,11180,149.916
8107339,2015-09-17,14.42,4362,163.022
8107339,2015-09-17,17.56,5374,163.748
8107339,2015-09-14,16.12,5076,154.06
8107339,2015-09-14,16.12,5077,153.926
8107339,2015-09-13,9.76,3240,153.12
8107339,2015-09-13,9.76,3241,152.934
8107339,2015-09-08,15.23,4378,155.198
8107339,2015-09-08,15.23,4379,155.082
8107339,2015-09-06,37.98,12985,162.286
8107339,2015-09-06,37.99,12986,162.2
8107339,2015-09-02,10.03,3336,138.274
8107339,2015-09-02,10.04,3337,138.134
8107339,2015-08-31,22.97,6817,158.282
8107339,2015-08-31,26.64,8058,157.612
8107339,2015-08-30,16.43,5376,143.0
8107339,2015-08-30,16.44,5380,142.936
8107339,2015-08-25,18.16,5349,155.984
8107339,2015-08-25,18.16,5350,156.028
8107339,2015-08-23,24.21,8249,143.938
8107339,2015-08-23,24.21,8250,143.936
8107339,2015-08-19,11.55,3378,153.052
8107339,2015-08-19,11.55,3379,152.932
8107339,2015-08-17,16.21,4694,158.326
8107339,2015-08-16,16.48,5341,149.464
8107339,2015-08-16,16.49,5342,149.362
8107339,2015-08-11,16.51,4965,158.11
8107339,2015-08-11,16.55,4966,158.134
8107339,2015-08-10,26.34,9359,148.526
8107339,2015-08-06,9.27,3088,134.51
8107339,2015-08-06,9.28,3089,134.478
8107339,2015-08-06,8.97,2932,136.024
8107339,2015-08-06,8.98,2934,135.976
8107339,2015-08-04,11.24,3319,154.72
8107339,2015-08-04,11.24,3320,154.662
8107339,2015-08-03,16.93,5789,153.42
8107339,2015-08-03,16.96,5790,153.264
8107339,2015-08-02,17.46,5720,153.558
8107339,2015-08-02,17.21,5721,153.6
8107339,2015-07-30,12.13,3670,150.652
8107339,2015-07-30,12.15,3671,150.624
8107339,2015-07-29,9.7,2687,159.652
8107339,2015-07-29,9.7,2688,159.474
8107339,2015-07-27,23.57,7464,150.392
8107339,2015-07-27,23.79,7465,150.438
8107339,2015-07-26,9.84,3184,147.702
8107339,2015-07-26,9.86,3185,147.584
8107339,2015-07-24,9.39,2986,142.972
8107339,2015-07-24,9.39,2987,142.804
8107339,2015-07-22,11.36,3330,151.228
8107339,2015-07-22,11.36,3333,151.1
8107339,2015-07-21,10.41,3153,152.076
8107339,2015-07-21,10.41,3155,151.938
8107339,2015-07-20,22.58,7660,148.064
8107339,2015-07-20,22.58,7661,148.026
8107339,2015-07-19,19.69,6614,147.586
8107339,2015-07-19,19.72,6621,147.402
8107339,2015-07-15,12.92,3807,152.254
8107339,2015-07-15,12.92,3808,152.108
8107339,2015-07-11,18.08,5667,150.096
8107339,2015-07-11,18.08,5668,150.002
8107339,2015-06-30,11.74,3833,143.468
8107339,2015-06-30,11.73,3834,143.43
8107339,2015-06-29,11.35,3420,148.69
8107339,2015-06-29,11.34,3421,148.578
8107339,2015-06-25,9.73,3104,141.628
8107339,2015-06-25,9.76,3105,141.476
8107339,2015-06-23,12.93,4054,153.114
8107339,2015-06-23,12.95,4055,153.01
8107339,2015-06-22,9.97,3139,158.948
8107339,2015-06-22,9.98,3141,158.816
8107339,2015-06-21,16.21,5387,155.618
8107339,2015-06-21,16.21,5388,155.552
8107339,2015-06-18,11.97,3743,152.39
8107339,2015-06-18,12.04,3744,152.314
8107339,2015-06-11,12.1,4025,131.502
8107339,2015-06-11,12.1,4026,131.458
8107339,2015-06-10,10.08,3367,132.252
8107339,2015-06-09,10.24,3400,135.58
8107339,2015-06-09,10.24,3401,135.456
8107339,2015-06-08,12.94,3843,158.686
8107339,2015-06-08,12.95,3844,158.594
8107339,2015-06-08,16.29,5276,144.028
8107339,2015-06-08,16.26,5277,143.964
8107339,2015-06-07,24.28,7996,146.428
8107339,2015-06-07,24.29,7997,146.294
8107339,2015-06-04,12.88,3822,150.928
8107339,2015-06-04,12.88,3823,150.85
8107339,2015-06-02,12.76,3777,161.048
8107339,2015-06-02,12.81,3778,160.92
8107339,2015-05-31,16.87,5140,149.974
8107339,2015-05-31,16.87,5141,149.908
8107339,2015-05-17,11.39,3054,181.446
8107339,2015-05-05,9.99,3383,140.42
8107339,2015-05-05,10.0,3384,140.332
8107339,2015-05-04,9.65,3226,135.358
8107339,2015-05-04,19.38,6411,141.02
8107339,2015-05-04,19.38,6412,140.972
8107339,2015-05-02,12.89,4435,136.294
8107339,2015-04-30,13.11,4495,160.598
8107339,2015-04-27,9.68,3234,137.734
8107339,2015-04-27,13.71,4563,139.354
8107339,2015-04-26,21.18,6690,148.024
8107339,2015-04-24,10.46,3260,150.232
8107339,2015-04-20,9.99,2847,173.898
8107339,2015-04-19,16.92,5616,146.95
8107339,2015-04-15,8.12,2699,150.756
8107339,2015-04-14,10.05,3312,140.754
8107339,2015-04-12,18.34,5766,152.15
8107339,2015-04-07,9.68,3374,138.626
8107339,2015-04-06,11.23,3661,143.556
8107339,2015-04-05,21.8,6649,153.784
8107339,2015-03-31,9.99,3428,151.15
8107339,2015-03-29,13.98,4234,161.464
8107339,2015-03-24,11.3,3619,152.546
8107339,2015-03-23,9.89,3202,150.276
8107339,2015-03-22,23.43,7627,149.17
8107339,2015-03-19,8.82,2986,147.514
8107339,2015-03-15,13.29,4367,140.42
8107339,2015-03-08,9.7,2922,157.778
8107339,2015-03-01,11.67,3718,151.164
8107339,2015-02-23,11.69,3807,146.22
8107339,2015-02-20,10.23,3388,144.034
8107339,2015-02-16,21.2,7052,146.658
8107339,2015-02-13,9.66,2771,163.626
8107339,2015-02-09,22.57,7168,148.306
8107339,2015-01-26,9.67,3315,150.832
8107339,2015-01-25,21.35,6930,148.258
8107339,2015-01-19,12.28,4412,130.626
8107339,2015-01-18,21.12,7027,148.216
8107339,2015-01-12,13.46,4185,148.564
8107339,2015-01-08,9.99,3148,166.192
8107339,2015-01-05,9.99,3154,148.962
8107339,2015-01-04,13.01,3729,160.732
8107339,2014-12-28,10.52,3432,147.808
8107339,2014-12-26,13.32,3606,166.868
8107339,2014-12-22,13.63,4242,159.072
8107339,2014-12-21,16.1,5007,152.828
8107339,2014-12-19,9.75,3287,143.188
8107339,2014-12-15,14.59,4687,153.692
8107339,2014-12-08,9.68,3193,144.03
8107339,2014-11-28,13.69,4370,154.634
8107339,2014-11-24,8.29,2676,158.188
8107339,2014-11-23,16.11,5160,156.802
8107339,2014-11-17,7.73,2594,145.51
8107339,2014-11-16,9.66,3105,152.08
8107339,2014-11-09,18.62,6530,135.304
8107339,2014-11-05,10.52,3497,140.472
8107339,2014-11-02,21.05,6887,149.314
8107339,2014-10-27,14.03,4297,159.642
8107339,2014-10-25,11.81,3709,147.758
8107339,2014-10-16,12.05,3772,146.862
8107339,2014-10-12,29.0,9543,146.266
8107339,2014-10-10,11.34,3839,144.264
8107339,2014-10-06,12.04,3977,135.98
8107339,2014-10-02,16.25,4716,160.434
8107339,2014-09-30,11.26,3654,136.462
8107339,2014-03-31,17.76,5616,161.106
8107339,2014-01-31,9.96,3976,139.444
8107339,2014-01-27,11.0,4085,138.926
8107339,2014-01-19,10.43,3185,162.264
8107339,2014-01-14,7.63,2412,160.598
9338715,2013-09-29,4.38,2590,157.642
9338715,2013-09-25,5.51,2734,157.618
9338715,2013-09-24,3.65,2551,137.456
9338715,2013-08-17,33.62,7079,156.274
11782156,2015-11-25,11.75,4630,155.68
1732973,2014-05-28,6.43,2426,147.248
1732973,2014-05-22,15.11,5431,147.988
1732973,2014-05-13,15.12,5278,171.144
1732973,2014-05-13,15.09,5790,134.658
1732973,2014-05-09,17.41,6607,138.276
1732973,2014-04-09,15.46,5662,135.166
1732973,2014-03-06,14.52,5419,135.122
3365457,2015-03-22,9.93,4482,122.346
3365457,2015-03-21,12.74,5674,121.726
3365457,2015-03-08,11.37,5326,127.53
3365457,2015-03-01,11.03,4754,132.134
3365457,2015-01-25,13.3,5778,131.664
3365457,2015-01-04,14.79,6493,120.952
3365457,2014-11-30,15.82,6900,127.054
3365457,2014-10-25,13.2,5660,133.516
3365457,2014-09-21,16.92,7538,129.292
3365457,2014-07-27,14.3,6405,126.896
3365457,2014-03-30,11.02,4910,131.36
3432842,2015-12-28,17.95,6223,157.272
3432842,2015-10-21,11.36,3344,158.52
3432842,2015-09-26,18.24,5871,162.738
3432842,2015-09-25,7.26,2574,137.954
3432842,2015-09-24,7.23,2598,135.18
3432842,2015-09-21,10.23,2941,174.956
3432842,2015-08-08,5.12,1384,176.098
3432842,2015-08-06,11.84,3743,161.588
3432842,2015-08-04,9.04,3195,152.562
3432842,2015-07-22,14.51,4718,152.104
3432842,2015-07-17,10.98,3276,163.022
3432842,2015-07-15,6.5,1834,161.32
3432842,2015-07-05,12.51,4473,156.72
3432842,2015-06-03,7.49,2346,152.92
3432842,2015-05-31,5.03,1335,177.49
3432842,2015-05-30,10.15,3154,172.178
3432842,2015-05-02,11.19,3632,155.11
3432842,2015-04-26,10.17,2640,174.0
3432842,2015-04-18,11.3,3326,169.332
3432842,2015-04-16,6.53,1856,165.234
3432842,2015-04-08,7.4,2490,157.346
3432842,2015-04-02,5.45,1612,159.1
3432842,2015-03-17,11.81,3396,162.428
3432842,2015-03-14,10.16,2642,173.314
3432842,2015-03-13,11.7,3415,159.258
3432842,2015-02-27,14.69,4542,157.676
3432842,2015-02-25,11.66,3277,160.806
3432842,2015-02-21,15.51,5118,150.186
3432842,2015-01-30,12.37,3669,161.032
3432842,2014-11-13,10.17,3492,155.288
1417260,2015-08-04,7.81,3249,154.61
1417260,2015-05-30,2.56,922,145.506
1417260,2015-03-22,21.24,6685,173.384
1417260,2015-03-03,16.2,5466,160.616
1417260,2015-02-27,8.06,2521,168.97
1417260,2015-02-15,4.19,1287,173.302
1417260,2015-01-30,10.55,3596,166.842
1417260,2015-01-28,8.1,2715,165.572
1417260,2015-01-02,13.35,4821,165.278
8281868,2015-09-13,9.98,3657,178.274
5242117,2015-09-28,12.02,3995,161.52
5242117,2015-09-13,9.07,3001,160.818
5242117,2015-07-06,12.02,4515,150.726
5242117,2015-06-19,8.95,2981,151.312
5242117,2015-06-15,12.01,3906,163.968
5242117,2015-06-11,10.96,3683,161.066
5242117,2015-05-31,13.95,4527,179.67
7425627,2016-01-01,19.92,7920,152.514
7425627,2015-12-31,14.95,6317,152.03
7425627,2015-10-25,10.87,3164,160.156
7425627,2015-09-27,6.77,3522,143.052
7425627,2015-09-13,10.98,4145,169.042
7425627,2015-08-23,21.24,8446,167.316
7425627,2014-08-01,7.0,2437,155.04
7425627,2014-07-25,6.99,2573,158.636
7425627,2014-07-24,7.01,2741,152.352
7425627,2014-07-23,7.22,2546,154.78
7425627,2014-07-22,7.01,2622,154.322
7425627,2014-07-10,6.97,2428,158.044
7425627,2014-07-08,6.99,2564,153.892
10647023,2014-10-05,27.93,7996,143.044
10647023,2014-09-20,18.41,4523,153.282
10647023,2014-09-12,21.02,5793,148.834
10647023,2014-09-05,27.71,8363,132.402
10647023,2014-08-21,24.71,7105,132.502
10647023,2014-08-15,30.51,7023,160.316
109975,2015-07-25,10.43,2627,185.946
109975,2015-06-14,10.95,2580,193.946
109975,2015-05-27,5.55,1830,150.844
1958069,2014-02-24,8.22,2589,149.336
1958069,2014-01-02,14.48,4586,148.258
1958069,2013-10-30,13.35,4026,149.644
1958069,2013-07-15,21.76,7187,142.85
1958069,2013-06-15,10.39,3433,133.718
1958069,2013-05-26,10.74,3407,142.92
1958069,2013-05-23,10.36,3006,150.55
1958069,2013-05-21,7.5,2556,134.336
1958069,2013-04-05,11.17,3474,144.896
82119,2014-02-18,7.0,2756,148.192
2844791,2015-04-01,15.13,4535,148.626
2844791,2015-01-06,11.59,3313,155.904
2844791,2015-01-02,12.53,3602,166.288
2844791,2014-12-28,13.07,3890,159.218
2844791,2014-12-27,9.76,2703,160.268
2844791,2014-12-25,9.72,2777,157.794
2844791,2014-12-23,9.71,2712,161.428
2844791,2014-12-20,8.42,2403,159.63
2844791,2014-12-19,8.58,2413,160.66
2844791,2014-12-17,8.07,2401,161.862
2844791,2014-12-15,8.48,2410,164.026
2844791,2014-10-29,8.55,2400,152.24
2844791,2014-10-02,9.64,2700,148.82
2844791,2014-09-28,19.51,5424,159.162
2844791,2014-09-26,9.17,2699,143.41
2844791,2014-09-13,18.7,5549,154.498
2844791,2014-09-10,12.43,3599,153.684
2844791,2014-09-06,19.66,5633,157.634
2844791,2014-09-03,12.61,3659,152.132
2844791,2014-08-29,14.47,4200,143.434
2844791,2014-08-27,12.47,3601,154.734
2844791,2014-08-23,19.53,5433,162.726
2844791,2014-08-22,15.01,4011,158.014
2844791,2014-08-18,10.13,2722,151.478
2844791,2014-08-16,15.29,4184,154.726
2844791,2014-08-12,14.58,4037,151.428
2844791,2014-08-09,15.17,4168,151.71
2844791,2014-08-05,15.34,4128,178.906
2844791,2014-08-01,11.77,3166,157.812
2844791,2014-07-29,11.22,3073,157.34
2844791,2014-07-25,10.17,2680,164.282
2844791,2014-07-22,10.15,2722,151.336
2844791,2014-07-19,11.25,3070,150.12
2844791,2014-06-28,15.38,3901,162.844
2844791,2014-06-25,16.33,4215,159.914
2844791,2014-06-22,26.74,7405,164.638
2844791,2014-06-20,12.98,3649,144.792
2844791,2014-06-19,19.31,5163,155.482
2844791,2014-06-14,13.26,3658,154.654
2844791,2014-06-06,13.24,3599,152.364
2844791,2014-05-31,24.75,7459,149.856
2844791,2014-05-24,23.34,7034,147.846
2844791,2014-05-24,12.79,3599,151.096
2844791,2014-05-20,12.13,3683,144.326
2844791,2014-05-18,25.23,7449,147.11
2844791,2014-05-17,12.23,3502,145.112
2844791,2014-05-10,19.73,5536,157.65
2844791,2014-04-30,8.63,2401,152.892
2844791,2014-04-25,14.0,3804,152.176
2844791,2014-04-24,17.58,5272,139.498
2844791,2014-04-23,15.1,4175,158.844
2844791,2014-04-19,26.24,7128,159.83
2844791,2014-04-17,9.19,2701,141.166
2844791,2014-04-11,9.4,2704,150.056
2844791,2014-04-04,12.38,3727,141.154
2844791,2014-04-01,11.9,3600,153.55
2844791,2014-03-29,25.96,7337,155.596
2844791,2014-03-29,12.05,3333,156.168
2844791,2014-03-25,10.46,3219,139.87
2844791,2014-03-16,21.65,5104,176.738
2844791,2014-03-14,9.49,2706,147.756
2844791,2014-03-08,25.32,7494,153.352
2844791,2014-03-02,28.61,8154,158.968
2844791,2014-02-28,11.23,3326,143.244
2844791,2014-02-20,29.85,8689,153.112
2844791,2014-02-19,15.45,5094,157.138
2844791,2014-02-13,9.24,2689,149.138
2844791,2014-02-11,8.9,2599,150.662
2844791,2014-02-08,28.23,8280,155.912
2844791,2014-02-06,12.69,3641,155.038
2844791,2014-02-04,10.55,3153,152.25
2844791,2014-02-01,24.65,7367,151.27
2844791,2014-01-31,14.11,3975,158.86
2844791,2014-01-25,18.02,5429,147.918
2844791,2014-01-18,24.57,7337,156.998
2844791,2014-01-18,15.35,4236,160.608
2844791,2014-01-16,13.68,3744,166.062
2844791,2014-01-14,14.96,4366,158.864
2844791,2014-01-11,22.86,7185,155.738
2844791,2014-01-11,15.24,4200,163.634
2844791,2014-01-09,14.26,3935,167.78
2844791,2014-01-03,15.53,4419,166.71
2844791,2014-01-02,10.11,2964,156.242
2844791,2014-01-01,13.35,4050,155.728
2844791,2013-12-31,13.54,4040,159.392
2844791,2013-12-30,13.8,4061,159.464
2844791,2013-12-24,13.25,3698,164.35
2844791,2013-12-21,21.34,6259,161.708
2844791,2013-12-20,10.74,3192,151.826
2844791,2013-12-15,12.02,3626,164.034
2844791,2013-12-03,11.82,3209,170.638
2844791,2013-10-23,13.54,3600,163.172
2844791,2013-10-20,16.21,4316,165.272
2844791,2013-10-18,9.66,2439,166.872
2844791,2013-10-08,13.15,3626,159.068
2844791,2013-10-03,10.88,3001,162.5
2844791,2013-10-01,11.71,3002,170.15
2844791,2013-09-26,10.17,2699,160.39
2844791,2013-09-06,12.23,3141,166.168
2844791,2013-09-04,17.03,4784,159.86
2844791,2013-08-30,10.31,2699,165.278
2844791,2013-08-20,9.47,2716,152.992
2844791,2013-07-12,11.9,2999,167.86
2844791,2013-06-22,13.62,3602,159.474
2844791,2013-06-21,11.06,2880,158.562
2844791,2013-06-07,10.46,2520,160.118
3021311,2015-12-31,11.74,3336,152.86
3021311,2015-12-28,29.52,9782,137.322
3021311,2015-12-17,10.91,3170,154.99
3021311,2015-12-15,10.15,3053,149.262
3021311,2015-12-14,28.16,9028,141.232
3021311,2015-12-10,7.9,2456,144.832
3021311,2015-12-05,10.2,2898,149.524
3021311,2015-11-28,8.7,2739,141.948
3021311,2015-11-24,10.25,3008,152.156
3021311,2015-11-23,20.74,6552,144.012
3021311,2015-10-31,15.46,4747,148.054
3021311,2015-10-24,14.94,4758,142.02
3021311,2015-10-18,16.27,4384,162.674
3021311,2015-09-26,14.69,4379,153.788
3021311,2015-08-18,6.1,2022,147.474
3021311,2015-07-19,21.48,6967,138.006
3021311,2015-07-11,13.53,4059,148.468
3021311,2015-07-01,13.55,4020,155.388
3021311,2015-06-16,13.53,3924,150.872
3021311,2015-06-05,11.59,3193,151.55
3021311,2015-06-03,8.94,2941,135.568
3021311,2015-05-28,12.79,3871,146.908
3021311,2015-05-07,9.84,3098,143.846
3021311,2015-04-30,12.55,3916,146.566
3021311,2015-04-25,28.51,8946,154.4
3021311,2015-04-23,13.69,3885,151.504
3021311,2015-04-19,15.41,5004,145.836
3021311,2015-04-17,12.12,3675,148.518
3021311,2015-04-15,8.88,2928,136.136
3021311,2015-04-08,9.1,2962,144.422
3021311,2015-04-04,22.75,7336,139.468
3021311,2015-04-03,10.23,2887,155.09
3021311,2015-04-01,13.82,3849,154.572
3021311,2015-03-21,9.9,2658,151.584
3021311,2015-03-18,9.63,2654,155.852
3021311,2015-03-14,19.11,6151,146.318
3021311,2015-03-11,10.03,2831,152.958
3021311,2015-03-07,9.91,2824,164.872
3021311,2015-03-05,10.94,3536,142.676
3021311,2015-03-01,18.79,6216,148.094
3021311,2015-02-26,10.91,3712,138.91
3021311,2015-02-25,10.03,2827,154.906
3021311,2015-02-19,9.53,3108,141.138
3021311,2015-02-08,17.15,5021,156.45
3021311,2015-02-05,10.65,3312,139.188
3021311,2015-02-01,13.77,4371,143.806
3021311,2015-01-30,8.9,2624,151.19
3021311,2015-01-29,8.36,2644,146.898
3021311,2015-01-26,10.85,3429,149.698
3021311,2015-01-23,10.27,3295,146.242
3021311,2015-01-22,13.3,3812,141.566
3021311,2015-01-21,9.21,3038,140.88
3021311,2015-01-18,19.1,6354,143.498
3021311,2015-01-16,8.68,2894,147.26
3021311,2015-01-09,10.39,3336,151.13
3021311,2015-01-08,10.21,3333,142.07
3021311,2015-01-07,11.12,3621,141.904
3021311,2014-12-25,11.07,3241,152.964
3021311,2014-12-19,8.71,2783,141.632
3021311,2014-12-18,10.44,3378,147.368
3021311,2014-12-17,10.83,3290,154.496
3021311,2014-12-13,10.06,3023,147.87
3021311,2014-12-08,10.74,3226,150.47
3021311,2014-12-04,13.36,4205,141.908
3021311,2014-12-03,12.38,3869,141.434
3021311,2014-12-01,15.42,4709,141.95
3021311,2014-11-30,18.8,5733,141.964
3021311,2014-11-28,12.02,3606,151.226
3021311,2014-11-27,12.12,3789,143.072
3021311,2014-11-25,12.75,4068,139.32
3021311,2014-11-21,11.51,3615,145.402
3021311,2014-11-14,9.06,2901,140.156
3021311,2014-11-13,10.79,3403,146.508
3021311,2014-11-09,15.09,4635,146.006
3021311,2014-11-08,11.31,3660,142.216
3021311,2014-11-06,11.18,3652,142.718
3021311,2014-11-05,11.79,3704,149.456
3021311,2014-11-03,15.74,4931,141.376
3021311,2014-10-31,13.41,4284,151.312
3021311,2014-10-30,11.62,3788,140.882
3021311,2014-10-25,21.3,6842,144.816
3021311,2014-10-24,10.41,2951,154.098
3021311,2014-10-15,12.12,3851,139.278
3021311,2014-10-01,9.45,2947,147.048
3021311,2014-09-25,9.48,2918,140.0
3021311,2014-09-18,9.46,2809,145.32
3021311,2014-09-09,10.79,3412,142.484
3021311,2014-09-07,31.63,10017,148.654
3021311,2014-09-03,10.45,3177,159.776
3021311,2014-08-29,8.37,2674,162.444
3021311,2014-08-12,13.73,4557,148.238
3021311,2014-08-06,8.87,3012,153.684
3021311,2014-08-04,17.87,6099,155.054
3021311,2014-08-01,8.96,3058,143.682
3021311,2014-07-24,14.55,4669,157.304
3021311,2014-07-20,17.65,5659,142.782
3021311,2014-07-18,9.06,2591,161.224
3021311,2014-07-16,9.0,2713,152.778
3021311,2014-07-10,9.27,2685,156.412
3021311,2014-07-04,10.74,3523,147.898
3021311,2014-07-01,10.75,3552,145.846
3021311,2014-06-19,9.39,2768,150.158
3021311,2014-06-14,14.7,4600,163.478
3021311,2014-06-11,11.08,3390,146.97
3021311,2014-06-06,8.3,2527,163.9
3021311,2014-06-04,10.83,3513,153.808
3021311,2014-05-31,8.14,2592,145.108
3021311,2014-05-29,10.7,3409,148.432
3021311,2014-05-22,10.74,3488,147.104
3021311,2014-05-09,14.78,4222,156.54
3021311,2014-05-06,14.64,4762,143.16
3021311,2014-04-30,14.66,4809,157.156
3021311,2014-04-26,27.32,8647,149.772
3021311,2014-04-18,27.18,8913,152.714
3021311,2014-04-16,14.7,4310,156.748
3021311,2014-04-08,9.2,3125,146.008
3021311,2014-04-05,22.91,6974,154.194
3021311,2014-04-03,13.68,3979,154.134
3021311,2014-03-29,23.92,7420,155.28
3021311,2014-03-27,13.95,4075,159.054
3021311,2014-03-26,8.35,2888,152.162
3021311,2014-03-23,22.93,7222,157.094
3021311,2014-03-21,14.83,4219,161.284
3021311,2014-03-18,8.28,2685,188.706
3021311,2014-03-15,14.19,4623,150.864
3021311,2014-03-09,18.06,6072,152.128
3021311,2014-02-24,18.31,6012,142.474
3021311,2014-02-22,9.7,2632,165.894
3021311,2014-02-16,9.38,2593,158.584
3021311,2014-02-07,8.9,2610,157.058
3021311,2014-02-05,8.9,2698,155.596
3021311,2014-02-03,15.5,5152,151.872
3021311,2014-02-01,8.94,2569,160.36
3021311,2014-01-23,9.37,2819,161.304
3021311,2014-01-18,9.46,2988,148.31
3021311,2014-01-14,10.28,3560,140.354
3021311,2014-01-11,23.03,7488,153.138
3021311,2014-01-08,13.75,4206,158.286
3021311,2014-01-04,8.96,2584,159.508
3021311,2014-01-02,9.32,2675,164.53
3021311,2013-12-29,13.7,4608,149.518
3021311,2013-12-22,18.98,6406,147.806
3021311,2013-12-18,14.36,4400,159.75
3021311,2013-12-16,14.76,4966,145.566
3021311,2013-12-07,14.81,4964,148.01
3021311,2013-12-04,9.07,2936,146.686
3021311,2013-12-01,18.71,6036,154.988
3021311,2013-11-27,13.7,4125,155.476
3021311,2013-11-25,14.87,4964,148.274
3021311,2013-11-14,8.78,2903,161.09
3021311,2013-11-12,11.46,3843,146.252
3021311,2013-11-06,13.72,4035,159.442
3021311,2013-11-04,15.37,5131,148.116
3021311,2013-11-01,9.58,3164,148.312
3021311,2013-10-18,9.09,2967,155.904
3021311,2013-10-16,9.29,3042,145.808
3021311,2013-10-14,9.2,3139,142.632
3021311,2013-10-10,8.89,3202,135.78
3021311,2013-10-02,11.29,3623,142.318
3021311,2013-09-27,10.34,3391,141.284
3021311,2013-09-25,10.96,3527,142.214
3021311,2013-09-19,12.34,4482,136.27
3021311,2013-09-04,8.28,2636,143.748
3021311,2013-08-31,14.34,5291,137.774
3021311,2013-07-30,12.41,4001,145.906
3021311,2013-07-26,20.21,6652,141.536
3021311,2013-07-23,9.39,3046,145.38
3021311,2013-07-20,8.84,2863,141.048
3021311,2013-07-10,8.91,2773,154.112
3021311,2013-06-19,8.81,2892,136.814
3021311,2013-06-13,14.55,4670,141.618
3021311,2013-06-12,10.23,3292,145.12
3021311,2013-06-08,21.44,5959,161.004
3021311,2013-06-01,9.08,2874,141.812
3021311,2013-05-22,12.07,3931,144.25
3021311,2013-05-19,9.98,3540,142.956
3021311,2013-05-15,12.34,4178,144.954
3021311,2013-05-08,13.06,3998,152.574
3021311,2013-04-24,9.04,2918,146.802
3021311,2013-04-18,8.96,2954,142.7
3167841,2015-06-22,11.01,3604,165.682
3167841,2015-05-29,8.04,2702,158.636
3167841,2015-04-26,10.64,3603,162.042
3167841,2015-04-24,8.23,2706,164.022
3167841,2015-02-25,7.93,2643,167.98
3167841,2014-12-21,12.63,4340,157.276
3167841,2014-12-02,7.42,2395,156.908
3167841,2014-11-29,9.96,3275,176.324
3167841,2014-11-09,10.15,3069,174.746
3167841,2014-10-20,14.67,5392,152.056
3167841,2014-10-05,18.02,6546,158.446
2600099,2011-11-13,21.2,6411,145.712
2600099,2011-11-09,8.73,2720,143.33
2600099,2011-11-06,15.9,5312,133.086
2600099,2011-11-02,8.37,2541,144.316
3438751,2015-12-26,10.1,3177,136.728
3438751,2015-12-16,10.13,3068,138.374
3438751,2015-12-09,13.84,3885,144.078
3438751,2015-12-08,5.76,2016,119.976
3438751,2015-12-02,9.95,2951,137.33
3438751,2015-11-30,8.02,2447,134.29
3438751,2015-11-25,8.13,2747,123.654
3438751,2015-11-24,5.09,1803,122.59
3438751,2015-11-17,4.5,1636,113.868
3438751,2015-11-12,13.84,3971,142.214
3438751,2015-11-09,9.48,3252,127.992
3438751,2015-11-05,8.0,2428,136.116
3438751,2015-10-27,5.52,1824,123.396
3438751,2015-10-08,11.64,3594,135.028
3438751,2015-07-11,15.35,4573,145.016
3438751,2015-07-05,10.88,3650,140.536
3438751,2015-06-15,11.89,3650,128.18
3438751,2015-06-12,14.78,4265,152.912
3438751,2015-06-02,3.7,1341,168.254
3438751,2015-05-20,5.87,2079,128.458
3438751,2015-05-18,13.32,3980,139.282
3438751,2015-05-15,8.32,2600,130.844
3438751,2015-05-13,5.62,1934,125.384
3438751,2015-05-11,11.74,3544,147.712
3438751,2015-04-18,9.97,3346,131.95
3438751,2015-04-17,9.9,3215,140.77
3438751,2015-04-12,10.52,3500,114.274
3438751,2015-04-11,8.3,2547,131.734
3438751,2015-04-08,7.26,2297,139.04
3438751,2015-04-02,7.53,2587,121.662
3438751,2015-03-28,8.63,2795,142.742
3438751,2015-03-25,8.9,2695,143.784
3438751,2015-03-24,8.4,2808,132.72
3438751,2015-03-04,7.29,2260,143.222
3438751,2015-02-22,14.86,4794,134.96
3438751,2015-01-29,10.48,3145,144.786
3438751,2015-01-22,6.56,2002,152.046
3438751,2015-01-14,12.59,3684,144.43
3438751,2015-01-10,6.82,2316,136.038
3438751,2015-01-04,10.98,3262,128.064
3438751,2014-12-31,6.28,1966,138.76
3438751,2014-12-26,7.02,2218,131.494
3438751,2014-12-20,8.24,2840,126.998
3438751,2014-12-14,7.19,1981,140.33
3438751,2014-12-13,7.93,2766,125.102
3438751,2014-12-10,11.84,3551,137.756
3438751,2014-12-07,11.93,3531,134.944
3438751,2014-12-03,11.76,3426,140.572
3438751,2014-11-30,12.65,3707,135.762
3438751,2014-11-19,11.8,3377,139.55
3438751,2014-11-16,9.89,3242,123.43
3438751,2014-11-12,11.67,3659,130.248
3438751,2014-10-29,11.35,3616,131.082
8605838,2015-08-21,16.44,5558,142.168
8605838,2015-08-08,22.01,7306,161.164
8605838,2015-08-07,10.75,3683,141.1
8605838,2015-08-01,16.57,5863,141.576
8605838,2015-07-29,15.26,5480,141.684
8605838,2015-07-20,6.04,2416,136.606
8605838,2015-07-18,10.2,4183,137.464
8605838,2014-04-10,8.54,3614,135.436
8605838,2014-03-27,7.07,3003,145.858
8605838,2014-03-25,6.9,3005,141.942
8605838,2014-03-11,5.79,2403,146.842
8605838,2014-03-09,5.64,2404,144.054
8605838,2014-01-08,10.25,4434,141.734
8605838,2014-01-06,6.76,2735,147.474
8605838,2013-12-29,10.38,4273,144.684
8605838,2013-12-27,6.12,2566,142.102
5547218,2015-09-29,8.1,2731,151.048
5547218,2015-06-13,10.17,3126,163.956
5547218,2015-06-06,10.15,3137,152.8
5547218,2015-06-01,10.15,3066,155.696
5547218,2015-05-27,11.15,3449,149.716
5547218,2015-05-25,11.15,3585,147.64
5547218,2015-05-23,10.64,3412,148.884
5547218,2015-05-21,12.41,4451,146.1
5547218,2015-05-14,12.16,4005,147.372
5547218,2015-05-12,12.16,4009,147.156
5547218,2015-05-09,12.15,4097,142.334
5547218,2015-05-08,11.68,4030,145.44
5547218,2015-05-06,11.67,4054,147.06
5547218,2015-05-03,11.14,3791,144.7
5547218,2015-05-02,10.81,3796,146.454
5547218,2015-04-29,10.19,3474,143.856
5547218,2015-04-26,10.12,3679,137.306
5547218,2015-04-25,8.22,2509,156.572
5547218,2015-04-20,8.12,2572,158.694
3191096,2015-12-28,6.4,1801,148.174
3191096,2015-12-14,7.63,2057,162.892
3191096,2015-12-06,42.2,12428,162.45
3191096,2015-12-02,6.43,2037,139.098
3191096,2015-11-29,16.16,4707,149.48
3191096,2015-11-24,16.29,5033,138.304
3191096,2015-10-28,6.63,1883,149.408
3191096,2015-10-21,10.51,3260,140.526
3191096,2015-10-16,7.28,2480,132.916
3191096,2015-10-15,8.02,2355,143.898
3191096,2015-10-14,9.64,2608,150.768
3191096,2015-10-08,16.1,4961,138.278
3191096,2015-10-06,9.64,3222,130.99
3191096,2015-10-03,38.29,11971,142.958
3191096,2015-10-02,8.06,2710,133.0
3191096,2015-10-01,16.13,4864,149.164
3191096,2015-09-30,7.94,2493,147.216
3191096,2015-09-29,10.11,3363,134.814
3191096,2015-09-17,16.11,4983,140.862
3191096,2015-09-13,20.89,5675,161.504
3191096,2015-09-07,9.96,2738,149.454
3191096,2015-09-04,8.03,2676,133.226
3191096,2015-09-03,16.11,4843,149.894
3191096,2015-09-01,9.66,3053,133.614
3191096,2015-08-28,8.05,2728,132.618
3191096,2015-08-27,16.41,4866,147.592
3191096,2015-08-25,8.04,2665,133.086
3191096,2015-08-23,29.11,9208,144.436
3191096,2015-08-21,3.27,1332,128.91
3191096,2015-08-18,6.42,2122,134.78
3191096,2015-08-17,8.08,2698,134.786
3191096,2015-08-15,33.96,10890,144.964
3191096,2015-08-14,8.04,2689,126.372
3191096,2015-08-13,13.31,4057,139.722
3191096,2015-08-11,11.35,3671,133.334
3191096,2015-08-08,27.65,9028,147.072
3191096,2015-08-04,6.43,2135,137.01
3191096,2015-08-03,5.02,1171,172.12
3191096,2015-07-29,33.52,10888,149.984
3191096,2015-07-25,32.29,9925,153.62
3191096,2015-07-23,12.84,4175,135.13
3191096,2015-07-21,5.03,1564,146.9
3191096,2015-07-18,32.03,10976,146.702
3191096,2015-07-15,11.66,3550,148.012
3191096,2015-07-06,9.29,2958,163.628
3191096,2015-06-15,13.29,4208,148.126
3191096,2015-06-12,12.87,3892,146.376
3191096,2015-06-07,24.42,7067,156.824
3191096,2015-06-07,6.46,1941,146.3
3191096,2015-05-29,5.72,1904,131.834
3191096,2015-05-20,10.58,3368,149.086
3191096,2015-05-18,3.32,1034,158.218
3191096,2015-05-03,4.91,1143,171.074
3191096,2015-04-27,10.01,2363,173.666
3191096,2015-04-15,8.22,2375,147.326
3191096,2015-04-13,15.33,4067,161.126
3191096,2015-03-30,25.79,7690,148.31
3191096,2015-03-23,21.09,5794,168.508
3191096,2015-03-18,12.08,3628,149.572
3191096,2015-03-15,19.86,6029,152.804
3191096,2015-03-11,13.08,3656,155.536
3191096,2015-03-08,22.69,7034,150.652
3191096,2015-03-06,11.51,3574,151.524
3191096,2015-02-22,18.1,5335,156.762
3191096,2015-02-16,9.75,2779,160.92
3191096,2015-02-15,21.74,6438,156.788
3191096,2015-02-08,23.47,7346,163.698
3191096,2015-01-28,9.81,3039,161.48
3191096,2015-01-14,8.8,2697,152.208
3191096,2015-01-11,15.25,4822,153.826
3191096,2014-11-22,6.47,1994,159.908
3743021,2015-09-27,23.15,7456,168.834
3743021,2014-07-31,12.11,4295,148.25
3743021,2013-12-08,43.74,13368,163.302
3743021,2013-11-10,30.03,9626,157.68
3743021,2013-11-01,27.37,8820,162.118
3743021,2013-09-28,12.08,3993,156.55
3743021,2013-05-04,11.74,3713,166.484
3743021,2013-04-28,43.02,14589,159.476
3743021,2013-04-07,21.64,6105,167.556
3743021,2013-02-10,21.51,6621,173.102
3743021,2012-12-02,21.68,6204,169.978
3743021,2012-11-11,10.02,2584,181.914
3743021,2012-06-03,10.17,2960,181.52
431375,2015-12-31,10.33,3001,132.57
431375,2015-12-26,17.82,5172,150.99
431375,2015-12-24,7.45,2184,128.404
431375,2015-12-18,15.9,5100,137.95
431375,2015-12-11,6.32,2083,127.218
431375,2015-12-09,15.36,4907,127.17
431375,2015-12-08,9.6,2614,133.578
431375,2015-11-26,13.39,3584,141.158
431375,2015-11-25,15.22,4478,132.842
431375,2015-11-21,23.11,7009,133.806
431375,2015-11-20,6.49,1695,153.746
431375,2015-11-14,18.51,5708,132.648
431375,2015-11-13,6.01,2009,115.326
431375,2015-10-31,22.44,6872,139.262
431375,2015-10-27,10.09,2900,136.624
431375,2015-10-21,13.39,4185,133.014
431375,2015-10-04,9.86,2689,156.072
431375,2015-09-26,21.19,6493,141.158
431375,2015-09-19,26.04,7845,146.558
431375,2015-09-05,18.11,5430,143.678
431375,2015-08-28,2.16,573,153.528
431375,2015-08-14,15.49,4893,133.798
431375,2015-08-02,5.21,1530,146.83
431375,2015-07-29,5.47,1584,153.044
431375,2015-07-18,15.53,4598,145.772
431375,2015-07-15,12.16,3640,140.784
431375,2015-07-11,13.4,3959,146.228
431375,2015-07-01,9.1,2799,139.528
431375,2015-06-14,14.01,4341,135.1
431375,2015-06-10,8.02,2358,135.814
431375,2015-06-08,5.3,1563,130.46
431375,2015-05-24,16.09,4872,142.988
431375,2015-05-21,8.26,2488,134.844
431375,2015-05-19,6.41,1956,124.078
431375,2015-05-14,16.11,4930,150.148
431375,2015-04-28,10.17,2834,142.554
431375,2015-04-25,12.4,3562,149.684
431375,2015-04-24,10.26,2784,153.318
431375,2015-04-18,9.11,2512,152.98
431375,2015-04-16,8.65,2344,153.728
431375,2015-03-25,5.78,1570,148.22
431375,2015-03-17,4.73,1299,143.868
431375,2015-03-01,2.49,711,146.912
431375,2015-01-05,3.16,892,146.088
431375,2014-11-10,15.32,4379,146.014
431375,2014-10-08,6.02,1642,148.246
431375,2014-10-06,5.16,1399,153.93
431375,2014-10-02,5.04,1455,149.868
431375,2014-08-21,5.03,1271,153.366
431375,2014-08-13,13.11,4069,137.454
431375,2014-08-12,7.39,1963,137.228
431375,2014-08-09,16.71,4938,140.144
431375,2014-08-05,11.32,3122,140.752
431375,2014-07-30,10.73,2918,151.452
431375,2014-07-23,12.1,3867,137.934
431375,2014-07-19,13.97,4010,147.278
431375,2014-07-16,12.07,3430,143.112
431375,2014-07-12,15.91,4680,140.51
431375,2014-07-11,11.87,3802,142.468
431375,2014-07-09,6.36,2077,132.638
431375,2014-07-08,8.66,2359,143.594
431375,2014-07-06,7.01,1873,149.434
431375,2014-07-03,4.93,1357,137.808
431375,2014-06-29,4.91,1402,137.904
431375,2014-06-21,2.02,595,124.154
431375,2014-06-13,4.0,948,157.592
431375,2014-06-11,7.58,2730,133.036
431375,2014-06-10,5.22,1409,135.226
431375,2014-06-03,10.67,3074,142.834
431375,2014-05-18,15.06,4069,141.676
431375,2014-04-05,18.45,5706,142.544
